Time,LL_Q,LL_T,LL_C,Regime
115000,     75328145,     75521283,     76518147,xx
125000,     75328145,     75521283,     76518147,xx
135000,     75328145,     75521283,     76518147,xx
225000,    141910377,    153610045,    158806460,xx
235000,    141910377,    153610045,    158806460,xx
245000,    141910377,    153610045,    158806460,xx
335000,    211698175,    229053038,    240874679,xx
345000,    211698175,    229053038,    240874679,xx
355000,    211698175,    229053038,    240874679,xx
445000,    281393725,    312041686,    312267431,xx
455000,    281393725,    312041686,    312267431,xx
465000,    281393725,    312041686,    312267431,xx
555000,    306898047,    393067339,    393617039,xx
565000,    306898047,    393067339,    393617039,xx
575000,    306898047,    393067339,    393617039,xx
665000,    333843982,    466968606,    472995798,xx
675000,    333843982,    466968606,    472995798,xx
685000,    333843982,    466968606,    472995798,xx
775000,    406392453,    514637268,    525004432,xx
785000,    406392453,    514637268,    525004432,xx
795000,    406392453,    514637268,    525004432,xx
885000,    480145106,    596954712,    572910581,xx
895000,    480145106,    596954712,    572910581,xx
905000,    480145106,    596954712,    572910581,xx
995000,    536401019,    672667935,    649823691,xx
1005000,    536401019,    672667935,    649823691,xx
1015000,    536401019,    672667935,    649823691,xx
1105000,    555994387,    708168875,    715295300,xx
1115000,    555994387,    708168875,    715295300,xx
1125000,    555994387,    708168875,    715295300,xx
1215000,    604699118,    792200834,    796296857,xx
1225000,    604699118,    792200834,    796296857,xx
1235000,    604699118,    792200834,    796296857,xx
1325000,    683749195,    842006783,    866152968,xx
1335000,    683749195,    842006783,    866152968,xx
1345000,    683749195,    842006783,    866152968,xx
1435000,    754322200,    921311444,    947966340,xx
1445000,    754322200,    921311444,    947966340,xx
1455000,    754322200,    921311444,    947966340,xx
1545000,    829495396,    974205550,    994669556,xx
1555000,    829495396,    974205550,    994669556,xx
1565000,    829495396,    974205550,    994669556,xx
1655000,    906759742,   1038087873,   1046688538,xx
1665000,    906759742,   1038087873,   1046688538,xx
1675000,    906759742,   1038087873,   1046688538,xx
1765000,    979976080,   1122057690,   1127411782,xx
1775000,    979976080,   1122057690,   1127411782,xx
1785000,    979976080,   1122057690,   1127411782,xx
1875000,   1057704306,   1187690533,   1209707416,xx
1885000,   1057704306,   1187690533,   1209707416,xx
1895000,   1057704306,   1187690533,   1209707416,xx
1985000,   1122766888,   1237435628,   1265183009,xx
1995000,   1122766888,   1237435628,   1265183009,xx
2005000,   1122766888,   1237435628,   1265183009,xx
2095000,   1155431559,   1310869036,   1301740083,xx
2105000,   1155431559,   1310869036,   1301740083,xx
2115000,   1155431559,   1310869036,   1301740083,xx
2205000,   1216447661,   1391968063,   1382359981,xx
2215000,   1216447661,   1391968063,   1382359981,xx
2225000,   1216447661,   1391968063,   1382359981,xx
2315000,   1287729321,   1458544259,   1456605906,xx
2325000,   1287729321,   1458544259,   1456605906,xx
2335000,   1287729321,   1458544259,   1456605906,xx
2425000,   1308478800,   1538565610,   1538068505,xx
2435000,   1308478800,   1538565610,   1538068505,xx
2445000,   1308478800,   1538565610,   1538068505,xx
2535000,   1365129633,   1602839665,   1600702015,xx
2545000,   1365129633,   1602839665,   1600702015,xx
2555000,   1365129633,   1602839665,   1600702015,xx
2645000,   1442694147,   1660253482,   1680348847,xx
2655000,   1442694147,   1660253482,   1680348847,xx
2665000,   1442694147,   1660253482,   1680348847,xx
2755000,   1518677283,   1714274613,   1743991244,xx
2765000,   1518677283,   1714274613,   1743991244,xx
2775000,   1518677283,   1714274613,   1743991244,xx
2865000,   1596888433,   1797262001,   1825649035,xx
2875000,   1596888433,   1797262001,   1825649035,xx
2885000,   1596888433,   1797262001,   1825649035,xx
2975000,   1674535035,   1877111812,   1868350346,xx
2985000,   1674535035,   1877111812,   1868350346,xx
2995000,   1674535035,   1877111812,   1868350346,xx
3085000,   1733951059,   1931163480,   1912444448,xx
3095000,   1733951059,   1931163480,   1912444448,xx
3105000,   1733951059,   1931163480,   1912444448,xx
3195000,   1787860655,   2012112678,   1983180572,xx
3205000,   1787860655,   2012112678,   1983180572,xx
3215000,   1787860655,   2012112678,   1983180572,xx
3305000,   1856911570,   2093784127,   2057096133,xx
3315000,   1856911570,   2093784127,   2057096133,xx
3325000,   1856911570,   2093784127,   2057096133,xx
3415000,   1932168306,   2144213642,   2085461355,xx
3425000,   1932168306,   2144213642,   2085461355,xx
3435000,   1932168306,   2144213642,   2085461355,xx
3525000,   1987174882,   2226959855,   2139168000,xx
3535000,   1987174882,   2226959855,   2139168000,xx
3545000,   1987174882,   2226959855,   2139168000,xx
3635000,   2063258765,   2307119677,   2168044442,xx
3645000,   2063258765,   2307119677,   2168044442,xx
3655000,   2063258765,   2307119677,   2168044442,xx
3745000,   2140230611,   2375604253,   2237908103,xx
3755000,   2140230611,   2375604253,   2237908103,xx
3765000,   2140230611,   2375604253,   2237908103,xx
3855000,   2218451433,   2435547797,   2315449241,xx
3865000,   2218451433,   2435547797,   2315449241,xx
3875000,   2218451433,   2435547797,   2315449241,xx
3965000,   2294591454,   2466408370,   2385827739,xx
3975000,   2294591454,   2466408370,   2385827739,xx
3985000,   2294591454,   2466408370,   2385827739,xx
4075000,   2366686833,   2540065736,   2466949042,xx
4085000,   2366686833,   2540065736,   2466949042,xx
4095000,   2366686833,   2540065736,   2466949042,xx
4185000,   2434152349,   2610124293,   2544271247,xx
4195000,   2434152349,   2610124293,   2544271247,xx
4205000,   2434152349,   2610124293,   2544271247,xx
4295000,   2509021987,   2655610073,   2622282122,xx
4305000,   2509021987,   2655610073,   2622282122,xx
4315000,   2509021987,   2655610073,   2622282122,xx
4405000,   2570181326,   2738122208,   2700811947,xx
4415000,   2570181326,   2738122208,   2700811947,xx
4425000,   2570181326,   2738122208,   2700811947,xx
4515000,   2625674407,   2813591153,   2763639921,xx
4525000,   2625674407,   2813591153,   2763639921,xx
4535000,   2625674407,   2813591153,   2763639921,xx
4625000,   2687878065,   2875589588,   2829947687,xx
4635000,   2687878065,   2875589588,   2829947687,xx
4645000,   2687878065,   2875589588,   2829947687,xx
4735000,   2743800729,   2952187354,   2911706796,xx
4745000,   2743800729,   2952187354,   2911706796,xx
4755000,   2743800729,   2952187354,   2911706796,xx
4845000,   2807528215,   3020898845,   2990988121,xx
4855000,   2807528215,   3020898845,   2990988121,xx
4865000,   2807528215,   3020898845,   2990988121,xx
4955000,   2884271908,   3093966690,   3056725609,xx
4965000,   2884271908,   3093966690,   3056725609,xx
4975000,   2884271908,   3093966690,   3056725609,xx
5065000,   2929551551,   3160994571,   3138130229,xx
5075000,   2929551551,   3160994571,   3138130229,xx
5085000,   2929551551,   3160994571,   3138130229,xx
5175000,   2947283471,   3229069555,   3216763606,xx
5185000,   2947283471,   3229069555,   3216763606,xx
5195000,   2947283471,   3229069555,   3216763606,xx
5285000,   3006449347,   3300688235,   3293209512,xx
5295000,   3006449347,   3300688235,   3293209512,xx
5305000,   3006449347,   3300688235,   3293209512,xx
5395000,   3079338364,   3371235517,   3374189896,xx
5405000,   3079338364,   3371235517,   3374189896,xx
5415000,   3079338364,   3371235517,   3374189896,xx
5505000,   3152404372,   3453150860,   3446461004,xx
5515000,   3152404372,   3453150860,   3446461004,xx
5525000,   3152404372,   3453150860,   3446461004,xx
5615000,   3201447447,   3536946084,   3515943856,xx
5625000,   3201447447,   3536946084,   3515943856,xx
5635000,   3201447447,   3536946084,   3515943856,xx
5725000,   3242959722,   3615107726,   3562167185,xx
5735000,   3242959722,   3615107726,   3562167185,xx
5745000,   3242959722,   3615107726,   3562167185,xx
5835000,   3319630620,   3693905021,   3641781865,xx
5845000,   3319630620,   3693905021,   3641781865,xx
5855000,   3319630620,   3693905021,   3641781865,xx
5945000,   3381628772,   3777854873,   3687952015,xx
5955000,   3381628772,   3777854873,   3687952015,xx
5965000,   3381628772,   3777854873,   3687952015,xx
6055000,   3454167248,   3830082444,   3767730540,xx
6065000,   3454167248,   3830082444,   3767730540,xx
6075000,   3454167248,   3830082444,   3767730540,xx
6165000,   3499574125,   3895042191,   3841407712,xx
6175000,   3499574125,   3895042191,   3841407712,xx
6185000,   3499574125,   3895042191,   3841407712,xx
6275000,   3559901521,   3958837982,   3864471888,xx
6285000,   3559901521,   3958837982,   3864471888,xx
6295000,   3559901521,   3958837982,   3864471888,xx
6385000,   3638806054,   4037883319,   3902000465,xx
6395000,   3638806054,   4037883319,   3902000465,xx
6405000,   3638806054,   4037883319,   3902000465,xx
6495000,   3705967464,   4099191776,   3981640274,xx
6505000,   3705967464,   4099191776,   3981640274,xx
6515000,   3705967464,   4099191776,   3981640274,xx
6605000,   3749601564,   4156741079,   4045847325,xx
6615000,   3749601564,   4156741079,   4045847325,xx
6625000,   3749601564,   4156741079,   4045847325,xx
6715000,   3825427247,   4227638573,   4119388140,xx
6725000,   3825427247,   4227638573,   4119388140,xx
6735000,   3825427247,   4227638573,   4119388140,xx
6825000,   3876973283,   4308106702,   4196450640,xx
6835000,   3876973283,   4308106702,   4196450640,xx
6845000,   3876973283,   4308106702,   4196450640,xx
6935000,   3949792958,   4383885179,   4278242941,xx
6945000,   3949792958,   4383885179,   4278242941,xx
6955000,   3949792958,   4383885179,   4278242941,xx
7045000,   4019730556,   4456331867,   4341587588,xx
7055000,   4019730556,   4456331867,   4341587588,xx
7065000,   4019730556,   4456331867,   4341587588,xx
7155000,   4072834119,   4537871047,   4416429862,xx
7165000,   4072834119,   4537871047,   4416429862,xx
7175000,   4072834119,   4537871047,   4416429862,xx
7265000,   4152016146,   4573344156,   4484782547,xx
7275000,   4152016146,   4573344156,   4484782547,xx
7285000,   4152016146,   4573344156,   4484782547,xx
7375000,   4223740175,   4640377424,   4545792181,xx
7385000,   4223740175,   4640377424,   4545792181,xx
7395000,   4223740175,   4640377424,   4545792181,xx
7485000,   4290241071,   4710139947,   4618753834,xx
7495000,   4290241071,   4710139947,   4618753834,xx
7505000,   4290241071,   4710139947,   4618753834,xx
7595000,   4363500804,   4737403913,   4696128159,xx
7605000,   4363500804,   4737403913,   4696128159,xx
7615000,   4363500804,   4737403913,   4696128159,xx
7705000,   4423602904,   4810393874,   4778642071,xx
7715000,   4423602904,   4810393874,   4778642071,xx
7725000,   4423602904,   4810393874,   4778642071,xx
7815000,   4491794978,   4886351205,   4856362273,xx
7825000,   4491794978,   4886351205,   4856362273,xx
7835000,   4491794978,   4886351205,   4856362273,xx
7925000,   4570845230,   4922673238,   9132950139,xx
7935000,   4570845230,   4922673238,   9132950139,xx
7945000,   4570845230,   4922673238,   9132950139,xx
8035000,   4621393456,   4955351337,   9204404786,xx
8045000,   4621393456,   4955351337,   9204404786,xx
8055000,   4621393456,   4955351337,   9204404786,xx
8145000,   4700282178,   5022492107,   9283946939,xx
8155000,   4700282178,   5022492107,   9283946939,xx
8165000,   4700282178,   5022492107,   9283946939,xx
8255000,   4766305873,   5097392022,   9326985593,xx
8265000,   4766305873,   5097392022,   9326985593,xx
8275000,   4766305873,   5097392022,   9326985593,xx
8365000,   4843559372,   5164931617,   9403302065,xx
8375000,   4843559372,   5164931617,   9403302065,xx
8385000,   4843559372,   5164931617,   9403302065,xx
8475000,   4914817814,   5214575062,   9453742523,xx
8485000,   4914817814,   5214575062,   9453742523,xx
8495000,   4914817814,   5214575062,   9453742523,xx
8585000,   4974619581,   5298447123,   9526824369,xx
8595000,   4974619581,   5298447123,   9526824369,xx
8605000,   4974619581,   5298447123,   9526824369,xx
8695000,   5051737710,   5366792846,   9600176505,xx
8705000,   5051737710,   5366792846,   9600176505,xx
8715000,   5051737710,   5366792846,   9600176505,xx
8805000,   5130471356,   5449629958,   9674356384,xx
8815000,   5130471356,   5449629958,   9674356384,xx
8825000,   5130471356,   5449629958,   9674356384,xx
8915000,   5167581300,   5507603948,   9750400348,xx
8925000,   5167581300,   5507603948,   9750400348,xx
8935000,   5167581300,   5507603948,   9750400348,xx
9025000,   5204457383,   5564682000,   9829989342,xx
9035000,   5204457383,   5564682000,   9829989342,xx
9045000,   5204457383,   5564682000,   9829989342,xx
9135000,   5270705508,   5627223745,   9900137812,xx
9145000,   5270705508,   5627223745,   9900137812,xx
9155000,   5270705508,   5627223745,   9900137812,xx
9245000,   5336584322,   5708105001,   9940311714,xx
9255000,   5336584322,   5708105001,   9940311714,xx
9265000,   5336584322,   5708105001,   9940311714,xx
9355000,   5378101535,   5792137117,   9998744220,xx
9365000,   5378101535,   5792137117,   9998744220,xx
9375000,   5378101535,   5792137117,   9998744220,xx
9465000,   5443216929,   5876187321,  10079341486,xx
9475000,   5443216929,   5876187321,  10079341486,xx
9485000,   5443216929,   5876187321,  10079341486,xx
9575000,   5507263509,   5941211209,  10084638315,xx
9585000,   5507263509,   5941211209,  10084638315,xx
9595000,   5507263509,   5941211209,  10084638315,xx
9685000,   5580322576,   6017677839,  10164931324,xx
9695000,   5580322576,   6017677839,  10164931324,xx
9705000,   5580322576,   6017677839,  10164931324,xx
9795000,   5652588401,   6089132206,  10226309374,xx
9805000,   5652588401,   6089132206,  10226309374,xx
9815000,   5652588401,   6089132206,  10226309374,xx
9905000,   5730313448,   6171874671,  10300570248,xx
9915000,   5730313448,   6171874671,  10300570248,xx
9925000,   5730313448,   6171874671,  10300570248,xx
10015000,   5752856424,   6223152038,  10373399923,xx
10025000,   5752856424,   6223152038,  10373399923,xx
10035000,   5752856424,   6223152038,  10373399923,xx
10125000,   5830027797,   6296488297,  10449977596,xx
10135000,   5830027797,   6296488297,  10449977596,xx
10145000,   5830027797,   6296488297,  10449977596,xx
10235000,   5891499562,   6379445352,  10528090507,xx
10245000,   5891499562,   6379445352,  10528090507,xx
10255000,   5891499562,   6379445352,  10528090507,xx
10345000,   5960329938,   6455505806,  10564556221,xx
10355000,   5960329938,   6455505806,  10564556221,xx
10365000,   5960329938,   6455505806,  10564556221,xx
10455000,   6027648466,   6536641395,  10645004997,xx
10465000,   6027648466,   6536641395,  10645004997,xx
10475000,   6027648466,   6536641395,  10645004997,xx
10565000,   6031059617,   6619321275,  10727521946,xx
10575000,   6031059617,   6619321275,  10727521946,xx
10585000,   6031059617,   6619321275,  10727521946,xx
10675000,   6096411944,   6698035457,  10809959558,xx
10685000,   6096411944,   6698035457,  10809959558,xx
10695000,   6096411944,   6698035457,  10809959558,xx
10785000,   6148742507,  10829715760,  10870528220,xx
10795000,   6148742507,  10829715760,  10870528220,xx
10805000,   6148742507,  10829715760,  10870528220,xx
10895000,   6210764192,  10899520553,  10944598239,xx
10905000,   6210764192,  10899520553,  10944598239,xx
10915000,   6210764192,  10899520553,  10944598239,xx
11005000,   6289770965,  10980281516,  11017084455,xx
11015000,   6289770965,  10980281516,  11017084455,xx
11025000,   6289770965,  10980281516,  11017084455,xx
11115000,   6355697635,  11053431985,  11097629812,xx
11125000,   6355697635,  11053431985,  11097629812,xx
11135000,   6355697635,  11053431985,  11097629812,xx
11225000,   6422102805,  11126788465,  11164136558,xx
11235000,   6422102805,  11126788465,  11164136558,xx
11245000,   6422102805,  11126788465,  11164136558,xx
11335000,   6481166594,  11203845426,  11217406032,xx
11345000,   6481166594,  11203845426,  11217406032,xx
11355000,   6481166594,  11203845426,  11217406032,xx
11445000,   6477363424,  11284940138,  11288349396,xx
11455000,   6477363424,  11284940138,  11288349396,xx
11465000,   6477363424,  11284940138,  11288349396,xx
11555000,   6532231683,  11361763127,  11362292260,xx
11565000,   6532231683,  11361763127,  11362292260,xx
11575000,   6532231683,  11361763127,  11362292260,xx
11665000,   6610701540,  11414860453,  11394003195,xx
11675000,   6610701540,  11414860453,  11394003195,xx
11685000,   6610701540,  11414860453,  11394003195,xx
11775000,   6665988014,  11489416864,  11468064989,xx
11785000,   6665988014,  11489416864,  11468064989,xx
11795000,   6665988014,  11489416864,  11468064989,xx
11885000,   6733251281,  11553502479,  11538523860,xx
11895000,   6733251281,  11553502479,  11538523860,xx
11905000,   6733251281,  11553502479,  11538523860,xx
11995000,   6809396828,  11619019460,  11595092655,xx
12005000,   6809396828,  11619019460,  11595092655,xx
12015000,   6809396828,  11619019460,  11595092655,xx
12105000,   6875699388,  11679505228,  11653953146,xx
12115000,   6875699388,  11679505228,  11653953146,xx
12125000,   6875699388,  11679505228,  11653953146,xx
12215000,   6907447342,  11722704142,  11660838678,xx
12225000,   6907447342,  11722704142,  11660838678,xx
12235000,   6907447342,  11722704142,  11660838678,xx
12325000,   6983466445,  11798266395,  11708429792,xx
12335000,   6983466445,  11798266395,  11708429792,xx
12345000,   6983466445,  11798266395,  11708429792,xx
12435000,   7031133305,  11868526313,  11781768465,xx
12445000,   7031133305,  11868526313,  11781768465,xx
12455000,   7031133305,  11868526313,  11781768465,xx
12545000,   7060604101,  11939550188,  11826598605,xx
12555000,   7060604101,  11939550188,  11826598605,xx
12565000,   7060604101,  11939550188,  11826598605,xx
12655000,   7054856743,  12017812859,  11899855201,xx
12665000,   7054856743,  12017812859,  11899855201,xx
12675000,   7054856743,  12017812859,  11899855201,xx
12765000,   7127572388,  12101004679,  11973584794,xx
12775000,   7127572388,  12101004679,  11973584794,xx
12785000,   7127572388,  12101004679,  11973584794,xx
12875000,   7199456644,  12176190943,  11997872765,xx
12885000,   7199456644,  12176190943,  11997872765,xx
12895000,   7199456644,  12176190943,  11997872765,xx
12985000,   7265843584,  12260103371,  12061147440,xx
12995000,   7265843584,  12260103371,  12061147440,xx
13005000,   7265843584,  12260103371,  12061147440,xx
13095000,   7332409909,  12301358712,  12127938060,xx
13105000,   7332409909,  12301358712,  12127938060,xx
13115000,   7332409909,  12301358712,  12127938060,xx
13205000,   7396251916,  12381797829,  12202211675,xx
13215000,   7396251916,  12381797829,  12202211675,xx
13225000,   7396251916,  12381797829,  12202211675,xx
13315000,   7470738630,  12453672971,  12275888552,xx
13325000,   7470738630,  12453672971,  12275888552,xx
13335000,   7470738630,  12453672971,  12275888552,xx
13425000,   7544020349,  12531552313,  12352138408,xx
13435000,   7544020349,  12531552313,  12352138408,xx
13445000,   7544020349,  12531552313,  12352138408,xx
13535000,   7587574531,  12614999726,  12392571963,xx
13545000,   7587574531,  12614999726,  12392571963,xx
13555000,   7587574531,  12614999726,  12392571963,xx
13645000,   7663265459,  12689782427,  12453552950,xx
13655000,   7663265459,  12689782427,  12453552950,xx
13665000,   7663265459,  12689782427,  12453552950,xx
13755000,   7739651938,  12752877364,  12512300301,xx
13765000,   7739651938,  12752877364,  12512300301,xx
13775000,   7739651938,  12752877364,  12512300301,xx
13865000,   7804140153,  12799692239,  12567397131,xx
13875000,   7804140153,  12799692239,  12567397131,xx
13885000,   7804140153,  12799692239,  12567397131,xx
13975000,   7868209343,  12876093402,  12623116397,xx
13985000,   7868209343,  12876093402,  12623116397,xx
13995000,   7868209343,  12876093402,  12623116397,xx
14085000,   7942721584,  12952300855,  12694938639,xx
14095000,   7942721584,  12952300855,  12694938639,xx
14105000,   7942721584,  12952300855,  12694938639,xx
14195000,   7982392291,  13033029869,  12751566971,xx
14205000,   7982392291,  13033029869,  12751566971,xx
14215000,   7982392291,  13033029869,  12751566971,xx
14305000,   8060136366,  13106100136,  12827740226,xx
14315000,   8060136366,  13106100136,  12827740226,xx
14325000,   8060136366,  13106100136,  12827740226,xx
14415000,   8115775799,  13170736662,  12886590839,xx
14425000,   8115775799,  13170736662,  12886590839,xx
14435000,   8115775799,  13170736662,  12886590839,xx
14525000,   8130780153,  13230732738,  12961712483,xx
14535000,   8130780153,  13230732738,  12961712483,xx
14545000,   8130780153,  13230732738,  12961712483,xx
14635000,   8192188178,  13288132710,  13042835162,xx
14645000,   8192188178,  13288132710,  13042835162,xx
14655000,   8192188178,  13288132710,  13042835162,xx
14745000,   8259481627,  13353166366,  13107388151,xx
14755000,   8259481627,  13353166366,  13107388151,xx
14765000,   8259481627,  13353166366,  13107388151,xx
14855000,   8339026050,  13425464117,  13185289907,xx
14865000,   8339026050,  13425464117,  13185289907,xx
14875000,   8339026050,  13425464117,  13185289907,xx
14965000,   8409962554,  13502659741,  13205550808,xx
14975000,   8409962554,  13502659741,  13205550808,xx
14985000,   8409962554,  13502659741,  13205550808,xx
15075000,   8477679231,  13585686099,  13279433711,xx
15085000,   8477679231,  13585686099,  13279433711,xx
15095000,   8477679231,  13585686099,  13279433711,xx
15185000,   8521999915,  13641379936,  13344315901,xx
15195000,   8521999915,  13641379936,  13344315901,xx
15205000,   8521999915,  13641379936,  13344315901,xx
15295000,   8590072022,  13712346547,  13385747965,xx
15305000,   8590072022,  13712346547,  13385747965,xx
15315000,   8590072022,  13712346547,  13385747965,xx
15405000,   8647568213,  17986920000,  13445201606,xx
15415000,   8647568213,  17986920000,  13445201606,xx
15425000,   8647568213,  17986920000,  13445201606,xx
15515000,   8697703078,  18056051515,  13504900639,xx
15525000,   8697703078,  18056051515,  13504900639,xx
15535000,   8697703078,  18056051515,  13504900639,xx
15625000,   8776491005,  18128725731,  13584194525,xx
15635000,   8776491005,  18128725731,  13584194525,xx
15645000,   8776491005,  18128725731,  13584194525,xx
15735000,   8845900532,  18198384847,  13640917154,xx
15745000,   8845900532,  18198384847,  13640917154,xx
15755000,   8845900532,  18198384847,  13640917154,xx
15845000,   8911761717,  18282414925,  13707285830,xx
15855000,   8911761717,  18282414925,  13707285830,xx
15865000,   8911761717,  18282414925,  13707285830,xx
15955000,   8990965819,  18355029560,  13787435841,xx
15965000,   8990965819,  18355029560,  13787435841,xx
15975000,   8990965819,  18355029560,  13787435841,xx
16065000,   9069478166,  18415759459,  13820785566,xx
16075000,   9069478166,  18415759459,  13820785566,xx
16085000,   9069478166,  18415759459,  13820785566,xx
16175000,   9148046774,  18476348457,  13895298631,xx
16185000,   9148046774,  18476348457,  13895298631,xx
16195000,   9148046774,  18476348457,  13895298631,xx
16285000,   9226800330,  18554718713,  13946017399,xx
16295000,   9226800330,  18554718713,  13946017399,xx
16305000,   9226800330,  18554718713,  13946017399,xx
16395000,   9285991860,  18629589249,  14019443157,xx
16405000,   9285991860,  18629589249,  14019443157,xx
16415000,   9285991860,  18629589249,  14019443157,xx
16505000,   9337025746,  18657806626,  14081848111,xx
16515000,   9337025746,  18657806626,  14081848111,xx
16525000,   9337025746,  18657806626,  14081848111,xx
16615000,   9385918355,  18732116888,  14157867512,xx
16625000,   9385918355,  18732116888,  14157867512,xx
16635000,   9385918355,  18732116888,  14157867512,xx
16725000,   9444407066,  18782046364,  14220949513,xx
16735000,   9444407066,  18782046364,  14220949513,xx
16745000,   9444407066,  18782046364,  14220949513,xx
16835000,   9488389452,  18846454119,  14285609094,xx
16845000,   9488389452,  18846454119,  14285609094,xx
16855000,   9488389452,  18846454119,  14285609094,xx
16945000,   9532899598,  18902249554,  14343091858,xx
16955000,   9532899598,  18902249554,  14343091858,xx
16965000,   9532899598,  18902249554,  14343091858,xx
17055000,   9592848965,  18975647217,  14416259939,xx
17065000,   9592848965,  18975647217,  14416259939,xx
17075000,   9592848965,  18975647217,  14416259939,xx
17165000,   9671343678,  19053218872,  14458353856,xx
17175000,   9671343678,  19053218872,  14458353856,xx
17185000,   9671343678,  19053218872,  14458353856,xx
17275000,   9719114867,  19116875365,  14524800677,xx
17285000,   9719114867,  19116875365,  14524800677,xx
17295000,   9719114867,  19116875365,  14524800677,xx
17385000,   9798600200,  19200935821,  14606577792,xx
17395000,   9798600200,  19200935821,  14606577792,xx
17405000,   9798600200,  19200935821,  14606577792,xx
17495000,   9875004601,  19284822081,  14684236430,xx
17505000,   9875004601,  19284822081,  14684236430,xx
17515000,   9875004601,  19284822081,  14684236430,xx
17605000,   9934479330,  19354824328,  14762309965,xx
17615000,   9934479330,  19354824328,  14762309965,xx
17625000,   9934479330,  19354824328,  14762309965,xx
17715000,  10004922713,  19417794221,  14809527449,xx
17725000,  10004922713,  19417794221,  14809527449,xx
17735000,  10004922713,  19417794221,  14809527449,xx
17825000,  10069917307,  19495806120,  14865454810,xx
17835000,  10069917307,  19495806120,  14865454810,xx
17845000,  10069917307,  19495806120,  14865454810,xx
17935000,  10117795183,  19576823986,  14947830433,xx
17945000,  10117795183,  19576823986,  14947830433,xx
17955000,  10117795183,  19576823986,  14947830433,xx
18045000,  10185264925,  19629529811,  14991508282,xx
18055000,  10185264925,  19629529811,  14991508282,xx
18065000,  10185264925,  19629529811,  14991508282,xx
18155000,  10224706616,  19700204060,  15072458447,xx
18165000,  10224706616,  19700204060,  15072458447,xx
18175000,  10224706616,  19700204060,  15072458447,xx
18265000,  10302129656,  19780337582,  15149777856,xx
18275000,  10302129656,  19780337582,  15149777856,xx
18285000,  10302129656,  19780337582,  15149777856,xx
18375000,  10380416674,  19854274474,  15232263893,xx
18385000,  10380416674,  19854274474,  15232263893,xx
18395000,  10380416674,  19854274474,  15232263893,xx
18485000,  10445338208,  19905104576,  15310477468,xx
18495000,  10445338208,  19905104576,  15310477468,xx
18505000,  10445338208,  19905104576,  15310477468,xx
18595000,  10518683819,  19988195046,  15372518210,xx
18605000,  10518683819,  19988195046,  15372518210,xx
18615000,  10518683819,  19988195046,  15372518210,xx
18705000,  10591464098,  20062623041,  15454980993,xx
18715000,  10591464098,  20062623041,  15454980993,xx
18725000,  10591464098,  20062623041,  15454980993,xx
18815000,  10667695958,  20134584779,  15512966846,xx
18825000,  10667695958,  20134584779,  15512966846,xx
18835000,  10667695958,  20134584779,  15512966846,xx
18925000,  10747314031,  20211811008,  15577830918,xx
18935000,  10747314031,  20211811008,  15577830918,xx
18945000,  10747314031,  20211811008,  15577830918,xx
19035000,  10815819138,  20285402850,  15597569653,xx
19045000,  10815819138,  20285402850,  15597569653,xx
19055000,  10815819138,  20285402850,  15597569653,xx
19145000,  10892340325,  20347291236,  15679707472,xx
19155000,  10892340325,  20347291236,  15679707472,xx
19165000,  10892340325,  20347291236,  15679707472,xx
19255000,  10955600223,  20406598736,  15759548065,xx
19265000,  10955600223,  20406598736,  15759548065,xx
19275000,  10955600223,  20406598736,  15759548065,xx
19365000,  11028529980,  20458038143,  15810623594,xx
19375000,  11028529980,  20458038143,  15810623594,xx
19385000,  11028529980,  20458038143,  15810623594,xx
19475000,  11107026352,  20532391281,  15843038113,xx
19485000,  11107026352,  20532391281,  15843038113,xx
19495000,  11107026352,  20532391281,  15843038113,xx
19585000,  11180355353,  20615601482,  15915177906,xx
19595000,  11180355353,  20615601482,  15915177906,xx
19605000,  11180355353,  20615601482,  15915177906,xx
19695000,  11248974743,  20697113818,  15993640968,xx
19705000,  11248974743,  20697113818,  15993640968,xx
19715000,  11248974743,  20697113818,  15993640968,xx
19805000,  11317342162,  20742859736,  16074244981,xx
19815000,  11317342162,  20742859736,  16074244981,xx
19825000,  11317342162,  20742859736,  16074244981,xx
19915000,  11393310934,  20805287252,  16148225032,xx
19925000,  11393310934,  20805287252,  16148225032,xx
19935000,  11393310934,  20805287252,  16148225032,xx
20025000,  11460734449,  20881778016,  16226647686,xx
20035000,  11460734449,  20881778016,  16226647686,xx
20045000,  11460734449,  20881778016,  16226647686,xx
20135000,  11491204270,  20936995936,  16303992300,xx
20145000,  11491204270,  20936995936,  16303992300,xx
20155000,  11491204270,  20936995936,  16303992300,xx
20245000,  11551366561,  21012378290,  16384518246,xx
20255000,  11551366561,  21012378290,  16384518246,xx
20265000,  11551366561,  21012378290,  16384518246,xx
20355000,  11591757618,  21085957076,  16456280873,xx
20365000,  11591757618,  21085957076,  16456280873,xx
20375000,  11591757618,  21085957076,  16456280873,xx
20465000,  11665800443,  21154787168,  16512107511,xx
20475000,  11665800443,  21154787168,  16512107511,xx
20485000,  11665800443,  21154787168,  16512107511,xx
20575000,  11729218029,  21230083581,  16583281930,xx
20585000,  11729218029,  21230083581,  16583281930,xx
20595000,  11729218029,  21230083581,  16583281930,xx
20685000,  11798126637,  21312832230,  16646161711,xx
20695000,  11798126637,  21312832230,  16646161711,xx
20705000,  11798126637,  21312832230,  16646161711,xx
20795000,  11866493965,  21393847193,  16722485644,xx
20805000,  11866493965,  21393847193,  16722485644,xx
20815000,  11866493965,  21393847193,  16722485644,xx
20905000,  11939072649,  21475586242,  16801932182,xx
20915000,  11939072649,  21475586242,  16801932182,xx
20925000,  11939072649,  21475586242,  16801932182,xx
21015000,  11992039651,  21547709379,  16877776850,xx
21025000,  11992039651,  21547709379,  16877776850,xx
21035000,  11992039651,  21547709379,  16877776850,xx
21125000,  12069861460,  21624584323,  16933515452,xx
21135000,  12069861460,  21624584323,  16933515452,xx
21145000,  12069861460,  21624584323,  16933515452,xx
21235000,  12146530714,  21700827157,  17015252190,xx
21245000,  12146530714,  21700827157,  17015252190,xx
21255000,  12146530714,  21700827157,  17015252190,xx
21345000,  12210012739,  21776622935,  17083540657,xx
21355000,  12210012739,  21776622935,  17083540657,xx
21365000,  12210012739,  21776622935,  17083540657,xx
21455000,  12287381017,  21853889999,  17154769832,xx
21465000,  12287381017,  21853889999,  17154769832,xx
21475000,  12287381017,  21853889999,  17154769832,xx
21565000,  12362845737,  21925589426,  17235359139,xx
21575000,  12362845737,  21925589426,  17235359139,xx
21585000,  12362845737,  21925589426,  17235359139,xx
21675000,  12428339817,  22005229426,  17315631539,xx
21685000,  12428339817,  22005229426,  17315631539,xx
21695000,  12428339817,  22005229426,  17315631539,xx
21785000,  12475776425,  22046295802,  17374163471,xx
21795000,  12475776425,  22046295802,  17374163471,xx
21805000,  12475776425,  22046295802,  17374163471,xx
21895000,  12551581852,  22126471549,  17439501260,xx
21905000,  12551581852,  22126471549,  17439501260,xx
21915000,  12551581852,  22126471549,  17439501260,xx
22005000,  12621595247,  22206847810,  17520272581,xx
22015000,  12621595247,  22206847810,  17520272581,xx
22025000,  12621595247,  22206847810,  17520272581,xx
22115000,  12688645968,  22276122606,  17601851281,xx
22125000,  12688645968,  22276122606,  17601851281,xx
22135000,  12688645968,  22276122606,  17601851281,xx
22225000,  12689979333,  22354480302,  17676194025,xx
22235000,  12689979333,  22354480302,  17676194025,xx
22245000,  12689979333,  22354480302,  17676194025,xx
22335000,  12769610276,  22434657744,  17735779872,xx
22345000,  12769610276,  22434657744,  17735779872,xx
22355000,  12769610276,  22434657744,  17735779872,xx
22445000,  12847386007,  22516812330,  17786997406,xx
22455000,  12847386007,  22516812330,  17786997406,xx
22465000,  12847386007,  22516812330,  17786997406,xx
22555000,  12911005021,  22593770681,  17844213083,xx
22565000,  12911005021,  22593770681,  17844213083,xx
22575000,  12911005021,  22593770681,  17844213083,xx
22665000,  12980270185,  22676616274,  17901673232,xx
22675000,  12980270185,  22676616274,  17901673232,xx
22685000,  12980270185,  22676616274,  17901673232,xx
22775000,  13008400697,  22742181057,  17977435852,xx
22785000,  13008400697,  22742181057,  17977435852,xx
22795000,  13008400697,  22742181057,  17977435852,xx
22885000,  13073401058,  22825593228,  18046486914,xx
22895000,  13073401058,  22825593228,  18046486914,xx
22905000,  13073401058,  22825593228,  18046486914,xx
22995000,  13146845159,  22895821632,  18121300213,xx
23005000,  13146845159,  22895821632,  18121300213,xx
23015000,  13146845159,  22895821632,  18121300213,xx
23105000,  13217126562,  22975869906,  18174153738,xx
23115000,  13217126562,  22975869906,  18174153738,xx
23125000,  13217126562,  22975869906,  18174153738,xx
23215000,  13239478550,  23049711645,  18253899195,xx
23225000,  13239478550,  23049711645,  18253899195,xx
23235000,  13239478550,  23049711645,  18253899195,xx
23325000,  13314174572,  23133568700,  18322336755,xx
23335000,  13314174572,  23133568700,  18322336755,xx
23345000,  13314174572,  23133568700,  18322336755,xx
23435000,  13376904301,  23206182940,  18393161627,xx
23445000,  13376904301,  23206182940,  18393161627,xx
23455000,  13376904301,  23206182940,  18393161627,xx
23545000,  13454003727,  23236877578,  18467030380,xx
23555000,  13454003727,  23236877578,  18467030380,xx
23565000,  13454003727,  23236877578,  18467030380,xx
23655000,  13529062186,  23320628840,  18548205278,xx
23665000,  13529062186,  23320628840,  18548205278,xx
23675000,  13529062186,  23320628840,  18548205278,xx
23765000,  13558058414,  23364053951,  18628861548,xx
23775000,  13558058414,  23364053951,  18628861548,xx
23785000,  13558058414,  23364053951,  18628861548,xx
23875000,  13617522567,  23442684627,  18702547045,xx
23885000,  13617522567,  23442684627,  18702547045,xx
23895000,  13617522567,  23442684627,  18702547045,xx
23985000,  13691580020,  23520093669,  18781716812,xx
23995000,  13691580020,  23520093669,  18781716812,xx
24005000,  13691580020,  23520093669,  18781716812,xx
24095000,  13739154592,  23584285496,  18847239145,xx
24105000,  13739154592,  23584285496,  18847239145,xx
24115000,  13739154592,  23584285496,  18847239145,xx
24205000,  13818259775,  23657704784,  18928750211,xx
24215000,  13818259775,  23657704784,  18928750211,xx
24225000,  13818259775,  23657704784,  18928750211,xx
24315000,  13893817914,  23738366893,  18995843698,xx
24325000,  13893817914,  23738366893,  18995843698,xx
24335000,  13893817914,  23738366893,  18995843698,xx
24425000,  13957530212,  23822254238,  19069870834,xx
24435000,  13957530212,  23822254238,  19069870834,xx
24445000,  13957530212,  23822254238,  19069870834,xx
24535000,  13991861338,  23826628719,  19150514170,xx
24545000,  13991861338,  23826628719,  19150514170,xx
24555000,  13991861338,  23826628719,  19150514170,xx
24645000,  14035009338,  23908520143,  19232805563,xx
24655000,  14035009338,  23908520143,  19232805563,xx
24665000,  14035009338,  23908520143,  19232805563,xx
24755000,  14103277056,  23989783537,  19298581454,xx
24765000,  14103277056,  23989783537,  19298581454,xx
24775000,  14103277056,  23989783537,  19298581454,xx
24865000,  14172141064,  24070227205,  19363532931,xx
24875000,  14172141064,  24070227205,  19363532931,xx
24885000,  14172141064,  24070227205,  19363532931,xx
24975000,  14238642198,  24149926793,  19414049996,xx
24985000,  14238642198,  24149926793,  19414049996,xx
24995000,  14238642198,  24149926793,  19414049996,xx
25085000,  14294937712,  24182286589,  19467334042,xx
25095000,  14294937712,  24182286589,  19467334042,xx
25105000,  14294937712,  24182286589,  19467334042,xx
25195000,  14373915907,  24263067723,  19549790006,xx
25205000,  14373915907,  24263067723,  19549790006,xx
25215000,  14373915907,  24263067723,  19549790006,xx
25305000,  14450947595,  24320132373,  19631777212,xx
25315000,  14450947595,  24320132373,  19631777212,xx
25325000,  14450947595,  24320132373,  19631777212,xx
25415000,  14519984584,  24356416897,  19700959978,xx
25425000,  14519984584,  24356416897,  19700959978,xx
25435000,  14519984584,  24356416897,  19700959978,xx
25525000,  14598026371,  24436657951,  19783173415,xx
25535000,  14598026371,  24436657951,  19783173415,xx
25545000,  14598026371,  24436657951,  19783173415,xx
25635000,  14671685896,  24506520528,  19865714479,xx
25645000,  14671685896,  24506520528,  19865714479,xx
25655000,  14671685896,  24506520528,  19865714479,xx
25745000,  14740351451,  24585065617,  19945864741,xx
25755000,  14740351451,  24585065617,  19945864741,xx
25765000,  14740351451,  24585065617,  19945864741,xx
25855000,  14801441899,  24666829923,  20013386829,xx
25865000,  14801441899,  24666829923,  20013386829,xx
25875000,  14801441899,  24666829923,  20013386829,xx
25965000,  14861057637,  24745932841,  20054589631,xx
25975000,  14861057637,  24745932841,  20054589631,xx
25985000,  14861057637,  24745932841,  20054589631,xx
26075000,  14937906085,  24821953240,  20130241868,xx
26085000,  14937906085,  24821953240,  20130241868,xx
26095000,  14937906085,  24821953240,  20130241868,xx
26185000,  15017725399,  24880119576,  20198558958,xx
26195000,  15017725399,  24880119576,  20198558958,xx
26205000,  15017725399,  24880119576,  20198558958,xx
26295000,  15019908130,  24948808023,  20245239846,xx
26305000,  15019908130,  24948808023,  20245239846,xx
26315000,  15019908130,  24948808023,  20245239846,xx
26405000,  15068179611,  25031993812,  20326151860,xx
26415000,  15068179611,  25031993812,  20326151860,xx
26425000,  15068179611,  25031993812,  20326151860,xx
26515000,  15141156879,  25112120376,  20405923662,xx
26525000,  15141156879,  25112120376,  20405923662,xx
26535000,  15141156879,  25112120376,  20405923662,xx
26625000,  15204500040,  25173234898,  20468390634,xx
26635000,  15204500040,  25173234898,  20468390634,xx
26645000,  15204500040,  25173234898,  20468390634,xx
26735000,  15281270482,  25251349488,  20535201557,xx
26745000,  15281270482,  25251349488,  20535201557,xx
26755000,  15281270482,  25251349488,  20535201557,xx
26845000,  15350275434,  25325947072,  20606337106,xx
26855000,  15350275434,  25325947072,  20606337106,xx
26865000,  15350275434,  25325947072,  20606337106,xx
26955000,  15414003966,  25380488900,  20673703976,xx
26965000,  15414003966,  25380488900,  20673703976,xx
26975000,  15414003966,  25380488900,  20673703976,xx
27065000,  15443611096,  25441803576,  20751045133,xx
27075000,  15443611096,  25441803576,  20751045133,xx
27085000,  15443611096,  25441803576,  20751045133,xx
27175000,  15516141267,  25516407161,  20805520901,xx
27185000,  15516141267,  25516407161,  20805520901,xx
27195000,  15516141267,  25516407161,  20805520901,xx
27285000,  15590110818,  25576358736,  20839112341,xx
27295000,  15590110818,  25576358736,  20839112341,xx
27305000,  15590110818,  25576358736,  20839112341,xx
27395000,  15654071774,  25642258016,  20871038210,xx
27405000,  15654071774,  25642258016,  20871038210,xx
27415000,  15654071774,  25642258016,  20871038210,xx
27505000,  15733551908,  25725588336,  20935241399,xx
27515000,  15733551908,  25725588336,  20935241399,xx
27525000,  15733551908,  25725588336,  20935241399,xx
27615000,  15805815753,  25801037071,  20987409204,xx
27625000,  15805815753,  25801037071,  20987409204,xx
27635000,  15805815753,  25801037071,  20987409204,xx
27725000,  15850774322,  25867030343,  21062961602,xx
27735000,  15850774322,  25867030343,  21062961602,xx
27745000,  15850774322,  25867030343,  21062961602,xx
27835000,  15891241180,  25941673664,  21135282392,xx
27845000,  15891241180,  25941673664,  21135282392,xx
27855000,  15891241180,  25941673664,  21135282392,xx
27945000,  15963486235,  25996598480,  21181718910,xx
27955000,  15963486235,  25996598480,  21181718910,xx
27965000,  15963486235,  25996598480,  21181718910,xx
28055000,  16041702656,  26074283142,  21238134434,xx
28065000,  16041702656,  26074283142,  21238134434,xx
28075000,  16041702656,  26074283142,  21238134434,xx
28165000,  16106396300,  26151001201,  21315177898,xx
28175000,  16106396300,  26151001201,  21315177898,xx
28185000,  16106396300,  26151001201,  21315177898,xx
28275000,  16132611312,  26226022649,  21378172662,xx
28285000,  16132611312,  26226022649,  21378172662,xx
28295000,  16132611312,  26226022649,  21378172662,xx
28385000,  16209681413,  26296809104,  21456732653,xx
28395000,  16209681413,  26296809104,  21456732653,xx
28405000,  16209681413,  26296809104,  21456732653,xx
28495000,  16283113627,  26361488214,  21504309511,xx
28505000,  16283113627,  26361488214,  21504309511,xx
28515000,  16283113627,  26361488214,  21504309511,xx
28605000,  16318508356,  26423153778,  21573576285,xx
28615000,  16318508356,  26423153778,  21573576285,xx
28625000,  16318508356,  26423153778,  21573576285,xx
28715000,  16370402768,  26485996189,  21651824827,xx
28725000,  16370402768,  26485996189,  21651824827,xx
28735000,  16370402768,  26485996189,  21651824827,xx
28825000,  16440223791,  26558706154,  21722379396,xx
28835000,  16440223791,  26558706154,  21722379396,xx
28845000,  16440223791,  26558706154,  21722379396,xx
28935000,  16504351517,  26641100380,  21795155720,xx
28945000,  16504351517,  26641100380,  21795155720,xx
28955000,  16504351517,  26641100380,  21795155720,xx
29045000,  16580783503,  26678535072,  21863300348,xx
29055000,  16580783503,  26678535072,  21863300348,xx
29065000,  16580783503,  26678535072,  21863300348,xx
29155000,  16650225159,  26746696284,  21935012275,xx
29165000,  16650225159,  26746696284,  21935012275,xx
29175000,  16650225159,  26746696284,  21935012275,xx
29265000,  16729575874,  26816977859,  21992092475,xx
29275000,  16729575874,  26816977859,  21992092475,xx
29285000,  16729575874,  26816977859,  21992092475,xx
29375000,  16782786313,  26887675549,  22056134560,xx
29385000,  16782786313,  26887675549,  22056134560,xx
29395000,  16782786313,  26887675549,  22056134560,xx
29485000,  16854329182,  26969499594,  22124558906,xx
29495000,  16854329182,  26969499594,  22124558906,xx
29505000,  16854329182,  26969499594,  22124558906,xx
29595000,  16929075621,  27052187649,  22202927001,xx
29605000,  16929075621,  27052187649,  22202927001,xx
29615000,  16929075621,  27052187649,  22202927001,xx
29705000,  16995950937,  27084924712,  22261502112,xx
29715000,  16995950937,  27084924712,  22261502112,xx
29725000,  16995950937,  27084924712,  22261502112,xx
29815000,  17070440892,  27156210049,  22320171062,xx
29825000,  17070440892,  27156210049,  22320171062,xx
29835000,  17070440892,  27156210049,  22320171062,xx
29925000,  17145265754,  27198628939,  22349130221,xx
29935000,  17145265754,  27198628939,  22349130221,xx
29945000,  17145265754,  27198628939,  22349130221,xx
30035000,  17221719465,  27263917158,  22431144292,xx
30045000,  17221719465,  27263917158,  22431144292,xx
30055000,  17221719465,  27263917158,  22431144292,xx
30145000,  17293973478,  27343325229,  22473932619,xx
30155000,  17293973478,  27343325229,  22473932619,xx
30165000,  17293973478,  27343325229,  22473932619,xx
30255000,  17353470697,  27421830545,  22555007938,xx
30265000,  17353470697,  27421830545,  22555007938,xx
30275000,  17353470697,  27421830545,  22555007938,xx
30365000,  17425358763,  27503887757,  22576720580,xx
30375000,  17425358763,  27503887757,  22576720580,xx
30385000,  17425358763,  27503887757,  22576720580,xx
30475000,  17492829554,  27585815188,  22650439974,xx
30485000,  17492829554,  27585815188,  22650439974,xx
30495000,  17492829554,  27585815188,  22650439974,xx
30585000,  17568745889,  27601315521,  22727563833,xx
30595000,  17568745889,  27601315521,  22727563833,xx
30605000,  17568745889,  27601315521,  22727563833,xx
30695000,  17617360350,  27667674835,  22794452824,xx
30705000,  17617360350,  27667674835,  22794452824,xx
30715000,  17617360350,  27667674835,  22794452824,xx
30805000,  17673800177,  27747789376,  22869162981,xx
30815000,  17673800177,  27747789376,  22869162981,xx
30825000,  17673800177,  27747789376,  22869162981,xx
30915000,  17710256755,  27807093413,  22946731214,xx
30925000,  17710256755,  27807093413,  22946731214,xx
30935000,  17710256755,  27807093413,  22946731214,xx
31025000,  17785745897,  27885629484,  23021098106,xx
31035000,  17785745897,  27885629484,  23021098106,xx
31045000,  17785745897,  27885629484,  23021098106,xx
31135000,  17857802115,  27967886085,  23081532640,xx
31145000,  17857802115,  27967886085,  23081532640,xx
31155000,  17857802115,  27967886085,  23081532640,xx
31245000,  17933704946,  28026190929,  23158038283,xx
31255000,  17933704946,  28026190929,  23158038283,xx
31265000,  17933704946,  28026190929,  23158038283,xx
31355000,  18001390575,  28091449025,  23207617595,xx
31365000,  18001390575,  28091449025,  23207617595,xx
31375000,  18001390575,  28091449025,  23207617595,xx
31465000,  18065259118,  28163376431,  23275768523,xx
31475000,  18065259118,  28163376431,  23275768523,xx
31485000,  18065259118,  28163376431,  23275768523,xx
31575000,  18118974987,  28240240166,  23337420848,xx
31585000,  18118974987,  28240240166,  23337420848,xx
31595000,  18118974987,  28240240166,  23337420848,xx
31685000,  18162433365,  28284589121,  23408561742,xx
31695000,  18162433365,  28284589121,  23408561742,xx
31705000,  18162433365,  28284589121,  23408561742,xx
31795000,  18234973216,  28348922703,  23486649920,xx
31805000,  18234973216,  28348922703,  23486649920,xx
31815000,  18234973216,  28348922703,  23486649920,xx
31905000,  18313311972,  28419531560,  23507594735,xx
31915000,  18313311972,  28419531560,  23507594735,xx
31925000,  18313311972,  28419531560,  23507594735,xx
32015000,  18391568088,  28486955657,  23588462683,xx
32025000,  18391568088,  28486955657,  23588462683,xx
32035000,  18391568088,  28486955657,  23588462683,xx
32125000,  18463371091,  28548847495,  23631620229,xx
32135000,  18463371091,  28548847495,  23631620229,xx
32145000,  18463371091,  28548847495,  23631620229,xx
32235000,  18540847025,  28614076505,  23692154449,xx
32245000,  18540847025,  28614076505,  23692154449,xx
32255000,  18540847025,  28614076505,  23692154449,xx
32345000,  18619571125,  28661073692,  23741614633,xx
32355000,  18619571125,  28661073692,  23741614633,xx
32365000,  18619571125,  28661073692,  23741614633,xx
32455000,  18696898312,  28731423940,  23801537520,xx
32465000,  18696898312,  28731423940,  23801537520,xx
32475000,  18696898312,  28731423940,  23801537520,xx
32565000,  18765099553,  28795776889,  23876725818,xx
32575000,  18765099553,  28795776889,  23876725818,xx
32585000,  18765099553,  28795776889,  23876725818,xx
32675000,  18842266226,  28863683517,  23896860127,xx
32685000,  18842266226,  28863683517,  23896860127,xx
32695000,  18842266226,  28863683517,  23896860127,xx
32785000,  18899625744,  28883290093,  23945275262,xx
32795000,  18899625744,  28883290093,  23945275262,xx
32805000,  18899625744,  28883290093,  23945275262,xx
32895000,  18976954972,  28966029778,  24012693425,xx
32905000,  18976954972,  28966029778,  24012693425,xx
32915000,  18976954972,  28966029778,  24012693425,xx
33005000,  19050838036,  29049351731,  24089506824,xx
33015000,  19050838036,  29049351731,  24089506824,xx
33025000,  19050838036,  29049351731,  24089506824,xx
33115000,  19110989084,  29117147847,  24146287127,xx
33125000,  19110989084,  29117147847,  24146287127,xx
33135000,  19110989084,  29117147847,  24146287127,xx
33225000,  19173747237,  29174428100,  24179713420,xx
33235000,  19173747237,  29174428100,  24179713420,xx
33245000,  19173747237,  29174428100,  24179713420,xx
33335000,  19251594562,  29225994891,  24203840252,xx
33345000,  19251594562,  29225994891,  24203840252,xx
33355000,  19251594562,  29225994891,  24203840252,xx
33445000,  19330487296,  29247825957,  24236078859,xx
33455000,  19330487296,  29247825957,  24236078859,xx
33465000,  19330487296,  29247825957,  24236078859,xx
33555000,  19403305487,  29321065999,  24317175805,xx
33565000,  19403305487,  29321065999,  24317175805,xx
33575000,  19403305487,  29321065999,  24317175805,xx
33665000,  19450448920,  29322828651,  24390758044,xx
33675000,  19450448920,  29322828651,  24390758044,xx
33685000,  19450448920,  29322828651,  24390758044,xx
33775000,  19507246741,  29380788240,  24452731512,xx
33785000,  19507246741,  29380788240,  24452731512,xx
33795000,  19507246741,  29380788240,  24452731512,xx
33885000,  19580151066,  29464052530,  24502966418,xx
33895000,  19580151066,  29464052530,  24502966418,xx
33905000,  19580151066,  29464052530,  24502966418,xx
33995000,  19655417153,  29548216110,  24571927789,xx
34005000,  19655417153,  29548216110,  24571927789,xx
34015000,  19655417153,  29548216110,  24571927789,xx
34105000,  19728851950,  29605801341,  24625441412,xx
34115000,  19728851950,  29605801341,  24625441412,xx
34125000,  19728851950,  29605801341,  24625441412,xx
34215000,  19799643274,  29664283147,  24698035618,xx
34225000,  19799643274,  29664283147,  24698035618,xx
34235000,  19799643274,  29664283147,  24698035618,xx
34325000,  19872536327,  29740476993,  24776065342,xx
34335000,  19872536327,  29740476993,  24776065342,xx
34345000,  19872536327,  29740476993,  24776065342,xx
34435000,  19947727641,  29807552500,  24853382082,xx
34445000,  19947727641,  29807552500,  24853382082,xx
34455000,  19947727641,  29807552500,  24853382082,xx
34545000,  20020001385,  29864290048,  24921008594,xx
34555000,  20020001385,  29864290048,  24921008594,xx
34565000,  20020001385,  29864290048,  24921008594,xx
34655000,  20050079913,  29934131430,  24976304432,xx
34665000,  20050079913,  29934131430,  24976304432,xx
34675000,  20050079913,  29934131430,  24976304432,xx
34765000,  20123093522,  30002243620,  25043956937,xx
34775000,  20123093522,  30002243620,  25043956937,xx
34785000,  20123093522,  30002243620,  25043956937,xx
34875000,  20173609780,  30065861259,  25077709291,xx
34885000,  20173609780,  30065861259,  25077709291,xx
34895000,  20173609780,  30065861259,  25077709291,xx
34985000,  20245152016,  30094648813,  25154771592,xx
34995000,  20245152016,  30094648813,  25154771592,xx
35005000,  20245152016,  30094648813,  25154771592,xx
35095000,  20297431909,  30151046296,  25234496313,xx
35105000,  20297431909,  30151046296,  25234496313,xx
35115000,  20297431909,  30151046296,  25234496313,xx
35205000,  20349490486,  30216644236,  25308153736,xx
35215000,  20349490486,  30216644236,  25308153736,xx
35225000,  20349490486,  30216644236,  25308153736,xx
35315000,  20393989171,  30300551241,  25343774302,xx
35325000,  20393989171,  30300551241,  25343774302,xx
35335000,  20393989171,  30300551241,  25343774302,xx
35425000,  20460675575,  30340091297,  25385380548,xx
35435000,  20460675575,  30340091297,  25385380548,xx
35445000,  20460675575,  30340091297,  25385380548,xx
35535000,  20501150221,  30409373827,  25462896730,xx
35545000,  20501150221,  30409373827,  25462896730,xx
35555000,  20501150221,  30409373827,  25462896730,xx
35645000,  20572045428,  30490867650,  25534464933,xx
35655000,  20572045428,  30490867650,  25534464933,xx
35665000,  20572045428,  30490867650,  25534464933,xx
35755000,  20629836703,  30571388130,  25609735959,xx
35765000,  20629836703,  30571388130,  25609735959,xx
35775000,  20629836703,  30571388130,  25609735959,xx
35865000,  20703812922,  30618150032,  25676724256,xx
35875000,  20703812922,  30618150032,  25676724256,xx
35885000,  20703812922,  30618150032,  25676724256,xx
35975000,  20775934746,  30682582061,  25743412089,xx
35985000,  20775934746,  30682582061,  25743412089,xx
35995000,  20775934746,  30682582061,  25743412089,xx
36085000,  20851923632,  30759638170,  25824179825,xx
36095000,  20851923632,  30759638170,  25824179825,xx
36105000,  20851923632,  30759638170,  25824179825,xx
36195000,  20922964136,  30823744912,  25900154169,xx
36205000,  20922964136,  30823744912,  25900154169,xx
36215000,  20922964136,  30823744912,  25900154169,xx
36305000,  20938744029,  30904106526,  25976971908,xx
36315000,  20938744029,  30904106526,  25976971908,xx
36325000,  20938744029,  30904106526,  25976971908,xx
36415000,  21006136858,  30964857242,  26055224571,xx
36425000,  21006136858,  30964857242,  26055224571,xx
36435000,  21006136858,  30964857242,  26055224571,xx
36525000,  21062654511,  31041835390,  26128330120,xx
36535000,  21062654511,  31041835390,  26128330120,xx
36545000,  21062654511,  31041835390,  26128330120,xx
36635000,  21131870950,  31121373168,  26196204003,xx
36645000,  21131870950,  31121373168,  26196204003,xx
36655000,  21131870950,  31121373168,  26196204003,xx
36745000,  21167872922,  31200360620,  26273272829,xx
36755000,  21167872922,  31200360620,  26273272829,xx
36765000,  21167872922,  31200360620,  26273272829,xx
36855000,  21246530255,  31262557027,  26348040551,xx
36865000,  21246530255,  31262557027,  26348040551,xx
36875000,  21246530255,  31262557027,  26348040551,xx
36965000,  21319088225,  31342596262,  26420436690,xx
36975000,  21319088225,  31342596262,  26420436690,xx
36985000,  21319088225,  31342596262,  26420436690,xx
37075000,  21390818506,  31425618345,  26492761684,xx
37085000,  21390818506,  31425618345,  26492761684,xx
37095000,  21390818506,  31425618345,  26492761684,xx
37185000,  21464799294,  31508320686,  26566913495,xx
37195000,  21464799294,  31508320686,  26566913495,xx
37205000,  21464799294,  31508320686,  26566913495,xx
37295000,  21534553170,  31562146845,  26643154014,xx
37305000,  21534553170,  31562146845,  26643154014,xx
37315000,  21534553170,  31562146845,  26643154014,xx
37405000,  21611263297,  31627489300,  26709663503,xx
37415000,  21611263297,  31627489300,  26709663503,xx
37425000,  21611263297,  31627489300,  26709663503,xx
37515000,  21689813727,  31696542249,  26781225541,xx
37525000,  21689813727,  31696542249,  26781225541,xx
37535000,  21689813727,  31696542249,  26781225541,xx
37625000,  21768188390,  31770703195,  26862260315,xx
37635000,  21768188390,  31770703195,  26862260315,xx
37645000,  21768188390,  31770703195,  26862260315,xx
37735000,  21822541505,  31854069559,  26921542841,xx
37745000,  21822541505,  31854069559,  26921542841,xx
37755000,  21822541505,  31854069559,  26921542841,xx
37845000,  21889717380,  31936545750,  27000265644,xx
37855000,  21889717380,  31936545750,  27000265644,xx
37865000,  21889717380,  31936545750,  27000265644,xx
37955000,  21960256149,  32019113310,  27080613235,xx
37965000,  21960256149,  32019113310,  27080613235,xx
37975000,  21960256149,  32019113310,  27080613235,xx
38065000,  22039303000,  32097294718,  27161607630,xx
38075000,  22039303000,  32097294718,  27161607630,xx
38085000,  22039303000,  32097294718,  27161607630,xx
38175000,  22107661138,  32181440994,  27239015515,xx
38185000,  22107661138,  32181440994,  27239015515,xx
38195000,  22107661138,  32181440994,  27239015515,xx
38285000,  22186568994,  32264266665,  27318715472,xx
38295000,  22186568994,  32264266665,  27318715472,xx
38305000,  22186568994,  32264266665,  27318715472,xx
38395000,  22258276571,  32331318821,  27381972562,xx
38405000,  22258276571,  32331318821,  27381972562,xx
38415000,  22258276571,  32331318821,  27381972562,xx
38505000,  22332416914,  32399490550,  27463543563,xx
38515000,  22332416914,  32399490550,  27463543563,xx
38525000,  22332416914,  32399490550,  27463543563,xx
38615000,  22399574632,  32469420352,  27519630255,xx
38625000,  22399574632,  32469420352,  27519630255,xx
38635000,  22399574632,  32469420352,  27519630255,xx
38725000,  22466598948,  32543010518,  27571765175,xx
38735000,  22466598948,  32543010518,  27571765175,xx
38745000,  22466598948,  32543010518,  27571765175,xx
38835000,  22542977168,  32623314151,  27640994224,xx
38845000,  22542977168,  32623314151,  27640994224,xx
38855000,  22542977168,  32623314151,  27640994224,xx
38945000,  22588691809,  32691433355,  27712423374,xx
38955000,  22588691809,  32691433355,  27712423374,xx
38965000,  22588691809,  32691433355,  27712423374,xx
39055000,  22653504694,  32734679148,  27772092806,xx
39065000,  22653504694,  32734679148,  27772092806,xx
39075000,  22653504694,  32734679148,  27772092806,xx
39165000,  22720620071,  32817163366,  27847855807,xx
39175000,  22720620071,  32817163366,  27847855807,xx
39185000,  22720620071,  32817163366,  27847855807,xx
39275000,  22787907255,  32892511472,  27895352451,xx
39285000,  22787907255,  32892511472,  27895352451,xx
39295000,  22787907255,  32892511472,  27895352451,xx
39385000,  22833372349,  32965982873,  27973483683,xx
39395000,  22833372349,  32965982873,  27973483683,xx
39405000,  22833372349,  32965982873,  27973483683,xx
39495000,  22877496266,  33009873562,  28055458047,xx
39505000,  22877496266,  33009873562,  28055458047,xx
39515000,  22877496266,  33009873562,  28055458047,xx
39605000,  22953459830,  33089956184,  28112811374,xx
39615000,  22953459830,  33089956184,  28112811374,xx
39625000,  22953459830,  33089956184,  28112811374,xx
39715000,  23025274378,  33165704815,  28152506618,xx
39725000,  23025274378,  33165704815,  28152506618,xx
39735000,  23025274378,  33165704815,  28152506618,xx
39825000,  23082122584,  33248836859,  28228887483,xx
39835000,  23082122584,  33248836859,  28228887483,xx
39845000,  23082122584,  33248836859,  28228887483,xx
39935000,  23131091315,  33305661121,  28308213159,xx
39945000,  23131091315,  33305661121,  28308213159,xx
39955000,  23131091315,  33305661121,  28308213159,xx
40045000,  23207737433,  33380218260,  28336671433,xx
40055000,  23207737433,  33380218260,  28336671433,xx
40065000,  23207737433,  33380218260,  28336671433,xx
40155000,  23279059350,  33459582377,  28415252094,xx
40165000,  23279059350,  33459582377,  28415252094,xx
40175000,  23279059350,  33459582377,  28415252094,xx
40265000,  23357431486,  33543575948,  28489964474,xx
40275000,  23357431486,  33543575948,  28489964474,xx
40285000,  23357431486,  33543575948,  28489964474,xx
40375000,  23436858210,  33616902216,  28551070283,xx
40385000,  23436858210,  33616902216,  28551070283,xx
40395000,  23436858210,  33616902216,  28551070283,xx
40485000,  23489543481,  33692454394,  28617602591,xx
40495000,  23489543481,  33692454394,  28617602591,xx
40505000,  23489543481,  33692454394,  28617602591,xx
40595000,  23568278644,  33765620832,  28691424966,xx
40605000,  23568278644,  33765620832,  28691424966,xx
40615000,  23568278644,  33765620832,  28691424966,xx
40705000,  23641814581,  33849736912,  28746813462,xx
40715000,  23641814581,  33849736912,  28746813462,xx
40725000,  23641814581,  33849736912,  28746813462,xx
40815000,  23715242057,  33900189702,  28748504368,xx
40825000,  23715242057,  33900189702,  28748504368,xx
40835000,  23715242057,  33900189702,  28748504368,xx
40925000,  23772806787,  33977905009,  28799252492,xx
40935000,  23772806787,  33977905009,  28799252492,xx
40945000,  23772806787,  33977905009,  28799252492,xx
41035000,  23838955796,  34048842953,  28878774142,xx
41045000,  23838955796,  34048842953,  28878774142,xx
41055000,  23838955796,  34048842953,  28878774142,xx
41145000,  23918706334,  34074829287,  28922021106,xx
41155000,  23918706334,  34074829287,  28922021106,xx
41165000,  23918706334,  34074829287,  28922021106,xx
41255000,  23983100458,  34140933929,  28989647923,xx
41265000,  23983100458,  34140933929,  28989647923,xx
41275000,  23983100458,  34140933929,  28989647923,xx
41365000,  24041975057,  34190529702,  29068555817,xx
41375000,  24041975057,  34190529702,  29068555817,xx
41385000,  24041975057,  34190529702,  29068555817,xx
41475000,  24098369673,  34267096885,  29123019893,xx
41485000,  24098369673,  34267096885,  29123019893,xx
41495000,  24098369673,  34267096885,  29123019893,xx
41585000,  24166878772,  34304545386,  29173798751,xx
41595000,  24166878772,  34304545386,  29173798751,xx
41605000,  24166878772,  34304545386,  29173798751,xx
41695000,  24212840294,  34372748083,  29229526091,xx
41705000,  24212840294,  34372748083,  29229526091,xx
41715000,  24212840294,  34372748083,  29229526091,xx
41805000,  24290720580,  34445891369,  29310723796,xx
41815000,  24290720580,  34445891369,  29310723796,xx
41825000,  24290720580,  34445891369,  29310723796,xx
41915000,  24345480801,  34501997361,  29391489723,xx
41925000,  24345480801,  34501997361,  29391489723,xx
41935000,  24345480801,  34501997361,  29391489723,xx
42025000,  24423336821,  34574133819,  29468345366,xx
42035000,  24423336821,  34574133819,  29468345366,xx
42045000,  24423336821,  34574133819,  29468345366,xx
42135000,  24502501550,  34648912776,  29528209193,xx
42145000,  24502501550,  34648912776,  29528209193,xx
42155000,  24502501550,  34648912776,  29528209193,xx
42245000,  24552524064,  34720054843,  29579409619,xx
42255000,  24552524064,  34720054843,  29579409619,xx
42265000,  24552524064,  34720054843,  29579409619,xx
42355000,  24613716339,  34787578570,  29645824512,xx
42365000,  24613716339,  34787578570,  29645824512,xx
42375000,  24613716339,  34787578570,  29645824512,xx
42465000,  24691307427,  34864555677,  29714310503,xx
42475000,  24691307427,  34864555677,  29714310503,xx
42485000,  24691307427,  34864555677,  29714310503,xx
42575000,  24767084474,  34921848193,  29785287195,xx
42585000,  24767084474,  34921848193,  29785287195,xx
42595000,  24767084474,  34921848193,  29785287195,xx
42685000,  24845837540,  34988190385,  29821670118,xx
42695000,  24845837540,  34988190385,  29821670118,xx
42705000,  24845837540,  34988190385,  29821670118,xx
42795000,  24923593432,  35062363851,  29880882717,xx
42805000,  24923593432,  35062363851,  29880882717,xx
42815000,  24923593432,  35062363851,  29880882717,xx
42905000,  24969753092,  35139910752,  29958101952,xx
42915000,  24969753092,  35139910752,  29958101952,xx
42925000,  24969753092,  35139910752,  29958101952,xx
43015000,  25045818254,  35222711412,  30029520977,xx
43025000,  25045818254,  35222711412,  30029520977,xx
43035000,  25045818254,  35222711412,  30029520977,xx
43125000,  25113727482,  35278612902,  30089324061,xx
43135000,  25113727482,  35278612902,  30089324061,xx
43145000,  25113727482,  35278612902,  30089324061,xx
43235000,  25187182570,  35347595094,  30168140356,xx
43245000,  25187182570,  35347595094,  30168140356,xx
43255000,  25187182570,  35347595094,  30168140356,xx
43345000,  25258363414,  35416909505,  30223895975,xx
43355000,  25258363414,  35416909505,  30223895975,xx
43365000,  25258363414,  35416909505,  30223895975,xx
43455000,  25332935182,  35469482347,  30246799308,xx
43465000,  25332935182,  35469482347,  30246799308,xx
43475000,  25332935182,  35469482347,  30246799308,xx
43565000,  25405793431,  35550656199,  30319472206,xx
43575000,  25405793431,  35550656199,  30319472206,xx
43585000,  25405793431,  35550656199,  30319472206,xx
43675000,  25434939607,  35625378956,  30398607305,xx
43685000,  25434939607,  35625378956,  30398607305,xx
43695000,  25434939607,  35625378956,  30398607305,xx
43785000,  25510868817,  35706929696,  30450048259,xx
43795000,  25510868817,  35706929696,  30450048259,xx
43805000,  25510868817,  35706929696,  30450048259,xx
43895000,  25530733697,  35759371586,  30528846850,xx
43905000,  25530733697,  35759371586,  30528846850,xx
43915000,  25530733697,  35759371586,  30528846850,xx
44005000,  25592329126,  35822880590,  30605412768,xx
44015000,  25592329126,  35822880590,  30605412768,xx
44025000,  25592329126,  35822880590,  30605412768,xx
44115000,  25653962615,  35902585539,  30668969380,xx
44125000,  25653962615,  35902585539,  30668969380,xx
44135000,  25653962615,  35902585539,  30668969380,xx
44225000,  25720721824,  35980563684,  30751353239,xx
44235000,  25720721824,  35980563684,  30751353239,xx
44245000,  25720721824,  35980563684,  30751353239,xx
44335000,  25799349858,  36063823947,  30813519755,xx
44345000,  25799349858,  36063823947,  30813519755,xx
44355000,  25799349858,  36063823947,  30813519755,xx
44445000,  25861423971,  36101790248,  30878118605,xx
44455000,  25861423971,  36101790248,  30878118605,xx
44465000,  25861423971,  36101790248,  30878118605,xx
44555000,  25898835489,  36185035006,  30955542563,xx
44565000,  25898835489,  36185035006,  30955542563,xx
44575000,  25898835489,  36185035006,  30955542563,xx
44665000,  25974909681,  36252671792,  31031867887,xx
44675000,  25974909681,  36252671792,  31031867887,xx
44685000,  25974909681,  36252671792,  31031867887,xx
44775000,  26006661678,  36331494782,  31107706451,xx
44785000,  26006661678,  36331494782,  31107706451,xx
44795000,  26006661678,  36331494782,  31107706451,xx
44885000,  26073104859,  36404589178,  35391139224,xx
44895000,  26073104859,  36404589178,  35391139224,xx
44905000,  26073104859,  36404589178,  35391139224,xx
44995000,  26134526012,  36484238066,  35458555393,xx
45005000,  26134526012,  36484238066,  35458555393,xx
45015000,  26134526012,  36484238066,  35458555393,xx
45105000,  26211211126,  36549728171,  35522611524,xx
45115000,  26211211126,  36549728171,  35522611524,xx
45125000,  26211211126,  36549728171,  35522611524,xx
45215000,  26282923416,  36606626630,  35564531135,xx
45225000,  26282923416,  36606626630,  35564531135,xx
45235000,  26282923416,  36606626630,  35564531135,xx
45325000,  26362051816,  36681879612,  35641334284,xx
45335000,  26362051816,  36681879612,  35641334284,xx
45345000,  26362051816,  36681879612,  35641334284,xx
45435000,  26414552962,  36741677816,  35723059833,xx
45445000,  26414552962,  36741677816,  35723059833,xx
45455000,  26414552962,  36741677816,  35723059833,xx
45545000,  26486392429,  36784739614,  35790747355,xx
45555000,  26486392429,  36784739614,  35790747355,xx
45565000,  26486392429,  36784739614,  35790747355,xx
45655000,  26560663646,  36797558068,  35844137680,xx
45665000,  26560663646,  36797558068,  35844137680,xx
45675000,  26560663646,  36797558068,  35844137680,xx
45765000,  26618424794,  36875448405,  35923846033,xx
45775000,  26618424794,  36875448405,  35923846033,xx
45785000,  26618424794,  36875448405,  35923846033,xx
45875000,  26674467001,  36952533284,  35989737173,xx
45885000,  26674467001,  36952533284,  35989737173,xx
45895000,  26674467001,  36952533284,  35989737173,xx
45985000,  26744896843,  36999472148,  36057581399,xx
45995000,  26744896843,  36999472148,  36057581399,xx
46005000,  26744896843,  36999472148,  36057581399,xx
46095000,  26795938490,  37070912750,  36137292376,xx
46105000,  26795938490,  37070912750,  36137292376,xx
46115000,  26795938490,  37070912750,  36137292376,xx
46205000,  26869481298,  37131964195,  36184476010,xx
46215000,  26869481298,  37131964195,  36184476010,xx
46225000,  26869481298,  37131964195,  36184476010,xx
46315000,  26943865545,  37209167772,  36251729514,xx
46325000,  26943865545,  37209167772,  36251729514,xx
46335000,  26943865545,  37209167772,  36251729514,xx
46425000,  26967503567,  37254618198,  36306672191,xx
46435000,  26967503567,  37254618198,  36306672191,xx
46445000,  26967503567,  37254618198,  36306672191,xx
46535000,  26990454780,  37327639249,  36388293389,xx
46545000,  26990454780,  37327639249,  36388293389,xx
46555000,  26990454780,  37327639249,  36388293389,xx
46645000,  27069136141,  37404305430,  36456405091,xx
46655000,  27069136141,  37404305430,  36456405091,xx
46665000,  27069136141,  37404305430,  36456405091,xx
46755000,  27148361373,  37487100234,  36536502184,xx
46765000,  27148361373,  37487100234,  36536502184,xx
46775000,  27148361373,  37487100234,  36536502184,xx
46865000,  27190200949,  37567409606,  36617511470,xx
46875000,  27190200949,  37567409606,  36617511470,xx
46885000,  27190200949,  37567409606,  36617511470,xx
46975000,  27251540063,  37637043733,  36698570546,xx
46985000,  27251540063,  37637043733,  36698570546,xx
46995000,  27251540063,  37637043733,  36698570546,xx
47085000,  27325697718,  37718194765,  36774561790,xx
47095000,  27325697718,  37718194765,  36774561790,xx
47105000,  27325697718,  37718194765,  36774561790,xx
47195000,  27367496057,  37792857230,  36852347411,xx
47205000,  27367496057,  37792857230,  36852347411,xx
47215000,  27367496057,  37792857230,  36852347411,xx
47305000,  27427484264,  37874524025,  36925612360,xx
47315000,  27427484264,  37874524025,  36925612360,xx
47325000,  27427484264,  37874524025,  36925612360,xx
47415000,  27503339970,  37936968526,  37005078410,xx
47425000,  27503339970,  37936968526,  37005078410,xx
47435000,  27503339970,  37936968526,  37005078410,xx
47525000,  27556481500,  38017576302,  37086284539,xx
47535000,  27556481500,  38017576302,  37086284539,xx
47545000,  27556481500,  38017576302,  37086284539,xx
47635000,  27632858781,  38075458689,  37161480957,xx
47645000,  27632858781,  38075458689,  37161480957,xx
47655000,  27632858781,  38075458689,  37161480957,xx
47745000,  27683067195,  38127410623,  37241537326,xx
47755000,  27683067195,  38127410623,  37241537326,xx
47765000,  27683067195,  38127410623,  37241537326,xx
47855000,  27742666853,  38210064148,  37317584818,xx
47865000,  27742666853,  38210064148,  37317584818,xx
47875000,  27742666853,  38210064148,  37317584818,xx
47965000,  27821084713,  38273037491,  37393557480,xx
47975000,  27821084713,  38273037491,  37393557480,xx
47985000,  27821084713,  38273037491,  37393557480,xx
48075000,  27875866699,  38345630806,  37470854941,xx
48085000,  27875866699,  38345630806,  37470854941,xx
48095000,  27875866699,  38345630806,  37470854941,xx
48185000,  27950176718,  38418883450,  37540867074,xx
48195000,  27950176718,  38418883450,  37540867074,xx
48205000,  27950176718,  38418883450,  37540867074,xx
48295000,  28022960158,  38480892604,  37607709675,xx
48305000,  28022960158,  38480892604,  37607709675,xx
48315000,  28022960158,  38480892604,  37607709675,xx
48405000,  28084737104,  38558258835,  37643498945,xx
48415000,  28084737104,  38558258835,  37643498945,xx
48425000,  28084737104,  38558258835,  37643498945,xx
48515000,  28147011644,  38636904004,  37721596636,xx
48525000,  28147011644,  38636904004,  37721596636,xx
48535000,  28147011644,  38636904004,  37721596636,xx
48625000,  28222070329,  38688890077,  37774699068,xx
48635000,  28222070329,  38688890077,  37774699068,xx
48645000,  28222070329,  38688890077,  37774699068,xx
48735000,  28296130758,  38746375339,  37856897426,xx
48745000,  28296130758,  38746375339,  37856897426,xx
48755000,  28296130758,  38746375339,  37856897426,xx
48845000,  28374329793,  38819629477,  37937724418,xx
48855000,  28374329793,  38819629477,  37937724418,xx
48865000,  28374329793,  38819629477,  37937724418,xx
48955000,  28389313313,  38863079064,  37993598175,xx
48965000,  28389313313,  38863079064,  37993598175,xx
48975000,  28389313313,  38863079064,  37993598175,xx
49065000,  28449954663,  38945888596,  38067180923,xx
49075000,  28449954663,  38945888596,  38067180923,xx
49085000,  28449954663,  38945888596,  38067180923,xx
49175000,  28527393076,  39023940777,  38096040037,xx
49185000,  28527393076,  39023940777,  38096040037,xx
49195000,  28527393076,  39023940777,  38096040037,xx
49285000,  28554865016,  39102290092,  38170860423,xx
49295000,  28554865016,  39102290092,  38170860423,xx
49305000,  28554865016,  39102290092,  38170860423,xx
49395000,  28630685693,  39171975366,  38252957753,xx
49405000,  28630685693,  39171975366,  38252957753,xx
49415000,  28630685693,  39171975366,  38252957753,xx
49505000,  28702729745,  39205898602,  38281934181,xx
49515000,  28702729745,  39205898602,  38281934181,xx
49525000,  28702729745,  39205898602,  38281934181,xx
49615000,  28747721146,  39275574186,  38355317049,xx
49625000,  28747721146,  39275574186,  38355317049,xx
49635000,  28747721146,  39275574186,  38355317049,xx
49725000,  28810289688,  39352027293,  38409921697,xx
49735000,  28810289688,  39352027293,  38409921697,xx
49745000,  28810289688,  39352027293,  38409921697,xx
49835000,  28889740591,  39413592757,  38438782411,xx
49845000,  28889740591,  39413592757,  38438782411,xx
49855000,  28889740591,  39413592757,  38438782411,xx
49945000,  28959721428,  39495430712,  38490929787,xx
49955000,  28959721428,  39495430712,  38490929787,xx
49965000,  28959721428,  39495430712,  38490929787,xx
50055000,  29033884190,  39576614187,  38565564431,xx
50065000,  29033884190,  39576614187,  38565564431,xx
50075000,  29033884190,  39576614187,  38565564431,xx
50165000,  29095642721,  39633239052,  38642647162,xx
50175000,  29095642721,  39633239052,  38642647162,xx
50185000,  29095642721,  39633239052,  38642647162,xx
50275000,  29173333972,  39694908947,  38712352193,xx
50285000,  29173333972,  39694908947,  38712352193,xx
50295000,  29173333972,  39694908947,  38712352193,xx
50385000,  29223180932,  39760501052,  38781382007,xx
50395000,  29223180932,  39760501052,  38781382007,xx
50405000,  29223180932,  39760501052,  38781382007,xx
50495000,  29283903450,  39821118558,  38852297341,xx
50505000,  29283903450,  39821118558,  38852297341,xx
50515000,  29283903450,  39821118558,  38852297341,xx
50605000,  29356521335,  39901607989,  38933979878,xx
50615000,  29356521335,  39901607989,  38933979878,xx
50625000,  29356521335,  39901607989,  38933979878,xx
50715000,  29390124501,  39945311079,  38959287342,xx
50725000,  29390124501,  39945311079,  38959287342,xx
50735000,  29390124501,  39945311079,  38959287342,xx
50825000,  29442527532,  40017975141,  38986226753,xx
50835000,  29442527532,  40017975141,  38986226753,xx
50845000,  29442527532,  40017975141,  38986226753,xx
50935000,  29493968590,  40087274766,  39046790676,xx
50945000,  29493968590,  40087274766,  39046790676,xx
50955000,  29493968590,  40087274766,  39046790676,xx
51045000,  29559074985,  40165586635,  39119359054,xx
51055000,  29559074985,  40165586635,  39119359054,xx
51065000,  29559074985,  40165586635,  39119359054,xx
51155000,  29636188981,  40236152239,  39201139021,xx
51165000,  29636188981,  40236152239,  39201139021,xx
51175000,  29636188981,  40236152239,  39201139021,xx
51265000,  29703901510,  40312070508,  39253029390,xx
51275000,  29703901510,  40312070508,  39253029390,xx
51285000,  29703901510,  40312070508,  39253029390,xx
51375000,  29773144973,  40388839735,  39323911564,xx
51385000,  29773144973,  40388839735,  39323911564,xx
51395000,  29773144973,  40388839735,  39323911564,xx
51485000,  29808806633,  40470570052,  39392310884,xx
51495000,  29808806633,  40470570052,  39392310884,xx
51505000,  29808806633,  40470570052,  39392310884,xx
51595000,  29872672808,  40553634854,  39464980478,xx
51605000,  29872672808,  40553634854,  39464980478,xx
51615000,  29872672808,  40553634854,  39464980478,xx
51705000,  29922017813,  40616168827,  39545951819,xx
51715000,  29922017813,  40616168827,  39545951819,xx
51725000,  29922017813,  40616168827,  39545951819,xx
51815000,  29986773511,  40688933067,  39624635220,xx
51825000,  29986773511,  40688933067,  39624635220,xx
51835000,  29986773511,  40688933067,  39624635220,xx
51925000,  30065330169,  40760080430,  39699736039,xx
51935000,  30065330169,  40760080430,  39699736039,xx
51945000,  30065330169,  40760080430,  39699736039,xx
52035000,  30138824676,  40837900606,  39780167794,xx
52045000,  30138824676,  40837900606,  39780167794,xx
52055000,  30138824676,  40837900606,  39780167794,xx
52145000,  30215997019,  40907581951,  39862523795,xx
52155000,  30215997019,  40907581951,  39862523795,xx
52165000,  30215997019,  40907581951,  39862523795,xx
52255000,  30250088847,  40982657210,  39896228691,xx
52265000,  30250088847,  40982657210,  39896228691,xx
52275000,  30250088847,  40982657210,  39896228691,xx
52365000,  30320764960,  41002086797,  39975992702,xx
52375000,  30320764960,  41002086797,  39975992702,xx
52385000,  30320764960,  41002086797,  39975992702,xx
52475000,  30386842118,  41032386142,  40054728138,xx
52485000,  30386842118,  41032386142,  40054728138,xx
52495000,  30386842118,  41032386142,  40054728138,xx
52585000,  30465431610,  41067799705,  40133752450,xx
52595000,  30465431610,  41067799705,  40133752450,xx
52605000,  30465431610,  41067799705,  40133752450,xx
52695000,  30504398371,  41144591427,  40180946560,xx
52705000,  30504398371,  41144591427,  40180946560,xx
52715000,  30504398371,  41144591427,  40180946560,xx
52805000,  30560341460,  41226830145,  40262181016,xx
52815000,  30560341460,  41226830145,  40262181016,xx
52825000,  30560341460,  41226830145,  40262181016,xx
52915000,  30625409326,  41276217794,  40331316084,xx
52925000,  30625409326,  41276217794,  40331316084,xx
52935000,  30625409326,  41276217794,  40331316084,xx
53025000,  30694116481,  41355752967,  40410824868,xx
53035000,  30694116481,  41355752967,  40410824868,xx
53045000,  30694116481,  41355752967,  40410824868,xx
53135000,  30772824399,  41427885484,  40469401628,xx
53145000,  30772824399,  41427885484,  40469401628,xx
53155000,  30772824399,  41427885484,  40469401628,xx
53245000,  30806900660,  41488926284,  40540048856,xx
53255000,  30806900660,  41488926284,  40540048856,xx
53265000,  30806900660,  41488926284,  40540048856,xx
53355000,  30836666880,  41551556798,  40607579348,xx
53365000,  30836666880,  41551556798,  40607579348,xx
53375000,  30836666880,  41551556798,  40607579348,xx
53465000,  30916253794,  41635718625,  40639654993,xx
53475000,  30916253794,  41635718625,  40639654993,xx
53485000,  30916253794,  41635718625,  40639654993,xx
53575000,  30959231876,  41668569080,  40691466566,xx
53585000,  30959231876,  41668569080,  40691466566,xx
53595000,  30959231876,  41668569080,  40691466566,xx
53685000,  31028486727,  41726656350,  40738942453,xx
53695000,  31028486727,  41726656350,  40738942453,xx
53705000,  31028486727,  41726656350,  40738942453,xx
53795000,  31104790395,  41806511509,  40784922361,xx
53805000,  31104790395,  41806511509,  40784922361,xx
53815000,  31104790395,  41806511509,  40784922361,xx
53905000,  31171971712,  41889079109,  40861470215,xx
53915000,  31171971712,  41889079109,  40861470215,xx
53925000,  31171971712,  41889079109,  40861470215,xx
54015000,  31249633718,  41972964665,  40936408440,xx
54025000,  31249633718,  41972964665,  40936408440,xx
54035000,  31249633718,  41972964665,  40936408440,xx
54125000,  31315145668,  42021753992,  41016657816,xx
54135000,  31315145668,  42021753992,  41016657816,xx
54145000,  31315145668,  42021753992,  41016657816,xx
54235000,  31362596194,  42101392086,  41096216466,xx
54245000,  31362596194,  42101392086,  41096216466,xx
54255000,  31362596194,  42101392086,  41096216466,xx
54345000,  31427397442,  42166502948,  41119147750,xx
54355000,  31427397442,  42166502948,  41119147750,xx
54365000,  31427397442,  42166502948,  41119147750,xx
54455000,  31500676837,  42246609147,  41199802232,xx
54465000,  31500676837,  42246609147,  41199802232,xx
54475000,  31500676837,  42246609147,  41199802232,xx
54565000,  31556623447,  42324600793,  41260159570,xx
54575000,  31556623447,  42324600793,  41260159570,xx
54585000,  31556623447,  42324600793,  41260159570,xx
54675000,  31626290109,  42400723115,  41341443411,xx
54685000,  31626290109,  42400723115,  41341443411,xx
54695000,  31626290109,  42400723115,  41341443411,xx
54785000,  31691269969,  42442575858,  41409164790,xx
54795000,  31691269969,  42442575858,  41409164790,xx
54805000,  31691269969,  42442575858,  41409164790,xx
54895000,  31751829565,  42526529322,  41482635297,xx
54905000,  31751829565,  42526529322,  41482635297,xx
54915000,  31751829565,  42526529322,  41482635297,xx
55005000,  31824115171,  42598726862,  41563584259,xx
55015000,  31824115171,  42598726862,  41563584259,xx
55025000,  31824115171,  42598726862,  41563584259,xx
55155000,     78982785,     77039303,     78604421,10
55165000,     78982785,     77039303,     78604421,10
55175000,     78982785,     77039303,     78604421,10
55265000,    136071346,    104073377,    132089704,10
55275000,    136071346,    104073377,    132089704,10
55285000,    136071346,    104073377,    132089704,10
55375000,    165566191,    178210850,    190107812,10
55385000,    165566191,    178210850,    190107812,10
55395000,    165566191,    178210850,    190107812,10
55485000,    215873936,    247580312,    246094304,10
55495000,    215873936,    247580312,    246094304,10
55505000,    215873936,    247580312,    246094304,10
55595000,    289684577,    305073640,    320777013,10
55605000,    289684577,    305073640,    320777013,10
55615000,    289684577,    305073640,    320777013,10
55705000,    352899377,    376846345,    364822161,10
55715000,    352899377,    376846345,    364822161,10
55725000,    352899377,    376846345,    364822161,10
55815000,    422292600,    459917097,    446794665,10
55825000,    422292600,    459917097,    446794665,10
55835000,    422292600,    459917097,    446794665,10
55925000,    486088148,    533151935,    508800877,10
55935000,    486088148,    533151935,    508800877,10
55945000,    486088148,    533151935,    508800877,10
56035000,    552311952,    607468033,    557273120,10
56045000,    552311952,    607468033,    557273120,10
56055000,    552311952,    607468033,    557273120,10
56145000,    622141505,    691571073,    639535484,10
56155000,    622141505,    691571073,    639535484,10
56165000,    622141505,    691571073,    639535484,10
56255000,    698393291,    775616740,    719050669,10
56265000,    698393291,    775616740,    719050669,10
56275000,    698393291,    775616740,    719050669,10
56365000,    766474283,    848135149,    800127095,10
56375000,    766474283,    848135149,    800127095,10
56385000,    766474283,    848135149,    800127095,10
56475000,    832590580,    889312191,    872446481,10
56485000,    832590580,    889312191,    872446481,10
56495000,    832590580,    889312191,    872446481,10
56585000,    909139141,    946788845,    942730765,10
56595000,    909139141,    946788845,    942730765,10
56605000,    909139141,    946788845,    942730765,10
56695000,    941549922,   1029932767,   1014679484,10
56705000,    941549922,   1029932767,   1014679484,10
56715000,    941549922,   1029932767,   1014679484,10
56805000,   1002017226,   1107052399,   1066864665,10
56815000,   1002017226,   1107052399,   1066864665,10
56825000,   1002017226,   1107052399,   1066864665,10
56915000,   1069563676,   1153126179,   1134638772,10
56925000,   1069563676,   1153126179,   1134638772,10
56935000,   1069563676,   1153126179,   1134638772,10
57025000,   1093003862,   1233438855,   1213136862,10
57035000,   1093003862,   1233438855,   1213136862,10
57045000,   1093003862,   1233438855,   1213136862,10
57135000,   1116038885,   1316954219,   1279339092,10
57145000,   1116038885,   1316954219,   1279339092,10
57155000,   1116038885,   1316954219,   1279339092,10
57245000,   1188785816,   1381952372,   1338149063,10
57255000,   1188785816,   1381952372,   1338149063,10
57265000,   1188785816,   1381952372,   1338149063,10
57355000,   1259323538,   5656545500,   1409549516,10
57365000,   1259323538,   5656545500,   1409549516,10
57375000,   1259323538,   5656545500,   1409549516,10
57465000,   1332747564,   5734706307,   1484091341,10
57475000,   1332747564,   5734706307,   1484091341,10
57485000,   1332747564,   5734706307,   1484091341,10
57575000,   1412309561,   5813600586,   1555565555,10
57585000,   1412309561,   5813600586,   1555565555,10
57595000,   1412309561,   5813600586,   1555565555,10
57685000,   1474871184,   5850031049,   1618403515,10
57695000,   1474871184,   5850031049,   1618403515,10
57705000,   1474871184,   5850031049,   1618403515,10
57795000,   1544686755,   5912252028,   1682591562,10
57805000,   1544686755,   5912252028,   1682591562,10
57815000,   1544686755,   5912252028,   1682591562,10
57905000,   1621572981,   5993395898,   1753015433,10
57915000,   1621572981,   5993395898,   1753015433,10
57925000,   1621572981,   5993395898,   1753015433,10
58015000,   1694942744,   6069859360,   1830706459,10
58025000,   1694942744,   6069859360,   1830706459,10
58035000,   1694942744,   6069859360,   1830706459,10
58125000,   1770071029,   6134989071,   1909259687,10
58135000,   1770071029,   6134989071,   1909259687,10
58145000,   1770071029,   6134989071,   1909259687,10
58235000,   1846398524,   6209511956,   1991679843,10
58245000,   1846398524,   6209511956,   1991679843,10
58255000,   1846398524,   6209511956,   1991679843,10
58345000,   1925537668,   6282674844,   2040829777,10
58355000,   1925537668,   6282674844,   2040829777,10
58365000,   1925537668,   6282674844,   2040829777,10
58455000,   1988600656,   6362871711,   2114079833,10
58465000,   1988600656,   6362871711,   2114079833,10
58475000,   1988600656,   6362871711,   2114079833,10
58565000,   2062485129,   6424090940,   2189785785,10
58575000,   2062485129,   6424090940,   2189785785,10
58585000,   2062485129,   6424090940,   2189785785,10
58675000,   2122475019,   6449802596,   2259857534,10
58685000,   2122475019,   6449802596,   2259857534,10
58695000,   2122475019,   6449802596,   2259857534,10
58785000,   2192082620,   6528135676,   2330204264,10
58795000,   2192082620,   6528135676,   2330204264,10
58805000,   2192082620,   6528135676,   2330204264,10
58895000,   2261082009,   6609341037,   2406108545,10
58905000,   2261082009,   6609341037,   2406108545,10
58915000,   2261082009,   6609341037,   2406108545,10
59005000,   2313866133,   6687574249,   2466733595,10
59015000,   2313866133,   6687574249,   2466733595,10
59025000,   2313866133,   6687574249,   2466733595,10
59115000,   6584010562,   6757165569,   2530236446,10
59125000,   6584010562,   6757165569,   2530236446,10
59135000,   6584010562,   6757165569,   2530236446,10
59225000,   6632327066,   6799682445,   2602359208,10
59235000,   6632327066,   6799682445,   2602359208,10
59245000,   6632327066,   6799682445,   2602359208,10
59335000,   6694306619,   6876936257,   2674575302,10
59345000,   6694306619,   6876936257,   2674575302,10
59355000,   6694306619,   6876936257,   2674575302,10
59445000,   6749608635,   6960086781,   2728202657,10
59455000,   6749608635,   6960086781,   2728202657,10
59465000,   6749608635,   6960086781,   2728202657,10
59555000,   6819244736,   7040678629,   2775243952,10
59565000,   6819244736,   7040678629,   2775243952,10
59575000,   6819244736,   7040678629,   2775243952,10
59665000,   6894928376,   7121183357,   2854875041,10
59675000,   6894928376,   7121183357,   2854875041,10
59685000,   6894928376,   7121183357,   2854875041,10
59775000,   6967137001,   7194474610,   2924278967,10
59785000,   6967137001,   7194474610,   2924278967,10
59795000,   6967137001,   7194474610,   2924278967,10
59885000,   7041182165,   7262899106,   2991957521,10
59895000,   7041182165,   7262899106,   2991957521,10
59905000,   7041182165,   7262899106,   2991957521,10
59995000,   7109890281,   7326038711,   3065323905,10
60005000,   7109890281,   7326038711,   3065323905,10
60015000,   7109890281,   7326038711,   3065323905,10
60105000,   7174523031,   7408393308,   3144673347,10
60115000,   7174523031,   7408393308,   3144673347,10
60125000,   7174523031,   7408393308,   3144673347,10
60215000,   7242155758,   7483848602,   3214305884,10
60225000,   7242155758,   7483848602,   3214305884,10
60235000,   7242155758,   7483848602,   3214305884,10
60325000,   7291222434,   7567958019,   3289967820,10
60335000,   7291222434,   7567958019,   3289967820,10
60345000,   7291222434,   7567958019,   3289967820,10
60435000,   7367245069,   7634789653,   3347853217,10
60445000,   7367245069,   7634789653,   3347853217,10
60455000,   7367245069,   7634789653,   3347853217,10
60545000,   7446249591,   7669960970,   3424032727,10
60555000,   7446249591,   7669960970,   3424032727,10
60565000,   7446249591,   7669960970,   3424032727,10
60655000,   7524198214,   7751295239,   3499946935,10
60665000,   7524198214,   7751295239,   3499946935,10
60675000,   7524198214,   7751295239,   3499946935,10
60765000,   7574674945,   7824752817,   3581643807,10
60775000,   7574674945,   7824752817,   3581643807,10
60785000,   7574674945,   7824752817,   3581643807,10
60875000,   7624844908,   7902485400,   3663480895,10
60885000,   7624844908,   7902485400,   3663480895,10
60895000,   7624844908,   7902485400,   3663480895,10
60985000,   7700369029,   7983436266,   3726972203,10
60995000,   7700369029,   7983436266,   3726972203,10
61005000,   7700369029,   7983436266,   3726972203,10
61095000,   7759477802,   8059273556,   3806699366,10
61105000,   7759477802,   8059273556,   3806699366,10
61115000,   7759477802,   8059273556,   3806699366,10
61205000,   7820731041,   8142716878,   3825036667,10
61215000,   7820731041,   8142716878,   3825036667,10
61225000,   7820731041,   8142716878,   3825036667,10
61315000,   7883742486,   8216542305,   3894025634,10
61325000,   7883742486,   8216542305,   3894025634,10
61335000,   7883742486,   8216542305,   3894025634,10
61425000,   7958057731,   8295638869,   3934724234,10
61435000,   7958057731,   8295638869,   3934724234,10
61445000,   7958057731,   8295638869,   3934724234,10
61535000,   8034079772,   8368875116,   3989173944,10
61545000,   8034079772,   8368875116,   3989173944,10
61555000,   8034079772,   8368875116,   3989173944,10
61645000,   8071526534,   8445178073,   4057389544,10
61655000,   8071526534,   8445178073,   4057389544,10
61665000,   8071526534,   8445178073,   4057389544,10
61755000,   8148519408,   8519533878,   4131008213,10
61765000,   8148519408,   8519533878,   4131008213,10
61775000,   8148519408,   8519533878,   4131008213,10
61865000,   8226819165,   8599423129,   4209445231,10
61875000,   8226819165,   8599423129,   4209445231,10
61885000,   8226819165,   8599423129,   4209445231,10
61975000,   8275733283,   8662145712,   4291183725,10
61985000,   8275733283,   8662145712,   4291183725,10
61995000,   8275733283,   8662145712,   4291183725,10
62085000,   8326133851,   8734102636,   4373229139,10
62095000,   8326133851,   8734102636,   4373229139,10
62105000,   8326133851,   8734102636,   4373229139,10
62195000,   8400073472,   8817609561,   4446148384,10
62205000,   8400073472,   8817609561,   4446148384,10
62215000,   8400073472,   8817609561,   4446148384,10
62305000,   8440640216,   8885184203,   4481799096,10
62315000,   8440640216,   8885184203,   4481799096,10
62325000,   8440640216,   8885184203,   4481799096,10
62415000,   8503989637,   8954954237,   4561577621,10
62425000,   8503989637,   8954954237,   4561577621,10
62435000,   8503989637,   8954954237,   4561577621,10
62525000,   8559804294,   9020916655,   4555696742,10
62535000,   8559804294,   9020916655,   4555696742,10
62545000,   8559804294,   9020916655,   4555696742,10
62635000,   8626080359,   9096320732,   4600416483,10
62645000,   8626080359,   9096320732,   4600416483,10
62655000,   8626080359,   9096320732,   4600416483,10
62745000,   8696003817,   9156754796,   4647672801,10
62755000,   8696003817,   9156754796,   4647672801,10
62765000,   8696003817,   9156754796,   4647672801,10
62855000,   8772149944,   9212536685,   4724055561,10
62865000,   8772149944,   9212536685,   4724055561,10
62875000,   8772149944,   9212536685,   4724055561,10
62965000,   8846246963,   9281058663,   4797577769,10
62975000,   8846246963,   9281058663,   4797577769,10
62985000,   8846246963,   9281058663,   4797577769,10
63075000,   8915918274,   9345316468,   4856684893,10
63085000,   8915918274,   9345316468,   4856684893,10
63095000,   8915918274,   9345316468,   4856684893,10
63185000,   8987641532,   9397988529,   4909957313,10
63195000,   8987641532,   9397988529,   4909957313,10
63205000,   8987641532,   9397988529,   4909957313,10
63295000,   9055883747,   9456532129,   4965577124,10
63305000,   9055883747,   9456532129,   4965577124,10
63315000,   9055883747,   9456532129,   4965577124,10
63405000,   9090718294,   9514302461,   5040653621,10
63415000,   9090718294,   9514302461,   5040653621,10
63425000,   9090718294,   9514302461,   5040653621,10
63515000,   9150718273,   9581515346,   5092931186,10
63525000,   9150718273,   9581515346,   5092931186,10
63535000,   9150718273,   9581515346,   5092931186,10
63625000,   9222760169,   9656265910,   5162875968,10
63635000,   9222760169,   9656265910,   5162875968,10
63645000,   9222760169,   9656265910,   5162875968,10
63735000,   9292375440,   9733675246,   5233232148,10
63745000,   9292375440,   9733675246,   5233232148,10
63755000,   9292375440,   9733675246,   5233232148,10
63845000,   9352577672,   9816407498,   5314432786,10
63855000,   9352577672,   9816407498,   5314432786,10
63865000,   9352577672,   9816407498,   5314432786,10
63955000,   9430900138,   9889855398,   5390811634,10
63965000,   9430900138,   9889855398,   5390811634,10
63975000,   9430900138,   9889855398,   5390811634,10
64065000,   9509517681,   9964220870,   5468072979,10
64075000,   9509517681,   9964220870,   5468072979,10
64085000,   9509517681,   9964220870,   5468072979,10
64175000,   9566064299,  10018602688,   5546320877,10
64185000,   9566064299,  10018602688,   5546320877,10
64195000,   9566064299,  10018602688,   5546320877,10
64285000,   9644785830,  10092195532,   5625091117,10
64295000,   9644785830,  10092195532,   5625091117,10
64305000,   9644785830,  10092195532,   5625091117,10
64395000,   9722758238,  10165014634,   5707497418,10
64405000,   9722758238,  10165014634,   5707497418,10
64415000,   9722758238,  10165014634,   5707497418,10
64505000,   9766854726,  10236770151,   5779935407,10
64515000,   9766854726,  10236770151,   5779935407,10
64525000,   9766854726,  10236770151,   5779935407,10
64615000,   9825679068,  10286128584,   5831759113,10
64625000,   9825679068,  10286128584,   5831759113,10
64635000,   9825679068,  10286128584,   5831759113,10
64725000,   9894030103,  10369956824,   5913741849,10
64735000,   9894030103,  10369956824,   5913741849,10
64745000,   9894030103,  10369956824,   5913741849,10
64835000,   9960882702,  10450678117,   5989199093,10
64845000,   9960882702,  10450678117,   5989199093,10
64855000,   9960882702,  10450678117,   5989199093,10
64945000,  10033631486,  10503441878,   6070266970,10
64955000,  10033631486,  10503441878,   6070266970,10
64965000,  10033631486,  10503441878,   6070266970,10
65055000,  10113304893,  10496649184,   6150979115,10
65065000,  10113304893,  10496649184,   6150979115,10
65075000,  10113304893,  10496649184,   6150979115,10
65165000,  10178860257,  10580200884,   6171396141,10
65175000,  10178860257,  10580200884,   6171396141,10
65185000,  10178860257,  10580200884,   6171396141,10
65275000,  10248109291,  10647028846,   6205098546,10
65285000,  10248109291,  10647028846,   6205098546,10
65295000,  10248109291,  10647028846,   6205098546,10
65385000,  10295770653,  10727504289,   6285183502,10
65395000,  10295770653,  10727504289,   6285183502,10
65405000,  10295770653,  10727504289,   6285183502,10
65495000,  10372680767,  10794699847,   6359219183,10
65505000,  10372680767,  10794699847,   6359219183,10
65515000,  10372680767,  10794699847,   6359219183,10
65605000,  10427629653,  10870677723,   6364910135,10
65615000,  10427629653,  10870677723,   6364910135,10
65625000,  10427629653,  10870677723,   6364910135,10
65715000,  10502956680,  10896946737,   6429482834,10
65725000,  10502956680,  10896946737,   6429482834,10
65735000,  10502956680,  10896946737,   6429482834,10
65825000,  10559807897,  10964347013,   6511336877,10
65835000,  10559807897,  10964347013,   6511336877,10
65845000,  10559807897,  10964347013,   6511336877,10
65935000,  10632931425,  11046280594,   6573614289,10
65945000,  10632931425,  11046280594,   6573614289,10
65955000,  10632931425,  11046280594,   6573614289,10
66045000,  10689931398,  11103342022,   6653972797,10
66055000,  10689931398,  11103342022,   6653972797,10
66065000,  10689931398,  11103342022,   6653972797,10
66155000,  10766081775,  11184320022,   6723540759,10
66165000,  10766081775,  11184320022,   6723540759,10
66175000,  10766081775,  11184320022,   6723540759,10
66265000,  10836734943,  11263107608,   6793039953,10
66275000,  10836734943,  11263107608,   6793039953,10
66285000,  10836734943,  11263107608,   6793039953,10
66375000,  10891907110,  11341659386,   6870969971,10
66385000,  10891907110,  11341659386,   6870969971,10
66395000,  10891907110,  11341659386,   6870969971,10
66485000,  10956991327,  11396829063,   6924948848,10
66495000,  10956991327,  11396829063,   6924948848,10
66505000,  10956991327,  11396829063,   6924948848,10
66595000,  11027688514,  11473557178,   7005942396,10
66605000,  11027688514,  11473557178,   7005942396,10
66615000,  11027688514,  11473557178,   7005942396,10
66705000,  11097076890,  11547299114,   7081884958,10
66715000,  11097076890,  11547299114,   7081884958,10
66725000,  11097076890,  11547299114,   7081884958,10
66815000,  11148264289,  11626086439,   7121690728,10
66825000,  11148264289,  11626086439,   7121690728,10
66835000,  11148264289,  11626086439,   7121690728,10
66925000,  11216311654,  11710266165,   7203326349,10
66935000,  11216311654,  11710266165,   7203326349,10
66945000,  11216311654,  11710266165,   7203326349,10
67035000,  11275550554,  11793010079,   7276284188,10
67045000,  11275550554,  11793010079,   7276284188,10
67055000,  11275550554,  11793010079,   7276284188,10
67145000,  11345266581,  11831279539,   7337954595,10
67155000,  11345266581,  11831279539,   7337954595,10
67165000,  11345266581,  11831279539,   7337954595,10
67255000,  11418756512,  11893909132,   7406166274,10
67265000,  11418756512,  11893909132,   7406166274,10
67275000,  11418756512,  11893909132,   7406166274,10
67365000,  11494647468,  11927904993,   7486022513,10
67375000,  11494647468,  11927904993,   7486022513,10
67385000,  11494647468,  11927904993,   7486022513,10
67475000,  11571881479,  12008833433,   7561552560,10
67485000,  11571881479,  12008833433,   7561552560,10
67495000,  11571881479,  12008833433,   7561552560,10
67585000,  11650024613,  12047412175,   7603924852,10
67595000,  11650024613,  12047412175,   7603924852,10
67605000,  11650024613,  12047412175,   7603924852,10
67695000,  11700889979,  12117972461,   7657052745,10
67705000,  11700889979,  12117972461,   7657052745,10
67715000,  11700889979,  12117972461,   7657052745,10
67805000,  11780428949,  12182190381,   7736526934,10
67815000,  11780428949,  12182190381,   7736526934,10
67825000,  11780428949,  12182190381,   7736526934,10
67915000,  11833975484,  12244770447,   7801472760,10
67925000,  11833975484,  12244770447,   7801472760,10
67935000,  11833975484,  12244770447,   7801472760,10
68025000,  11882129076,  12314953622,   7864755941,10
68035000,  11882129076,  12314953622,   7864755941,10
68045000,  11882129076,  12314953622,   7864755941,10
68135000,  11945258818,  12392145179,   7923509253,10
68145000,  11945258818,  12392145179,   7923509253,10
68155000,  11945258818,  12392145179,   7923509253,10
68245000,  12010655009,  12468056657,   8003312319,10
68255000,  12010655009,  12468056657,   8003312319,10
68265000,  12010655009,  12468056657,   8003312319,10
68355000,  12061379155,  16719366930,   8082201312,10
68365000,  12061379155,  16719366930,   8082201312,10
68375000,  12061379155,  16719366930,   8082201312,10
68465000,  12140624043,  16789918952,   8132134052,10
68475000,  12140624043,  16789918952,   8132134052,10
68485000,  12140624043,  16789918952,   8132134052,10
68575000,  12206056020,  16862404875,   8195907313,10
68585000,  12206056020,  16862404875,   8195907313,10
68595000,  12206056020,  16862404875,   8195907313,10
68685000,  12230169726,  16945566425,   8266557645,10
68695000,  12230169726,  16945566425,   8266557645,10
68705000,  12230169726,  16945566425,   8266557645,10
68795000,  12290134931,  16997813791,   8345481538,10
68805000,  12290134931,  16997813791,   8345481538,10
68815000,  12290134931,  16997813791,   8345481538,10
68905000,  12325850869,  17049837858,   8424459539,10
68915000,  12325850869,  17049837858,   8424459539,10
68925000,  12325850869,  17049837858,   8424459539,10
69015000,  12397848325,  17111881329,   8489436211,10
69025000,  12397848325,  17111881329,   8489436211,10
69035000,  12397848325,  17111881329,   8489436211,10
69125000,  12441315538,  17187009422,   8565027482,10
69135000,  12441315538,  17187009422,   8565027482,10
69145000,  12441315538,  17187009422,   8565027482,10
69235000,  12491623574,  17258148379,   8630604201,10
69245000,  12491623574,  17258148379,   8630604201,10
69255000,  12491623574,  17258148379,   8630604201,10
69345000,  12569744182,  17337635207,   8676669281,10
69355000,  12569744182,  17337635207,   8676669281,10
69365000,  12569744182,  17337635207,   8676669281,10
69455000,  12649142833,  17400401687,   8724114169,10
69465000,  12649142833,  17400401687,   8724114169,10
69475000,  12649142833,  17400401687,   8724114169,10
69565000,  12691977574,  17408579126,   8800985522,10
69575000,  12691977574,  17408579126,   8800985522,10
69585000,  12691977574,  17408579126,   8800985522,10
69675000,  12730155096,  17479137034,   8852218827,10
69685000,  12730155096,  17479137034,   8852218827,10
69695000,  12730155096,  17479137034,   8852218827,10
69785000,  12784395683,  17516496057,   8921859036,10
69795000,  12784395683,  17516496057,   8921859036,10
69805000,  12784395683,  17516496057,   8921859036,10
69895000,  12859077820,  17586017587,   9002080393,10
69905000,  12859077820,  17586017587,   9002080393,10
69915000,  12859077820,  17586017587,   9002080393,10
70005000,  12921039779,  17664085617,   9037938036,10
70015000,  12921039779,  17664085617,   9037938036,10
70025000,  12921039779,  17664085617,   9037938036,10
70115000,  12990205887,  17741852793,   9120195336,10
70125000,  12990205887,  17741852793,   9120195336,10
70135000,  12990205887,  17741852793,   9120195336,10
70225000,  13065136420,  17807675315,   9199646600,10
70235000,  13065136420,  17807675315,   9199646600,10
70245000,  13065136420,  17807675315,   9199646600,10
70335000,  13132313260,  17863185914,   9278780329,10
70345000,  13132313260,  17863185914,   9278780329,10
70355000,  13132313260,  17863185914,   9278780329,10
70445000,  13199059998,  17928439622,   9340585224,10
70455000,  13199059998,  17928439622,   9340585224,10
70465000,  13199059998,  17928439622,   9340585224,10
70555000,  13270271797,  17994031813,   9367644634,10
70565000,  13270271797,  17994031813,   9367644634,10
70575000,  13270271797,  17994031813,   9367644634,10
70665000,  13349175234,  18069315457,   9448039579,10
70675000,  13349175234,  18069315457,   9448039579,10
70685000,  13349175234,  18069315457,   9448039579,10
70775000,  13377984855,  18132377966,   9511164469,10
70785000,  13377984855,  18132377966,   9511164469,10
70795000,  13377984855,  18132377966,   9511164469,10
70885000,  13440499674,  18201461802,   9580596247,10
70895000,  13440499674,  18201461802,   9580596247,10
70905000,  13440499674,  18201461802,   9580596247,10
70995000,  13485776009,  18264124856,   9658484822,10
71005000,  13485776009,  18264124856,   9658484822,10
71015000,  13485776009,  18264124856,   9658484822,10
71105000,  13563741614,  18343638831,   9729358518,10
71115000,  13563741614,  18343638831,   9729358518,10
71125000,  13563741614,  18343638831,   9729358518,10
71215000,  13614963791,  18421252037,   9809637693,10
71225000,  13614963791,  18421252037,   9809637693,10
71235000,  13614963791,  18421252037,   9809637693,10
71325000,  13680107052,  18490202252,   9868512776,10
71335000,  13680107052,  18490202252,   9868512776,10
71345000,  13680107052,  18490202252,   9868512776,10
71435000,  13716836222,  18534911897,   9916336692,10
71445000,  13716836222,  18534911897,   9916336692,10
71455000,  13716836222,  18534911897,   9916336692,10
71545000,  13776865942,  18602689629,   9975346868,10
71555000,  13776865942,  18602689629,   9975346868,10
71565000,  13776865942,  18602689629,   9975346868,10
71655000,  13853994658,  18676958750,  10056451038,10
71665000,  13853994658,  18676958750,  10056451038,10
71675000,  13853994658,  18676958750,  10056451038,10
71765000,  13917329900,  18742126468,  10138888836,10
71775000,  13917329900,  18742126468,  10138888836,10
71785000,  13917329900,  18742126468,  10138888836,10
71875000,  13996690682,  18818872226,  10220659309,10
71885000,  13996690682,  18818872226,  10220659309,10
71895000,  13996690682,  18818872226,  10220659309,10
71985000,  14058153915,  18899763908,  10299339542,10
71995000,  14058153915,  18899763908,  10299339542,10
72005000,  14058153915,  18899763908,  10299339542,10
72095000,  14129672740,  18972730955,  10362334146,10
72105000,  14129672740,  18972730955,  10362334146,10
72115000,  14129672740,  18972730955,  10362334146,10
72205000,  14200470814,  19025230295,  10439841783,10
72215000,  14200470814,  19025230295,  10439841783,10
72225000,  14200470814,  19025230295,  10439841783,10
72315000,  14265915046,  19106425013,  10502991551,10
72325000,  14265915046,  19106425013,  10502991551,10
72335000,  14265915046,  19106425013,  10502991551,10
72425000,  14331242554,  19180982574,  10581448434,10
72435000,  14331242554,  19180982574,  10581448434,10
72445000,  14331242554,  19180982574,  10581448434,10
72535000,  14397240546,  19255923068,  10649986001,10
72545000,  14397240546,  19255923068,  10649986001,10
72555000,  14397240546,  19255923068,  10649986001,10
72645000,  14421570599,  19321823568,  10729615801,10
72655000,  14421570599,  19321823568,  10729615801,10
72665000,  14421570599,  19321823568,  10729615801,10
72755000,  14492868712,  19393837823,  10787003686,10
72765000,  14492868712,  19393837823,  10787003686,10
72775000,  14492868712,  19393837823,  10787003686,10
72865000,  14568173842,  19470425012,  10841509675,10
72875000,  14568173842,  19470425012,  10841509675,10
72885000,  14568173842,  19470425012,  10841509675,10
72975000,  14647712349,  19548898874,  10891996061,10
72985000,  14647712349,  19548898874,  10891996061,10
72995000,  14647712349,  19548898874,  10891996061,10
73085000,  14698215860,  19608293990,  10971263200,10
73095000,  14698215860,  19608293990,  10971263200,10
73105000,  14698215860,  19608293990,  10971263200,10
73195000,  14776198398,  19685967527,  11044156736,10
73205000,  14776198398,  19685967527,  11044156736,10
73215000,  14776198398,  19685967527,  11044156736,10
73305000,  14855418691,  19762256405,  11126504987,10
73315000,  14855418691,  19762256405,  11126504987,10
73325000,  14855418691,  19762256405,  11126504987,10
73415000,  14933741545,  19844928557,  11204122703,10
73425000,  14933741545,  19844928557,  11204122703,10
73435000,  14933741545,  19844928557,  11204122703,10
73525000,  14999440157,  19841512862,  11277672915,10
73535000,  14999440157,  19841512862,  11277672915,10
73545000,  14999440157,  19841512862,  11277672915,10
73635000,  15043160283,  19891571187,  11353735970,10
73645000,  15043160283,  19891571187,  11353735970,10
73655000,  15043160283,  19891571187,  11353735970,10
73745000,  15121595082,  19942463118,  11435069378,10
73755000,  15121595082,  19942463118,  11435069378,10
73765000,  15121595082,  19942463118,  11435069378,10
73855000,  15197613316,  20025292502,  11516721911,10
73865000,  15197613316,  20025292502,  11516721911,10
73875000,  15197613316,  20025292502,  11516721911,10
73965000,  15275788215,  20101282593,  11531719724,10
73975000,  15275788215,  20101282593,  11531719724,10
73985000,  15275788215,  20101282593,  11531719724,10
74075000,  15330883823,  20185203652,  11605851274,10
74085000,  15330883823,  20185203652,  11605851274,10
74095000,  15330883823,  20185203652,  11605851274,10
74185000,  15403960572,  20265750698,  11684320149,10
74195000,  15403960572,  20265750698,  11684320149,10
74205000,  15403960572,  20265750698,  11684320149,10
74295000,  15466026221,  20343321612,  11745083988,10
74305000,  15466026221,  20343321612,  11745083988,10
74315000,  15466026221,  20343321612,  11745083988,10
74405000,  19745530597,  20427054599,  11818457836,10
74415000,  19745530597,  20427054599,  11818457836,10
74425000,  19745530597,  20427054599,  11818457836,10
74515000,  19820609752,  20476678678,  11884205385,10
74525000,  19820609752,  20476678678,  11884205385,10
74535000,  19820609752,  20476678678,  11884205385,10
74625000,  19895040900,  20560107406,  11959649847,10
74635000,  19895040900,  20560107406,  11959649847,10
74645000,  19895040900,  20560107406,  11959649847,10
74735000,  19966967688,  20627902650,  12006773431,10
74745000,  19966967688,  20627902650,  12006773431,10
74755000,  19966967688,  20627902650,  12006773431,10
74845000,  20018051102,  20671350015,  12088445071,10
74855000,  20018051102,  20671350015,  12088445071,10
74865000,  20018051102,  20671350015,  12088445071,10
74955000,  20086416844,  20755355444,  12159474054,10
74965000,  20086416844,  20755355444,  12159474054,10
74975000,  20086416844,  20755355444,  12159474054,10
75065000,  20160117981,  20826698080,  12222589139,10
75075000,  20160117981,  20826698080,  12222589139,10
75085000,  20160117981,  20826698080,  12222589139,10
75175000,  20224781512,  20864910732,  12286353803,10
75185000,  20224781512,  20864910732,  12286353803,10
75195000,  20224781512,  20864910732,  12286353803,10
75285000,  20269816423,  20921295836,  12364020110,10
75295000,  20269816423,  20921295836,  12364020110,10
75305000,  20269816423,  20921295836,  12364020110,10
75395000,  20312982264,  21000500640,  12436371227,10
75405000,  20312982264,  21000500640,  12436371227,10
75415000,  20312982264,  21000500640,  12436371227,10
75505000,  20360386728,  21075860866,  12496113122,10
75515000,  20360386728,  21075860866,  12496113122,10
75525000,  20360386728,  21075860866,  12496113122,10
75615000,  20432039905,  21149122536,  12574807897,10
75625000,  20432039905,  21149122536,  12574807897,10
75635000,  20432039905,  21149122536,  12574807897,10
75725000,  20494758049,  21231734406,  12645994204,10
75735000,  20494758049,  21231734406,  12645994204,10
75745000,  20494758049,  21231734406,  12645994204,10
75835000,  20566809920,  21313044817,  12717537187,10
75845000,  20566809920,  21313044817,  12717537187,10
75855000,  20566809920,  21313044817,  12717537187,10
75945000,  20586267488,  21381476345,  12770472476,10
75955000,  20586267488,  21381476345,  12770472476,10
75965000,  20586267488,  21381476345,  12770472476,10
76055000,  20638401933,  21382643810,  12835940021,10
76065000,  20638401933,  21382643810,  12835940021,10
76075000,  20638401933,  21382643810,  12835940021,10
76165000,  20701711734,  21451566445,  12910141476,10
76175000,  20701711734,  21451566445,  12910141476,10
76185000,  20701711734,  21451566445,  12910141476,10
76275000,  20774431590,  21501706266,  12967268994,10
76285000,  20774431590,  21501706266,  12967268994,10
76295000,  20774431590,  21501706266,  12967268994,10
76385000,  20845263035,  21574605779,  13036383896,10
76395000,  20845263035,  21574605779,  13036383896,10
76405000,  20845263035,  21574605779,  13036383896,10
76495000,  20902765784,  21655737262,  13055816516,10
76505000,  20902765784,  21655737262,  13055816516,10
76515000,  20902765784,  21655737262,  13055816516,10
76605000,  20962755318,  21737970831,  13116588703,10
76615000,  20962755318,  21737970831,  13116588703,10
76625000,  20962755318,  21737970831,  13116588703,10
76715000,  21042239811,  21805901456,  13176240044,10
76725000,  21042239811,  21805901456,  13176240044,10
76735000,  21042239811,  21805901456,  13176240044,10
76825000,  21118895317,  21861284601,  13248444039,10
76835000,  21118895317,  21861284601,  13248444039,10
76845000,  21118895317,  21861284601,  13248444039,10
76935000,  21185938403,  21931789382,  13283511431,10
76945000,  21185938403,  21931789382,  13283511431,10
76955000,  21185938403,  21931789382,  13283511431,10
77045000,  21246026663,  22002321175,  13355934532,10
77055000,  21246026663,  22002321175,  13355934532,10
77065000,  21246026663,  22002321175,  13355934532,10
77155000,  21306992091,  22069558758,  13419318191,10
77165000,  21306992091,  22069558758,  13419318191,10
77175000,  21306992091,  22069558758,  13419318191,10
77265000,  21373959784,  22152584943,  13488437227,10
77275000,  21373959784,  22152584943,  13488437227,10
77285000,  21373959784,  22152584943,  13488437227,10
77375000,  21428663910,  22234664924,  13560357023,10
77385000,  21428663910,  22234664924,  13560357023,10
77395000,  21428663910,  22234664924,  13560357023,10
77485000,  21496867614,  22318422869,  13611583974,10
77495000,  21496867614,  22318422869,  13611583974,10
77505000,  21496867614,  22318422869,  13611583974,10
77595000,  21574690756,  22368537558,  13671305878,10
77605000,  21574690756,  22368537558,  13671305878,10
77615000,  21574690756,  22368537558,  13671305878,10
77705000,  21639122688,  22428204577,  13747745707,10
77715000,  21639122688,  22428204577,  13747745707,10
77725000,  21639122688,  22428204577,  13747745707,10
77815000,  21705181640,  22485987053,  13829771318,10
77825000,  21705181640,  22485987053,  13829771318,10
77835000,  21705181640,  22485987053,  13829771318,10
77925000,  21779979196,  22567843924,  13891780743,10
77935000,  21779979196,  22567843924,  13891780743,10
77945000,  21779979196,  22567843924,  13891780743,10
78035000,  21839889628,  22650643074,  13964786783,10
78045000,  21839889628,  22650643074,  13964786783,10
78055000,  21839889628,  22650643074,  13964786783,10
78145000,  21858092131,  22698831601,  14044000639,10
78155000,  21858092131,  22698831601,  14044000639,10
78165000,  21858092131,  22698831601,  14044000639,10
78255000,  21903935497,  22753453490,  14085427739,10
78265000,  21903935497,  22753453490,  14085427739,10
78275000,  21903935497,  22753453490,  14085427739,10
78365000,  21980761268,  22828555224,  14132155967,10
78375000,  21980761268,  22828555224,  14132155967,10
78385000,  21980761268,  22828555224,  14132155967,10
78475000,  22060414859,  22908822269,  14192553429,10
78485000,  22060414859,  22908822269,  14192553429,10
78495000,  22060414859,  22908822269,  14192553429,10
78585000,  22137471497,  22938268638,  14271323120,10
78595000,  22137471497,  22938268638,  14271323120,10
78605000,  22137471497,  22938268638,  14271323120,10
78695000,  22202624926,  23018513804,  14343995841,10
78705000,  22202624926,  23018513804,  14343995841,10
78715000,  22202624926,  23018513804,  14343995841,10
78805000,  22240409803,  23081699592,  14420105475,10
78815000,  22240409803,  23081699592,  14420105475,10
78825000,  22240409803,  23081699592,  14420105475,10
78915000,  22312521436,  23107516046,  14488885222,10
78925000,  22312521436,  23107516046,  14488885222,10
78935000,  22312521436,  23107516046,  14488885222,10
79025000,  22375579638,  23172496079,  14555050595,10
79035000,  22375579638,  23172496079,  14555050595,10
79045000,  22375579638,  23172496079,  14555050595,10
79135000,  22430167864,  23211850787,  14634062652,10
79145000,  22430167864,  23211850787,  14634062652,10
79155000,  22430167864,  23211850787,  14634062652,10
79245000,  22508046996,  23292254808,  14707625231,10
79255000,  22508046996,  23292254808,  14707625231,10
79265000,  22508046996,  23292254808,  14707625231,10
79355000,  22568861386,  23365790547,  14783206602,10
79365000,  22568861386,  23365790547,  14783206602,10
79375000,  22568861386,  23365790547,  14783206602,10
79465000,  22634467529,  23445342117,  14864218241,10
79475000,  22634467529,  23445342117,  14864218241,10
79485000,  22634467529,  23445342117,  14864218241,10
79575000,  22709878870,  23522637480,  14921050682,10
79585000,  22709878870,  23522637480,  14921050682,10
79595000,  22709878870,  23522637480,  14921050682,10
79685000,  22786027750,  23604960301,  14988590642,10
79695000,  22786027750,  23604960301,  14988590642,10
79705000,  22786027750,  23604960301,  14988590642,10
79795000,  22860933024,  23687644324,  15058692536,10
79805000,  22860933024,  23687644324,  15058692536,10
79815000,  22860933024,  23687644324,  15058692536,10
79905000,  22932241025,  23769144298,  15081289279,10
79915000,  22932241025,  23769144298,  15081289279,10
79925000,  22932241025,  23769144298,  15081289279,10
80015000,  22988409058,  23847603903,  15155864750,10
80025000,  22988409058,  23847603903,  15155864750,10
80035000,  22988409058,  23847603903,  15155864750,10
80125000,  23068120890,  23921221640,  15225001595,10
80135000,  23068120890,  23921221640,  15225001595,10
80145000,  23068120890,  23921221640,  15225001595,10
80235000,  23101597839,  23984769612,  15303089369,10
80245000,  23101597839,  23984769612,  15303089369,10
80255000,  23101597839,  23984769612,  15303089369,10
80345000,  23157936945,  24062514515,  15310723136,10
80355000,  23157936945,  24062514515,  15310723136,10
80365000,  23157936945,  24062514515,  15310723136,10
80455000,  23225346184,  24138868923,  15389032057,10
80465000,  23225346184,  24138868923,  15389032057,10
80475000,  23225346184,  24138868923,  15389032057,10
80565000,  23294491216,  24214629964,  15406555558,10
80575000,  23294491216,  24214629964,  15406555558,10
80585000,  23294491216,  24214629964,  15406555558,10
80675000,  23373663610,  24295478741,  15469176044,10
80685000,  23373663610,  24295478741,  15469176044,10
80695000,  23373663610,  24295478741,  15469176044,10
80785000,  23451002472,  24367386368,  15550286976,10
80795000,  23451002472,  24367386368,  15550286976,10
80805000,  23451002472,  24367386368,  15550286976,10
80895000,  23521143349,  24420491218,  15608142234,10
80905000,  23521143349,  24420491218,  15608142234,10
80915000,  23521143349,  24420491218,  15608142234,10
81005000,  23596723310,  24493771425,  15682809468,10
81015000,  23596723310,  24493771425,  15682809468,10
81025000,  23596723310,  24493771425,  15682809468,10
81115000,  23662019994,  24570665347,  15761372691,10
81125000,  23662019994,  24570665347,  15761372691,10
81135000,  23662019994,  24570665347,  15761372691,10
81225000,  23740279547,  24635484810,  15841370459,10
81235000,  23740279547,  24635484810,  15841370459,10
81245000,  23740279547,  24635484810,  15841370459,10
81335000,  23812236836,  24714826036,  15923544782,10
81345000,  23812236836,  24714826036,  15923544782,10
81355000,  23812236836,  24714826036,  15923544782,10
81445000,  23879654016,  24784208737,  16001160596,10
81455000,  23879654016,  24784208737,  16001160596,10
81465000,  23879654016,  24784208737,  16001160596,10
81555000,  23959448106,  24855811671,  16074021577,10
81565000,  23959448106,  24855811671,  16074021577,10
81575000,  23959448106,  24855811671,  16074021577,10
81665000,  24024841047,  24893919350,  16147521834,10
81675000,  24024841047,  24893919350,  16147521834,10
81685000,  24024841047,  24893919350,  16147521834,10
81775000,  24077299694,  24972695245,  16219258382,10
81785000,  24077299694,  24972695245,  16219258382,10
81795000,  24077299694,  24972695245,  16219258382,10
81885000,  24152364539,  24966792689,  16282030118,10
81895000,  24152364539,  24966792689,  16282030118,10
81905000,  24152364539,  24966792689,  16282030118,10
81995000,  24211227930,  25040974333,  16357123370,10
82005000,  24211227930,  25040974333,  16357123370,10
82015000,  24211227930,  25040974333,  16357123370,10
82105000,  24284346721,  25118345461,  16439382702,10
82115000,  24284346721,  25118345461,  16439382702,10
82125000,  24284346721,  25118345461,  16439382702,10
82215000,  24339273334,  25191911279,  16518081572,10
82225000,  24339273334,  25191911279,  16518081572,10
82235000,  24339273334,  25191911279,  16518081572,10
82325000,  24418542227,  25263658991,  16586286262,10
82335000,  24418542227,  25263658991,  16586286262,10
82345000,  24418542227,  25263658991,  16586286262,10
82435000,  24471515124,  25303160919,  16642574007,10
82445000,  24471515124,  25303160919,  16642574007,10
82455000,  24471515124,  25303160919,  16642574007,10
82545000,  24542350104,  25367477246,  16718984275,10
82555000,  24542350104,  25367477246,  16718984275,10
82565000,  24542350104,  25367477246,  16718984275,10
82655000,  24606999122,  25436340833,  16800569798,10
82665000,  24606999122,  25436340833,  16800569798,10
82675000,  24606999122,  25436340833,  16800569798,10
82765000,  24660097107,  25511898606,  16881724443,10
82775000,  24660097107,  25511898606,  16881724443,10
82785000,  24660097107,  25511898606,  16881724443,10
82875000,  24729281375,  25562439683,  16961238391,10
82885000,  24729281375,  25562439683,  16961238391,10
82895000,  24729281375,  25562439683,  16961238391,10
82985000,  24783279374,  25639840434,  17041937234,10
82995000,  24783279374,  25639840434,  17041937234,10
83005000,  24783279374,  25639840434,  17041937234,10
83095000,  24863015829,  25718322359,  17120775912,10
83105000,  24863015829,  25718322359,  17120775912,10
83115000,  24863015829,  25718322359,  17120775912,10
83205000,  24942584796,  25788532790,  17196311958,10
83215000,  24942584796,  25788532790,  17196311958,10
83225000,  24942584796,  25788532790,  17196311958,10
83315000,  24996456176,  25798507642,  17260902766,10
83325000,  24996456176,  25798507642,  17260902766,10
83335000,  24996456176,  25798507642,  17260902766,10
83425000,  25065687298,  25882179194,  17340639914,10
83435000,  25065687298,  25882179194,  17340639914,10
83445000,  25065687298,  25882179194,  17340639914,10
83535000,  25144924773,  25963287107,  17411368236,10
83545000,  25144924773,  25963287107,  17411368236,10
83555000,  25144924773,  25963287107,  17411368236,10
83645000,  25204350854,  26043926619,  17491985356,10
83655000,  25204350854,  26043926619,  17491985356,10
83665000,  25204350854,  26043926619,  17491985356,10
83755000,  25267624299,  26127312997,  17567927611,10
83765000,  25267624299,  26127312997,  17567927611,10
83775000,  25267624299,  26127312997,  17567927611,10
83865000,  25343614061,  26208318637,  17643581365,10
83875000,  25343614061,  26208318637,  17643581365,10
83885000,  25343614061,  26208318637,  17643581365,10
83975000,  25423423460,  26281196117,  17711126992,10
83985000,  25423423460,  26281196117,  17711126992,10
83995000,  25423423460,  26281196117,  17711126992,10
84085000,  25495906533,  26349819003,  17784383025,10
84095000,  25495906533,  26349819003,  17784383025,10
84105000,  25495906533,  26349819003,  17784383025,10
84195000,  25575322319,  26430002179,  17852571232,10
84205000,  25575322319,  26430002179,  17852571232,10
84215000,  25575322319,  26430002179,  17852571232,10
84305000,  25651352285,  26459880220,  17875029428,10
84315000,  25651352285,  26459880220,  17875029428,10
84325000,  25651352285,  26459880220,  17875029428,10
84415000,  25685650218,  26541277085,  17944650080,10
84425000,  25685650218,  26541277085,  17944650080,10
84435000,  25685650218,  26541277085,  17944650080,10
84525000,  25758302373,  26624023956,  18011341936,10
84535000,  25758302373,  26624023956,  18011341936,10
84545000,  25758302373,  26624023956,  18011341936,10
84635000,  25826963828,  26678686501,  18075404702,10
84645000,  25826963828,  26678686501,  18075404702,10
84655000,  25826963828,  26678686501,  18075404702,10
84745000,  25892857093,  26732103504,  18143698903,10
84755000,  25892857093,  26732103504,  18143698903,10
84765000,  25892857093,  26732103504,  18143698903,10
84855000,  25965194551,  26800317137,  18177429923,10
84865000,  25965194551,  26800317137,  18177429923,10
84875000,  25965194551,  26800317137,  18177429923,10
84965000,  26024666003,  26868327930,  18239830691,10
84975000,  26024666003,  26868327930,  18239830691,10
84985000,  26024666003,  26868327930,  18239830691,10
85075000,  26101381214,  26940544477,  18298656551,10
85085000,  26101381214,  26940544477,  18298656551,10
85095000,  26101381214,  26940544477,  18298656551,10
85185000,  26157298841,  27012657561,  18369369672,10
85195000,  26157298841,  27012657561,  18369369672,10
85205000,  26157298841,  27012657561,  18369369672,10
85295000,  26232729047,  27055080210,  18414516850,10
85305000,  26232729047,  27055080210,  18414516850,10
85315000,  26232729047,  27055080210,  18414516850,10
85405000,  26305648513,  27124667661,  18483712156,10
85415000,  26305648513,  27124667661,  18483712156,10
85425000,  26305648513,  27124667661,  18483712156,10
85515000,  26379840344,  27196789193,  18559424194,10
85525000,  26379840344,  27196789193,  18559424194,10
85535000,  26379840344,  27196789193,  18559424194,10
85625000,  26455291815,  27248024775,  18629940362,10
85635000,  26455291815,  27248024775,  18629940362,10
85645000,  26455291815,  27248024775,  18629940362,10
85735000,  26528651439,  27320385803,  18708668321,10
85745000,  26528651439,  27320385803,  18708668321,10
85755000,  26528651439,  27320385803,  18708668321,10
85845000,  26595927023,  27381848804,  18782251125,10
85855000,  26595927023,  27381848804,  18782251125,10
85865000,  26595927023,  27381848804,  18782251125,10
85955000,  26654060309,  27434694678,  18842525984,10
85965000,  26654060309,  27434694678,  18842525984,10
85975000,  26654060309,  27434694678,  18842525984,10
86065000,  26728245316,  27484258470,  18921491059,10
86075000,  26728245316,  27484258470,  18921491059,10
86085000,  26728245316,  27484258470,  18921491059,10
86175000,  26774770444,  27564193741,  19001007209,10
86185000,  26774770444,  27564193741,  19001007209,10
86195000,  26774770444,  27564193741,  19001007209,10
86285000,  26842740237,  27647255924,  19080464394,10
86295000,  26842740237,  27647255924,  19080464394,10
86305000,  26842740237,  27647255924,  19080464394,10
86395000,  26873441697,  27706290054,  19156510134,10
86405000,  26873441697,  27706290054,  19156510134,10
86415000,  26873441697,  27706290054,  19156510134,10
86505000,  26943838365,  27768437080,  19235771759,10
86515000,  26943838365,  27768437080,  19235771759,10
86525000,  26943838365,  27768437080,  19235771759,10
86615000,  26970852845,  27848237225,  19273885723,10
86625000,  26970852845,  27848237225,  19273885723,10
86635000,  26970852845,  27848237225,  19273885723,10
86725000,  27047219939,  27927747784,  19334290787,10
86735000,  27047219939,  27927747784,  19334290787,10
86745000,  27047219939,  27927747784,  19334290787,10
86835000,  27116802190,  27996331121,  19406208541,10
86845000,  27116802190,  27996331121,  19406208541,10
86855000,  27116802190,  27996331121,  19406208541,10
86945000,  27124882218,  28069961427,  19446332827,10
86955000,  27124882218,  28069961427,  19446332827,10
86965000,  27124882218,  28069961427,  19446332827,10
87055000,  27192454688,  28140286687,  19460875787,10
87065000,  27192454688,  28140286687,  19460875787,10
87075000,  27192454688,  28140286687,  19460875787,10
87165000,  27258169694,  28192271035,  19537883275,10
87175000,  27258169694,  28192271035,  19537883275,10
87185000,  27258169694,  28192271035,  19537883275,10
87275000,  27326975862,  28271008912,  19616159102,10
87285000,  27326975862,  28271008912,  19616159102,10
87295000,  27326975862,  28271008912,  19616159102,10
87385000,  27397208842,  28346778357,  19697149372,10
87395000,  27397208842,  28346778357,  19697149372,10
87405000,  27397208842,  28346778357,  19697149372,10
87495000,  27453650096,  28428401072,  19768565980,10
87505000,  27453650096,  28428401072,  19768565980,10
87515000,  27453650096,  28428401072,  19768565980,10
87605000,  27506954374,  28512131452,  19846461380,10
87615000,  27506954374,  28512131452,  19846461380,10
87625000,  27506954374,  28512131452,  19846461380,10
87715000,  27576727458,  28579888386,  19914540409,10
87725000,  27576727458,  28579888386,  19914540409,10
87735000,  27576727458,  28579888386,  19914540409,10
87825000,  27648374831,  28592149839,  19991858781,10
87835000,  27648374831,  28592149839,  19991858781,10
87845000,  27648374831,  28592149839,  19991858781,10
87935000,  27725991744,  28671732871,  20071204542,10
87945000,  27725991744,  28671732871,  20071204542,10
87955000,  27725991744,  28671732871,  20071204542,10
88045000,  27790375560,  28738479428,  20125151910,10
88055000,  27790375560,  28738479428,  20125151910,10
88065000,  27790375560,  28738479428,  20125151910,10
88155000,  27867781378,  28812895356,  20177578216,10
88165000,  27867781378,  28812895356,  20177578216,10
88175000,  27867781378,  28812895356,  20177578216,10
88265000,  27939322037,  28847320234,  20256592642,10
88275000,  27939322037,  28847320234,  20256592642,10
88285000,  27939322037,  28847320234,  20256592642,10
88375000,  28015183548,  28921863676,  20303581122,10
88385000,  28015183548,  28921863676,  20303581122,10
88395000,  28015183548,  28921863676,  20303581122,10
88485000,  28034328721,  28980665625,  20383019884,10
88495000,  28034328721,  28980665625,  20383019884,10
88505000,  28034328721,  28980665625,  20383019884,10
88595000,  28104621411,  29026425965,  20457992338,10
88605000,  28104621411,  29026425965,  20457992338,10
88615000,  28104621411,  29026425965,  20457992338,10
88705000,  28182602124,  29092004940,  20522819432,10
88715000,  28182602124,  29092004940,  20522819432,10
88725000,  28182602124,  29092004940,  20522819432,10
88815000,  28243601743,  29176038308,  20582631369,10
88825000,  28243601743,  29176038308,  20582631369,10
88835000,  28243601743,  29176038308,  20582631369,10
88925000,  28308840665,  29259765237,  20654830552,10
88935000,  28308840665,  29259765237,  20654830552,10
88945000,  28308840665,  29259765237,  20654830552,10
89035000,  28369869793,  29342112428,  20727854649,10
89045000,  28369869793,  29342112428,  20727854649,10
89055000,  28369869793,  29342112428,  20727854649,10
89145000,  28442589594,  29425944561,  20810107602,10
89155000,  28442589594,  29425944561,  20810107602,10
89165000,  28442589594,  29425944561,  20810107602,10
89255000,  28505687699,  29504549804,  20882560684,10
89265000,  28505687699,  29504549804,  20882560684,10
89275000,  28505687699,  29504549804,  20882560684,10
89365000,  28579091804,  29584494466,  20964109442,10
89375000,  28579091804,  29584494466,  20964109442,10
89385000,  28579091804,  29584494466,  20964109442,10
89475000,  28653836944,  29665711347,  21024976530,10
89485000,  28653836944,  29665711347,  21024976530,10
89495000,  28653836944,  29665711347,  21024976530,10
89585000,  28730878320,  29726033390,  21097193901,10
89595000,  28730878320,  29726033390,  21097193901,10
89605000,  28730878320,  29726033390,  21097193901,10
89695000,  28795767504,  29801403357,  21150304609,10
89705000,  28795767504,  29801403357,  21150304609,10
89715000,  28795767504,  29801403357,  21150304609,10
89805000,  28869269740,  29873763450,  21199870150,10
89815000,  28869269740,  29873763450,  21199870150,10
89825000,  28869269740,  29873763450,  21199870150,10
89915000,  28930358987,  29930460753,  21277220010,10
89925000,  28930358987,  29930460753,  21277220010,10
89935000,  28930358987,  29930460753,  21277220010,10
90025000,  29000960481,  30011917462,  21341451874,10
90035000,  29000960481,  30011917462,  21341451874,10
90045000,  29000960481,  30011917462,  21341451874,10
90135000,  29074096180,  30065489023,  21404308916,10
90145000,  29074096180,  30065489023,  21404308916,10
90155000,  29074096180,  30065489023,  21404308916,10
90245000,  29153724596,  30135863549,  21485910662,10
90255000,  29153724596,  30135863549,  21485910662,10
90265000,  29153724596,  30135863549,  21485910662,10
90355000,  29216351892,  30194329097,  21531061910,10
90365000,  29216351892,  30194329097,  21531061910,10
90375000,  29216351892,  30194329097,  21531061910,10
90465000,  29284543313,  30254821802,  21601899195,10
90475000,  29284543313,  30254821802,  21601899195,10
90485000,  29284543313,  30254821802,  21601899195,10
90575000,  29359621910,  30302435994,  21683384969,10
90585000,  29359621910,  30302435994,  21683384969,10
90595000,  29359621910,  30302435994,  21683384969,10
90685000,  29414834470,  30349052782,  21760257569,10
90695000,  29414834470,  30349052782,  21760257569,10
90705000,  29414834470,  30349052782,  21760257569,10
90795000,  29479869108,  30422654690,  21825708370,10
90805000,  29479869108,  30422654690,  21825708370,10
90815000,  29479869108,  30422654690,  21825708370,10
90905000,  29535292696,  30500228014,  21904894119,10
90915000,  29535292696,  30500228014,  21904894119,10
90925000,  29535292696,  30500228014,  21904894119,10
91015000,  29609493208,  30563208767,  21959139028,10
91025000,  29609493208,  30563208767,  21959139028,10
91035000,  29609493208,  30563208767,  21959139028,10
91125000,  29687257980,  30642707236,  22034480219,10
91135000,  29687257980,  30642707236,  22034480219,10
91145000,  29687257980,  30642707236,  22034480219,10
91235000,  29747011507,  30713831366,  22114649856,10
91245000,  29747011507,  30713831366,  22114649856,10
91255000,  29747011507,  30713831366,  22114649856,10
91345000,  29813902825,  30789093244,  22159138849,10
91355000,  29813902825,  30789093244,  22159138849,10
91365000,  29813902825,  30789093244,  22159138849,10
91455000,  29890616735,  30860598019,  22234585467,10
91465000,  29890616735,  30860598019,  22234585467,10
91475000,  29890616735,  30860598019,  22234585467,10
91565000,  29969928469,  30938152379,  22298324356,10
91575000,  29969928469,  30938152379,  22298324356,10
91585000,  29969928469,  30938152379,  22298324356,10
91675000,  30023940616,  31017655135,  22303199307,10
91685000,  30023940616,  31017655135,  22303199307,10
91695000,  30023940616,  31017655135,  22303199307,10
91785000,  30102558080,  31084349440,  22381420934,10
91795000,  30102558080,  31084349440,  22381420934,10
91805000,  30102558080,  31084349440,  22381420934,10
91895000,  30160147556,  31165236005,  22429351780,10
91905000,  30160147556,  31165236005,  22429351780,10
91915000,  30160147556,  31165236005,  22429351780,10
92005000,  30224595365,  31217685921,  22500777602,10
92015000,  30224595365,  31217685921,  22500777602,10
92025000,  30224595365,  31217685921,  22500777602,10
92115000,  30295634142,  31293709618,  22574010086,10
92125000,  30295634142,  31293709618,  22574010086,10
92135000,  30295634142,  31293709618,  22574010086,10
92225000,  30339808405,  31340850254,  22641101628,10
92235000,  30339808405,  31340850254,  22641101628,10
92245000,  30339808405,  31340850254,  22641101628,10
92335000,  30399306702,  31417110541,  22717782599,10
92345000,  30399306702,  31417110541,  22717782599,10
92355000,  30399306702,  31417110541,  22717782599,10
92445000,  30470695633,  31500789766,  22779283495,10
92455000,  30470695633,  31500789766,  22779283495,10
92465000,  30470695633,  31500789766,  22779283495,10
92555000,  30526797174,  31563463869,  22860445609,10
92565000,  30526797174,  31563463869,  22860445609,10
92575000,  30526797174,  31563463869,  22860445609,10
92665000,  30585262050,  31632217052,  22931132289,10
92675000,  30585262050,  31632217052,  22931132289,10
92685000,  30585262050,  31632217052,  22931132289,10
92775000,  30621251250,  31711815862,  23006781944,10
92785000,  30621251250,  31711815862,  23006781944,10
92795000,  30621251250,  31711815862,  23006781944,10
92885000,  30696867647,  31778708751,  23075441010,10
92895000,  30696867647,  31778708751,  23075441010,10
92905000,  30696867647,  31778708751,  23075441010,10
92995000,  30775443130,  31847401375,  23139853961,10
93005000,  30775443130,  31847401375,  23139853961,10
93015000,  30775443130,  31847401375,  23139853961,10
93105000,  30827237638,  31929565135,  23219087496,10
93115000,  30827237638,  31929565135,  23219087496,10
93125000,  30827237638,  31929565135,  23219087496,10
93215000,  30904993964,  32007517690,  23232865651,10
93225000,  30904993964,  32007517690,  23232865651,10
93235000,  30904993964,  32007517690,  23232865651,10
93325000,  30980834999,  32089353528,  23274596750,10
93335000,  30980834999,  32089353528,  23274596750,10
93345000,  30980834999,  32089353528,  23274596750,10
93435000,  31058044828,  32130134792,  23353899110,10
93445000,  31058044828,  32130134792,  23353899110,10
93455000,  31058044828,  32130134792,  23353899110,10
93545000,  31126918706,  32211859903,  23381968836,10
93555000,  31126918706,  32211859903,  23381968836,10
93565000,  31126918706,  32211859903,  23381968836,10
93655000,  31200465517,  32254962756,  23451921413,10
93665000,  31200465517,  32254962756,  23451921413,10
93675000,  31200465517,  32254962756,  23451921413,10
93765000,  31268038001,  32328890585,  23525133571,10
93775000,  31268038001,  32328890585,  23525133571,10
93785000,  31268038001,  32328890585,  23525133571,10
93875000,  31346423882,  32393717050,  23603600509,10
93885000,  31346423882,  32393717050,  23603600509,10
93895000,  31346423882,  32393717050,  23603600509,10
93985000,  31422218285,  32464316530,  23685078330,10
93995000,  31422218285,  32464316530,  23685078330,10
94005000,  31422218285,  32464316530,  23685078330,10
94095000,  31499446901,  32531667607,  23753878016,10
94105000,  31499446901,  32531667607,  23753878016,10
94115000,  31499446901,  32531667607,  23753878016,10
94205000,  31574714610,  32610723858,  23831892372,10
94215000,  31574714610,  32610723858,  23831892372,10
94225000,  31574714610,  32610723858,  23831892372,10
94315000,  35828374818,  32659022742,  23897453800,10
94325000,  35828374818,  32659022742,  23897453800,10
94335000,  35828374818,  32659022742,  23897453800,10
94425000,  35879629085,  32719717698,  23978791190,10
94435000,  35879629085,  32719717698,  23978791190,10
94445000,  35879629085,  32719717698,  23978791190,10
94535000,  35953482041,  32801784973,  24031616547,10
94545000,  35953482041,  32801784973,  24031616547,10
94555000,  35953482041,  32801784973,  24031616547,10
94645000,  36019047322,  32867385573,  24107235072,10
94655000,  36019047322,  32867385573,  24107235072,10
94665000,  36019047322,  32867385573,  24107235072,10
94755000,  36086209192,  32950774564,  24173181785,10
94765000,  36086209192,  32950774564,  24173181785,10
94775000,  36086209192,  32950774564,  24173181785,10
94865000,  36141426975,  33032196713,  24238085743,10
94875000,  36141426975,  33032196713,  24238085743,10
94885000,  36141426975,  33032196713,  24238085743,10
94975000,  36219825231,  33097335186,  24303927883,10
94985000,  36219825231,  33097335186,  24303927883,10
94995000,  36219825231,  33097335186,  24303927883,10
95085000,  36290736716,  33150138042,  24381708377,10
95095000,  36290736716,  33150138042,  24381708377,10
95105000,  36290736716,  33150138042,  24381708377,10
95195000,  36354928354,  33212669626,  24444292553,10
95205000,  36354928354,  33212669626,  24444292553,10
95215000,  36354928354,  33212669626,  24444292553,10
95305000,  36393006199,  33286712816,  24523453510,10
95315000,  36393006199,  33286712816,  24523453510,10
95325000,  36393006199,  33286712816,  24523453510,10
95415000,  36464598300,  33331579116,  24588609310,10
95425000,  36464598300,  33331579116,  24588609310,10
95435000,  36464598300,  33331579116,  24588609310,10
95525000,  36538761644,  33362741737,  24641181444,10
95535000,  36538761644,  33362741737,  24641181444,10
95545000,  36538761644,  33362741737,  24641181444,10
95635000,  36616421944,  33446145031,  24719099638,10
95645000,  36616421944,  33446145031,  24719099638,10
95655000,  36616421944,  33446145031,  24719099638,10
95745000,  40851644606,  33505455516,  24760217808,10
95755000,  40851644606,  33505455516,  24760217808,10
95765000,  40851644606,  33505455516,  24760217808,10
95855000,  40864823641,  33576848409,  24830740540,10
95865000,  40864823641,  33576848409,  24830740540,10
95875000,  40864823641,  33576848409,  24830740540,10
95965000,  40940177058,  33644572858,  24910895159,10
95975000,  40940177058,  33644572858,  24910895159,10
95985000,  40940177058,  33644572858,  24910895159,10
96075000,  41018406638,  33699703931,  24989807194,10
96085000,  41018406638,  33699703931,  24989807194,10
96095000,  41018406638,  33699703931,  24989807194,10
96185000,  41081304804,  33776218160,  25070677306,10
96195000,  41081304804,  33776218160,  25070677306,10
96205000,  41081304804,  33776218160,  25070677306,10
96295000,  41159485446,  33857901531,  25148344753,10
96305000,  41159485446,  33857901531,  25148344753,10
96315000,  41159485446,  33857901531,  25148344753,10
96405000,  41210021138,  33928568415,  25226850735,10
96415000,  41210021138,  33928568415,  25226850735,10
96425000,  41210021138,  33928568415,  25226850735,10
96515000,  41287103524,  34010810509,  25271965878,10
96525000,  41287103524,  34010810509,  25271965878,10
96535000,  41287103524,  34010810509,  25271965878,10
96625000,  41365732414,  34088484025,  25349896719,10
96635000,  41365732414,  34088484025,  25349896719,10
96645000,  41365732414,  34088484025,  25349896719,10
96735000,  41423095662,  34146015344,  25425869932,10
96745000,  41423095662,  34146015344,  25425869932,10
96755000,  41423095662,  34146015344,  25425869932,10
96845000,  41495807871,  34216961789,  25486309696,10
96855000,  41495807871,  34216961789,  25486309696,10
96865000,  41495807871,  34216961789,  25486309696,10
96955000,  41564023526,  34274236309,  25567822110,10
96965000,  41564023526,  34274236309,  25567822110,10
96975000,  41564023526,  34274236309,  25567822110,10
97065000,  41643117336,  34355091748,  25633359178,10
97075000,  41643117336,  34355091748,  25633359178,10
97085000,  41643117336,  34355091748,  25633359178,10
97175000,  41714606950,  34376696429,  25694242475,10
97185000,  41714606950,  34376696429,  25694242475,10
97195000,  41714606950,  34376696429,  25694242475,10
97285000,  41788485961,  34457002266,  25764332219,10
97295000,  41788485961,  34457002266,  25764332219,10
97305000,  41788485961,  34457002266,  25764332219,10
97395000,  41867253878,  34538332242,  25840930109,10
97405000,  41867253878,  34538332242,  25840930109,10
97415000,  41867253878,  34538332242,  25840930109,10
97505000,  41945108339,  34617488193,  25911491143,10
97515000,  41945108339,  34617488193,  25911491143,10
97525000,  41945108339,  34617488193,  25911491143,10
97615000,  42023871260,  34678966874,  25979187678,10
97625000,  42023871260,  34678966874,  25979187678,10
97635000,  42023871260,  34678966874,  25979187678,10
97725000,  42077304807,  34761875074,  26026874416,10
97735000,  42077304807,  34761875074,  26026874416,10
97745000,  42077304807,  34761875074,  26026874416,10
97835000,  42138559051,  34806224444,  26091410041,10
97845000,  42138559051,  34806224444,  26091410041,10
97855000,  42138559051,  34806224444,  26091410041,10
97945000,  42165893865,  34874375897,  26162677131,10
97955000,  42165893865,  34874375897,  26162677131,10
97965000,  42165893865,  34874375897,  26162677131,10
98055000,  42211916955,  34947632859,  26209166778,10
98065000,  42211916955,  34947632859,  26209166778,10
98075000,  42211916955,  34947632859,  26209166778,10
98165000,  42291428060,  35020096223,  26256078516,10
98175000,  42291428060,  35020096223,  26256078516,10
98185000,  42291428060,  35020096223,  26256078516,10
98275000,  42366869338,  35101071388,  26305515828,10
98285000,  42366869338,  35101071388,  26305515828,10
98295000,  42366869338,  35101071388,  26305515828,10
98385000,  42431871399,  35173942973,  26372316837,10
98395000,  42431871399,  35173942973,  26372316837,10
98405000,  42431871399,  35173942973,  26372316837,10
98495000,  42496843495,  35220603630,  26436409361,10
98505000,  42496843495,  35220603630,  26436409361,10
98515000,  42496843495,  35220603630,  26436409361,10
98605000,  42560465788,  35298834817,  26518151028,10
98615000,  42560465788,  35298834817,  26518151028,10
98625000,  42560465788,  35298834817,  26518151028,10
98715000,  42631565060,  35356154098,  26590567077,10
98725000,  42631565060,  35356154098,  26590567077,10
98735000,  42631565060,  35356154098,  26590567077,10
98825000,  42693827703,  35415664836,  26650611662,10
98835000,  42693827703,  35415664836,  26650611662,10
98845000,  42693827703,  35415664836,  26650611662,10
98935000,  42756582208,  35494111876,  26718199884,10
98945000,  42756582208,  35494111876,  26718199884,10
98955000,  42756582208,  35494111876,  26718199884,10
99045000,  42828372800,  35495859310,  26796949787,10
99055000,  42828372800,  35495859310,  26796949787,10
99065000,  42828372800,  35495859310,  26796949787,10
99155000,  42872294026,  35570933978,  26878353144,10
99165000,  42872294026,  35570933978,  26878353144,10
99175000,  42872294026,  35570933978,  26878353144,10
99265000,  42948816722,  35649234635,  26921767915,10
99275000,  42948816722,  35649234635,  26921767915,10
99285000,  42948816722,  35649234635,  26921767915,10
99375000,  43015502068,  35711702836,  27004212356,10
99385000,  43015502068,  35711702836,  27004212356,10
99395000,  43015502068,  35711702836,  27004212356,10
99485000,  43021099546,  35793513657,  27082056350,10
99495000,  43021099546,  35793513657,  27082056350,10
99505000,  43021099546,  35793513657,  27082056350,10
99595000,  43099464815,  35874817539,  27118518454,10
99605000,  43099464815,  35874817539,  27118518454,10
99615000,  43099464815,  35874817539,  27118518454,10
99705000,  43177704311,  35912980466,  27196246093,10
99715000,  43177704311,  35912980466,  27196246093,10
99725000,  43177704311,  35912980466,  27196246093,10
99815000,  43209515814,  35994281670,  27271496705,10
99825000,  43209515814,  35994281670,  27271496705,10
99835000,  43209515814,  35994281670,  27271496705,10
99925000,  43271992735,  36074965568,  27348135160,10
99935000,  43271992735,  36074965568,  27348135160,10
99945000,  43271992735,  36074965568,  27348135160,10
100035000,  43333976518,  36148230489,  27413655061,10
100045000,  43333976518,  36148230489,  27413655061,10
100055000,  43333976518,  36148230489,  27413655061,10
100145000,  43413435412,  36223045993,  27471705848,10
100155000,  43413435412,  36223045993,  27471705848,10
100165000,  43413435412,  36223045993,  27471705848,10
100255000,  43492903221,  36274417832,  27553760628,10
100265000,  43492903221,  36274417832,  27553760628,10
100275000,  43492903221,  36274417832,  27553760628,10
100365000,  43506521416,  36324808418,  27602280835,10
100375000,  43506521416,  36324808418,  27602280835,10
100385000,  43506521416,  36324808418,  27602280835,10
100475000,  43564631120,  36396048321,  27670025514,10
100485000,  43564631120,  36396048321,  27670025514,10
100495000,  43564631120,  36396048321,  27670025514,10
100585000,  43637230277,  36476838769,  27726679186,10
100595000,  43637230277,  36476838769,  27726679186,10
100605000,  43637230277,  36476838769,  27726679186,10
100695000,  43678662239,  36558038145,  27797179337,10
100705000,  43678662239,  36558038145,  27797179337,10
100715000,  43678662239,  36558038145,  27797179337,10
100805000,  43743287064,  36590177016,  27875529969,10
100815000,  43743287064,  36590177016,  27875529969,10
100825000,  43743287064,  36590177016,  27875529969,10
100915000,  43782680353,  36670122090,  27956145973,10
100925000,  43782680353,  36670122090,  27956145973,10
100935000,  43782680353,  36670122090,  27956145973,10
101025000,  43814687115,  36702761041,  28015816219,10
101035000,  43814687115,  36702761041,  28015816219,10
101045000,  43814687115,  36702761041,  28015816219,10
101135000,  43867176928,  36762015098,  28086263728,10
101145000,  43867176928,  36762015098,  28086263728,10
101155000,  43867176928,  36762015098,  28086263728,10
101245000,  43935456882,  36825341855,  28142579961,10
101255000,  43935456882,  36825341855,  28142579961,10
101265000,  43935456882,  36825341855,  28142579961,10
101355000,  44009385766,  36905394905,  28215207760,10
101365000,  44009385766,  36905394905,  28215207760,10
101375000,  44009385766,  36905394905,  28215207760,10
101465000,  44071318624,  36944893590,  28272959625,10
101475000,  44071318624,  36944893590,  28272959625,10
101485000,  44071318624,  36944893590,  28272959625,10
101575000,  44149632883,  37013783726,  28353611576,10
101585000,  44149632883,  37013783726,  28353611576,10
101595000,  44149632883,  37013783726,  28353611576,10
101685000,  44226223438,  37092163221,  28423324009,10
101695000,  44226223438,  37092163221,  28423324009,10
101705000,  44226223438,  37092163221,  28423324009,10
101795000,  44306016455,  37167320158,  28464304363,10
101805000,  44306016455,  37167320158,  28464304363,10
101815000,  44306016455,  37167320158,  28464304363,10
101905000,  44374016410,  37205021255,  28534401321,10
101915000,  44374016410,  37205021255,  28534401321,10
101925000,  44374016410,  37205021255,  28534401321,10
102015000,  44453541600,  37288117298,  28571250523,10
102025000,  44453541600,  37288117298,  28571250523,10
102035000,  44453541600,  37288117298,  28571250523,10
102125000,  44527294844,  37369990268,  28635905370,10
102135000,  44527294844,  37369990268,  28635905370,10
102145000,  44527294844,  37369990268,  28635905370,10
102235000,  44580483483,  37452829210,  28685641116,10
102245000,  44580483483,  37452829210,  28685641116,10
102255000,  44580483483,  37452829210,  28685641116,10
102345000,  44635501088,  37522978828,  28763457089,10
102355000,  44635501088,  37522978828,  28763457089,10
102365000,  44635501088,  37522978828,  28763457089,10
102455000,  44707934168,  37595081831,  28827988658,10
102465000,  44707934168,  37595081831,  28827988658,10
102475000,  44707934168,  37595081831,  28827988658,10
102565000,  44778652084,  37672210574,  28885063635,10
102575000,  44778652084,  37672210574,  28885063635,10
102585000,  44778652084,  37672210574,  28885063635,10
102675000,  44851807393,  37750582886,  28939495589,10
102685000,  44851807393,  37750582886,  28939495589,10
102695000,  44851807393,  37750582886,  28939495589,10
102785000,  44925399773,  37797763644,  29021139786,10
102795000,  44925399773,  37797763644,  29021139786,10
102805000,  44925399773,  37797763644,  29021139786,10
102895000,  44978411722,  37861970007,  29097119375,10
102905000,  44978411722,  37861970007,  29097119375,10
102915000,  44978411722,  37861970007,  29097119375,10
103005000,  45054822050,  37918166358,  29162096459,10
103015000,  45054822050,  37918166358,  29162096459,10
103025000,  45054822050,  37918166358,  29162096459,10
103115000,  45114381775,  37993716607,  29223757158,10
103125000,  45114381775,  37993716607,  29223757158,10
103135000,  45114381775,  37993716607,  29223757158,10
103225000,  45189399906,  38052184354,  29286222235,10
103235000,  45189399906,  38052184354,  29286222235,10
103245000,  45189399906,  38052184354,  29286222235,10
103335000,  45252769829,  38130347599,  29319743393,10
103345000,  45252769829,  38130347599,  29319743393,10
103355000,  45252769829,  38130347599,  29319743393,10
103445000,  45316728521,  38203845083,  29384898702,10
103455000,  45316728521,  38203845083,  29384898702,10
103465000,  45316728521,  38203845083,  29384898702,10
103555000,  45392579492,  38279106288,  29431116746,10
103565000,  45392579492,  38279106288,  29431116746,10
103575000,  45392579492,  38279106288,  29431116746,10
103665000,  45451561454,  38351132302,  29483388768,10
103675000,  45451561454,  38351132302,  29483388768,10
103685000,  45451561454,  38351132302,  29483388768,10
103775000,  45526032240,  38435238175,  29554031472,10
103785000,  45526032240,  38435238175,  29554031472,10
103795000,  45526032240,  38435238175,  29554031472,10
103885000,  45605135423,  38493685826,  29628213873,10
103895000,  45605135423,  38493685826,  29628213873,10
103905000,  45605135423,  38493685826,  29628213873,10
103995000,  45646473816,  38563844322,  29700645589,10
104005000,  45646473816,  38563844322,  29700645589,10
104015000,  45646473816,  38563844322,  29700645589,10
104105000,  45725499028,  38640661118,  29775625222,10
104115000,  45725499028,  38640661118,  29775625222,10
104125000,  45725499028,  38640661118,  29775625222,10
104215000,  45798668858,  38716800239,  29851257233,10
104225000,  45798668858,  38716800239,  29851257233,10
104235000,  45798668858,  38716800239,  29851257233,10
104325000,  45866602080,  38797309444,  29851892696,10
104335000,  45866602080,  38797309444,  29851892696,10
104345000,  45866602080,  38797309444,  29851892696,10
104435000,  45925644941,  38865540369,  29930948290,10
104445000,  45925644941,  38865540369,  29930948290,10
104455000,  45925644941,  38865540369,  29930948290,10
104545000,  45993384188,  38941652075,  30002104103,10
104555000,  45993384188,  38941652075,  30002104103,10
104565000,  45993384188,  38941652075,  30002104103,10
104655000,  46065610236,  39012406178,  30072986758,10
104665000,  46065610236,  39012406178,  30072986758,10
104675000,  46065610236,  39012406178,  30072986758,10
104765000,  46089825485,  39081125903,  30142695495,10
104775000,  46089825485,  39081125903,  30142695495,10
104785000,  46089825485,  39081125903,  30142695495,10
104875000,  46155957623,  39150187903,  30218369767,10
104885000,  46155957623,  39150187903,  30218369767,10
104895000,  46155957623,  39150187903,  30218369767,10
104985000,  46218285582,  39231302137,  30294924726,10
104995000,  46218285582,  39231302137,  30294924726,10
105005000,  46218285582,  39231302137,  30294924726,10
105095000,  46279822014,  39307625109,  30297080096,10
105105000,  46279822014,  39307625109,  30297080096,10
105115000,  46279822014,  39307625109,  30297080096,10
105205000,  46322474529,  39385493014,  30367881582,10
105215000,  46322474529,  39385493014,  30367881582,10
105225000,  46322474529,  39385493014,  30367881582,10
105315000,  46387979414,  39444537626,  30361966375,10
105325000,  46387979414,  39444537626,  30361966375,10
105335000,  46387979414,  39444537626,  30361966375,10
105425000,  46447002430,  39518675237,  30381376660,10
105435000,  46447002430,  39518675237,  30381376660,10
105445000,  46447002430,  39518675237,  30381376660,10
105535000,  46469333806,  39588392659,  30461170249,10
105545000,  46469333806,  39588392659,  30461170249,10
105555000,  46469333806,  39588392659,  30461170249,10
105645000,  46511593791,  39670342856,  30502856778,10
105655000,  46511593791,  39670342856,  30502856778,10
105665000,  46511593791,  39670342856,  30502856778,10
105755000,  46576328786,  39724772101,  30572907175,10
105765000,  46576328786,  39724772101,  30572907175,10
105775000,  46576328786,  39724772101,  30572907175,10
105865000,  46633559589,  39800467193,  30643845822,10
105875000,  46633559589,  39800467193,  30643845822,10
105885000,  46633559589,  39800467193,  30643845822,10
105975000,  46688203998,  39853018610,  30721959233,10
105985000,  46688203998,  39853018610,  30721959233,10
105995000,  46688203998,  39853018610,  30721959233,10
106085000,  46756389791,  39921154072,  30771291323,10
106095000,  46756389791,  39921154072,  30771291323,10
106105000,  46756389791,  39921154072,  30771291323,10
106195000,  46809884429,  39949228674,  30846768519,10
106205000,  46809884429,  39949228674,  30846768519,10
106215000,  46809884429,  39949228674,  30846768519,10
106305000,  46885445060,  40021793482,  30924565690,10
106315000,  46885445060,  40021793482,  30924565690,10
106325000,  46885445060,  40021793482,  30924565690,10
106415000,  46951256406,  40095549445,  31006742792,10
106425000,  46951256406,  40095549445,  31006742792,10
106435000,  46951256406,  40095549445,  31006742792,10
106525000,  47026486021,  40159915330,  31069365798,10
106535000,  47026486021,  40159915330,  31069365798,10
106545000,  47026486021,  40159915330,  31069365798,10
106635000,  47091441178,  40242214527,  31137315903,10
106645000,  47091441178,  40242214527,  31137315903,10
106655000,  47091441178,  40242214527,  31137315903,10
106745000,  47168122891,  40306846208,  31215396984,10
106755000,  47168122891,  40306846208,  31215396984,10
106765000,  47168122891,  40306846208,  31215396984,10
106855000,  47243923645,  40361525042,  31293851416,10
106865000,  47243923645,  40361525042,  31293851416,10
106875000,  47243923645,  40361525042,  31293851416,10
106965000,  47308843914,  40432001665,  31356647650,10
106975000,  47308843914,  40432001665,  31356647650,10
106985000,  47308843914,  40432001665,  31356647650,10
107075000,  47326583197,  40502843600,  31435622479,10
107085000,  47326583197,  40502843600,  31435622479,10
107095000,  47326583197,  40502843600,  31435622479,10
107185000,  47384598225,  40574259299,  31510305945,10
107195000,  47384598225,  40574259299,  31510305945,10
107205000,  47384598225,  40574259299,  31510305945,10
107295000,  47440557013,  40637326121,  31589467711,10
107305000,  47440557013,  40637326121,  31589467711,10
107315000,  47440557013,  40637326121,  31589467711,10
107405000,  47498426204,  40706630889,  31663717334,10
107415000,  47498426204,  40706630889,  31663717334,10
107425000,  47498426204,  40706630889,  31663717334,10
107515000,  47574952668,  40772428559,  31708195713,10
107525000,  47574952668,  40772428559,  31708195713,10
107535000,  47574952668,  40772428559,  31708195713,10
107625000,  47635426158,  40819518835,  31778303903,10
107635000,  47635426158,  40819518835,  31778303903,10
107645000,  47635426158,  40819518835,  31778303903,10
107735000,  47701172382,  40903285724,  31854922490,10
107745000,  47701172382,  40903285724,  31854922490,10
107755000,  47701172382,  40903285724,  31854922490,10
107845000,  47773741678,  40966402802,  31916182235,10
107855000,  47773741678,  40966402802,  31916182235,10
107865000,  47773741678,  40966402802,  31916182235,10
107955000,  47799478358,  41046845432,  31984868675,10
107965000,  47799478358,  41046845432,  31984868675,10
107975000,  47799478358,  41046845432,  31984868675,10
108065000,  47861783706,  41088143690,  32064134316,10
108075000,  47861783706,  41088143690,  32064134316,10
108085000,  47861783706,  41088143690,  32064134316,10
108175000,  47934898854,  41145900426,  32131126500,10
108185000,  47934898854,  41145900426,  32131126500,10
108195000,  47934898854,  41145900426,  32131126500,10
108285000,  48001007869,  41216427690,  32195373480,10
108295000,  48001007869,  41216427690,  32195373480,10
108305000,  48001007869,  41216427690,  32195373480,10
108395000,  48066015495,  41283700812,  32269401644,10
108405000,  48066015495,  41283700812,  32269401644,10
108415000,  48066015495,  41283700812,  32269401644,10
108505000,  48131858827,  41335507552,  32317043666,10
108515000,  48131858827,  41335507552,  32317043666,10
108525000,  48131858827,  41335507552,  32317043666,10
108615000,  48186625204,  41394797942,  32367437621,10
108625000,  48186625204,  41394797942,  32367437621,10
108635000,  48186625204,  41394797942,  32367437621,10
108725000,  48260108905,  41471618559,  32442484426,10
108735000,  48260108905,  41471618559,  32442484426,10
108745000,  48260108905,  41471618559,  32442484426,10
108835000,  52535554639,  41505661631,  32515293167,10
108845000,  52535554639,  41505661631,  32515293167,10
108855000,  52535554639,  41505661631,  32515293167,10
108945000,  52612098341,  41582242868,  32587785510,10
108955000,  52612098341,  41582242868,  32587785510,10
108965000,  52612098341,  41582242868,  32587785510,10
109055000,  52685585159,  41632517209,  32662939341,10
109065000,  52685585159,  41632517209,  32662939341,10
109075000,  52685585159,  41632517209,  32662939341,10
109165000,  52751459408,  41709460350,  32711290193,10
109175000,  52751459408,  41709460350,  32711290193,10
109185000,  52751459408,  41709460350,  32711290193,10
109275000,  52814651937,  41787617543,  32782353622,10
109285000,  52814651937,  41787617543,  32782353622,10
109295000,  52814651937,  41787617543,  32782353622,10
109385000,  52875406942,  41854406426,  32832291515,10
109395000,  52875406942,  41854406426,  32832291515,10
109405000,  52875406942,  41854406426,  32832291515,10
109495000,  52936706237,  41927953023,  32907655841,10
109505000,  52936706237,  41927953023,  32907655841,10
109515000,  52936706237,  41927953023,  32907655841,10
109605000,  52995189818,  42003680391,  32989569338,10
109615000,  52995189818,  42003680391,  32989569338,10
109625000,  52995189818,  42003680391,  32989569338,10
109715000,  53055111066,  42040540663,  33070594174,10
109725000,  53055111066,  42040540663,  33070594174,10
109735000,  53055111066,  42040540663,  33070594174,10
109825000,  53128693794,  42105740434,  33138367710,10
109835000,  53128693794,  42105740434,  33138367710,10
109845000,  53128693794,  42105740434,  33138367710,10
109935000,  53175445012,  42180534965,  33196382143,10
109945000,  53175445012,  42180534965,  33196382143,10
109955000,  53175445012,  42180534965,  33196382143,10
110045000,  53246953586,  42222049463,  33218255054,10
110055000,  53246953586,  42222049463,  33218255054,10
110065000,  53246953586,  42222049463,  33218255054,10
110195000,     79648285,     77305226,     79046955,01
110205000,     79648285,     77305226,     79046955,01
110215000,     79648285,     77305226,     79046955,01
110305000,    149801295,    151949320,    150873491,01
110315000,    149801295,    151949320,    150873491,01
110325000,    149801295,    151949320,    150873491,01
110415000,    214615282,    193866909,    228959523,01
110425000,    214615282,    193866909,    228959523,01
110435000,    214615282,    193866909,    228959523,01
110525000,    279216924,    275785232,    299482165,01
110535000,    279216924,    275785232,    299482165,01
110545000,    279216924,    275785232,    299482165,01
110635000,    346271671,    358662932,    338269160,01
110645000,    346271671,    358662932,    338269160,01
110655000,    346271671,    358662932,    338269160,01
110745000,    423504328,    434039643,    349714150,01
110755000,    423504328,    434039643,    349714150,01
110765000,    423504328,    434039643,    349714150,01
110855000,    496789770,    495240958,    429324001,01
110865000,    496789770,    495240958,    429324001,01
110875000,    496789770,    495240958,    429324001,01
110965000,    564373957,    577219501,    491375087,01
110975000,    564373957,    577219501,    491375087,01
110985000,    564373957,    577219501,    491375087,01
111075000,    625997025,    606725618,    534998708,01
111085000,    625997025,    606725618,    534998708,01
111095000,    625997025,    606725618,    534998708,01
111185000,    700836100,    681407559,    610886174,01
111195000,    700836100,    681407559,    610886174,01
111205000,    700836100,    681407559,    610886174,01
111295000,    773191843,    764008758,    690721607,01
111305000,    773191843,    764008758,    690721607,01
111315000,    773191843,    764008758,    690721607,01
111405000,    844230168,    828613657,    729091687,01
111415000,    844230168,    828613657,    729091687,01
111425000,    844230168,    828613657,    729091687,01
111515000,    919682215,    907386574,    767548748,01
111525000,    919682215,    907386574,    767548748,01
111535000,    919682215,    907386574,    767548748,01
111625000,    981997597,    978917148,    835099488,01
111635000,    981997597,    978917148,    835099488,01
111645000,    981997597,    978917148,    835099488,01
111735000,   1015690513,   1024573158,    916322636,01
111745000,   1015690513,   1024573158,    916322636,01
111755000,   1015690513,   1024573158,    916322636,01
111845000,   1080626587,   1104995037,    991690874,01
111855000,   1080626587,   1104995037,    991690874,01
111865000,   1080626587,   1104995037,    991690874,01
111955000,   1139271603,   1184409092,   1063009073,01
111965000,   1139271603,   1184409092,   1063009073,01
111975000,   1139271603,   1184409092,   1063009073,01
112065000,   1198651487,   1263215197,   1143685743,01
112075000,   1198651487,   1263215197,   1143685743,01
112085000,   1198651487,   1263215197,   1143685743,01
112175000,   1270778575,   1342294517,   1222399638,01
112185000,   1270778575,   1342294517,   1222399638,01
112195000,   1270778575,   1342294517,   1222399638,01
112285000,   1313025999,   1423563210,   1279621201,01
112295000,   1313025999,   1423563210,   1279621201,01
112305000,   1313025999,   1423563210,   1279621201,01
112395000,   1385888998,   1493611044,   1349691417,01
112405000,   1385888998,   1493611044,   1349691417,01
112415000,   1385888998,   1493611044,   1349691417,01
112505000,   1464788670,   1534718524,   1425199000,01
112515000,   1464788670,   1534718524,   1425199000,01
112525000,   1464788670,   1534718524,   1425199000,01
112615000,   1528044819,   1611335362,   1496753049,01
112625000,   1528044819,   1611335362,   1496753049,01
112635000,   1528044819,   1611335362,   1496753049,01
112725000,   1591052925,   1689177069,   1564419823,01
112735000,   1591052925,   1689177069,   1564419823,01
112745000,   1591052925,   1689177069,   1564419823,01
112835000,   1669096714,   1769773082,   1629054640,01
112845000,   1669096714,   1769773082,   1629054640,01
112855000,   1669096714,   1769773082,   1629054640,01
112945000,   1744818493,   1852611348,   1706592656,01
112955000,   1744818493,   1852611348,   1706592656,01
112965000,   1744818493,   1852611348,   1706592656,01
113055000,   1783011861,   1922170880,   1768079553,01
113065000,   1783011861,   1922170880,   1768079553,01
113075000,   1783011861,   1922170880,   1768079553,01
113165000,   1854832880,   1998768965,   1832927145,01
113175000,   1854832880,   1998768965,   1832927145,01
113185000,   1854832880,   1998768965,   1832927145,01
113275000,   1926564479,   2064565101,   1887896315,01
113285000,   1926564479,   2064565101,   1887896315,01
113295000,   1926564479,   2064565101,   1887896315,01
113385000,   1973671334,   2080283020,   1966550473,01
113395000,   1973671334,   2080283020,   1966550473,01
113405000,   1973671334,   2080283020,   1966550473,01
113495000,   2038335714,   2132823420,   2038552186,01
113505000,   2038335714,   2132823420,   2038552186,01
113515000,   2038335714,   2132823420,   2038552186,01
113605000,   2081544415,   2209566491,   2080288937,01
113615000,   2081544415,   2209566491,   2080288937,01
113625000,   2081544415,   2209566491,   2080288937,01
113715000,   2160781311,   2221536978,   2157897925,01
113725000,   2160781311,   2221536978,   2157897925,01
113735000,   2160781311,   2221536978,   2157897925,01
113825000,   2214424786,   2302169161,   2233313827,01
113835000,   2214424786,   2302169161,   2233313827,01
113845000,   2214424786,   2302169161,   2233313827,01
113935000,   2292192759,   2379806241,   2312892655,01
113945000,   2292192759,   2379806241,   2312892655,01
113955000,   2292192759,   2379806241,   2312892655,01
114045000,   2369812982,   2449411257,   2392021004,01
114055000,   2369812982,   2449411257,   2392021004,01
114065000,   2369812982,   2449411257,   2392021004,01
114155000,   2442554016,   2515433769,   2448903401,01
114165000,   2442554016,   2515433769,   2448903401,01
114175000,   2442554016,   2515433769,   2448903401,01
114265000,   2515102250,   2574499315,   2528948572,01
114275000,   2515102250,   2574499315,   2528948572,01
114285000,   2515102250,   2574499315,   2528948572,01
114375000,   2578739977,   2648305797,   2596451169,01
114385000,   2578739977,   2648305797,   2596451169,01
114395000,   2578739977,   2648305797,   2596451169,01
114485000,   2657632536,   2725543609,   2678282558,01
114495000,   2657632536,   2725543609,   2678282558,01
114505000,   2657632536,   2725543609,   2678282558,01
114595000,   2724289602,   2765590853,   2732064528,01
114605000,   2724289602,   2765590853,   2732064528,01
114615000,   2724289602,   2765590853,   2732064528,01
114705000,   2755122959,   2844331719,   2802003544,01
114715000,   2755122959,   2844331719,   2802003544,01
114725000,   2755122959,   2844331719,   2802003544,01
114815000,   2793846496,   2917560716,   2866692877,01
114825000,   2793846496,   2917560716,   2866692877,01
114835000,   2793846496,   2917560716,   2866692877,01
114925000,   2856281575,   2981975488,   2919171402,01
114935000,   2856281575,   2981975488,   2919171402,01
114945000,   2856281575,   2981975488,   2919171402,01
115035000,   2921231017,   3036494226,   2993544504,01
115045000,   2921231017,   3036494226,   2993544504,01
115055000,   2921231017,   3036494226,   2993544504,01
115145000,   2988225998,   3099302403,   3054686190,01
115155000,   2988225998,   3099302403,   3054686190,01
115165000,   2988225998,   3099302403,   3054686190,01
115255000,   3067966704,   3155366753,   3119890573,01
115265000,   3067966704,   3155366753,   3119890573,01
115275000,   3067966704,   3155366753,   3119890573,01
115365000,   3134654853,   3238765092,   3181965334,01
115375000,   3134654853,   3238765092,   3181965334,01
115385000,   3134654853,   3238765092,   3181965334,01
115475000,   3188287741,   3296229455,   3241131286,01
115485000,   3188287741,   3296229455,   3241131286,01
115495000,   3188287741,   3296229455,   3241131286,01
115585000,   3249854278,   3370964908,   3295552600,01
115595000,   3249854278,   3370964908,   3295552600,01
115605000,   3249854278,   3370964908,   3295552600,01
115695000,   3322654141,   3441943157,   3356641358,01
115705000,   3322654141,   3441943157,   3356641358,01
115715000,   3322654141,   3441943157,   3356641358,01
115805000,   3395592192,   3522518410,   3432911610,01
115815000,   3395592192,   3522518410,   3432911610,01
115825000,   3395592192,   3522518410,   3432911610,01
115915000,   3473982670,   3566678829,   3500592201,01
115925000,   3473982670,   3566678829,   3500592201,01
115935000,   3473982670,   3566678829,   3500592201,01
116025000,   3535489487,   3632588550,   3554165978,01
116035000,   3535489487,   3632588550,   3554165978,01
116045000,   3535489487,   3632588550,   3554165978,01
116135000,   3600026502,   3711658054,   3623614703,01
116145000,   3600026502,   3711658054,   3623614703,01
116155000,   3600026502,   3711658054,   3623614703,01
116245000,   3651388066,   3790404221,   3684320860,01
116255000,   3651388066,   3790404221,   3684320860,01
116265000,   3651388066,   3790404221,   3684320860,01
116355000,   3707752379,   3865223234,   3763219586,01
116365000,   3707752379,   3865223234,   3763219586,01
116375000,   3707752379,   3865223234,   3763219586,01
116465000,   3770576850,   3922026186,   3837285049,01
116475000,   3770576850,   3922026186,   3837285049,01
116485000,   3770576850,   3922026186,   3837285049,01
116575000,   3831763664,   3982968367,   3877962876,01
116585000,   3831763664,   3982968367,   3877962876,01
116595000,   3831763664,   3982968367,   3877962876,01
116685000,   3883518548,   4005745038,   3949783547,01
116695000,   3883518548,   4005745038,   3949783547,01
116705000,   3883518548,   4005745038,   3949783547,01
116795000,   3913675361,   4067280187,   4007181567,01
116805000,   3913675361,   4067280187,   4007181567,01
116815000,   3913675361,   4067280187,   4007181567,01
116905000,   3979712926,   4127134484,   4023317458,01
116915000,   3979712926,   4127134484,   4023317458,01
116925000,   3979712926,   4127134484,   4023317458,01
117015000,   4032609285,   4200769214,   4075796097,01
117025000,   4032609285,   4200769214,   4075796097,01
117035000,   4032609285,   4200769214,   4075796097,01
117125000,   4102195943,   4284295786,   4156080547,01
117135000,   4102195943,   4284295786,   4156080547,01
117145000,   4102195943,   4284295786,   4156080547,01
117235000,   4137195883,   4361387044,   4233332656,01
117245000,   4137195883,   4361387044,   4233332656,01
117255000,   4137195883,   4361387044,   4233332656,01
117345000,   4206916474,   4442362784,   4305536700,01
117355000,   4206916474,   4442362784,   4305536700,01
117365000,   4206916474,   4442362784,   4305536700,01
117455000,   4243765130,   4507607196,   4376065296,01
117465000,   4243765130,   4507607196,   4376065296,01
117475000,   4243765130,   4507607196,   4376065296,01
117565000,   4294780759,   4564997078,   4397803532,01
117575000,   4294780759,   4564997078,   4397803532,01
117585000,   4294780759,   4564997078,   4397803532,01
117675000,   4371420873,   4647549314,   4446636104,01
117685000,   4371420873,   4647549314,   4446636104,01
117695000,   4371420873,   4647549314,   4446636104,01
117785000,   4421923289,   4730698262,   4504152422,01
117795000,   4421923289,   4730698262,   4504152422,01
117805000,   4421923289,   4730698262,   4504152422,01
117895000,   4501477760,   4761353372,   4497419744,01
117905000,   4501477760,   4761353372,   4497419744,01
117915000,   4501477760,   4761353372,   4497419744,01
118005000,   4570437960,   4834182351,   4559311405,01
118015000,   4570437960,   4834182351,   4559311405,01
118025000,   4570437960,   4834182351,   4559311405,01
118115000,   4639000594,   4867866322,   4621605790,01
118125000,   4639000594,   4867866322,   4621605790,01
118135000,   4639000594,   4867866322,   4621605790,01
118225000,   4713888725,   4949682657,   4698167822,01
118235000,   4713888725,   4949682657,   4698167822,01
118245000,   4713888725,   4949682657,   4698167822,01
118335000,   4793230635,   5014885636,   4773215189,01
118345000,   4793230635,   5014885636,   4773215189,01
118355000,   4793230635,   5014885636,   4773215189,01
118445000,   4824276689,   5091281582,   4855445663,01
118455000,   4824276689,   5091281582,   4855445663,01
118465000,   4824276689,   5091281582,   4855445663,01
118555000,   4882074400,   5163922731,   4900890392,01
118565000,   4882074400,   5163922731,   4900890392,01
118575000,   4882074400,   5163922731,   4900890392,01
118665000,   4954808014,   5241250309,   4983344363,01
118675000,   4954808014,   5241250309,   4983344363,01
118685000,   4954808014,   5241250309,   4983344363,01
118775000,   5028590267,   5305435399,   5020244408,01
118785000,   5028590267,   5305435399,   5020244408,01
118795000,   5028590267,   5305435399,   5020244408,01
118885000,   5105383623,   5383346243,   5078175382,01
118895000,   5105383623,   5383346243,   5078175382,01
118905000,   5105383623,   5383346243,   5078175382,01
118995000,   5166527714,   5465564451,   5151598837,01
119005000,   5166527714,   5465564451,   5151598837,01
119015000,   5166527714,   5465564451,   5151598837,01
119105000,   5242597213,   5536525620,   5174771719,01
119115000,   5242597213,   5536525620,   5174771719,01
119125000,   5242597213,   5536525620,   5174771719,01
119215000,   5307185458,   5601344784,   5254849575,01
119225000,   5307185458,   5601344784,   5254849575,01
119235000,   5307185458,   5601344784,   5254849575,01
119325000,   5372128172,   5676259944,   5305754869,01
119335000,   5372128172,   5676259944,   5305754869,01
119345000,   5372128172,   5676259944,   5305754869,01
119435000,   5407718643,   5754842685,   5383691502,01
119445000,   5407718643,   5754842685,   5383691502,01
119455000,   5407718643,   5754842685,   5383691502,01
119545000,   5438542205,   5835145621,   5462666720,01
119555000,   5438542205,   5835145621,   5462666720,01
119565000,   5438542205,   5835145621,   5462666720,01
119655000,   5508418340,   5911885693,   5509281578,01
119665000,   5508418340,   5911885693,   5509281578,01
119675000,   5508418340,   5911885693,   5509281578,01
119765000,   5557408161,   5996060394,   5545468992,01
119775000,   5557408161,   5996060394,   5545468992,01
119785000,   5557408161,   5996060394,   5545468992,01
119875000,   5587886742,   6073241066,   5600583741,01
119885000,   5587886742,   6073241066,   5600583741,01
119895000,   5587886742,   6073241066,   5600583741,01
119985000,   5663937394,   6155864366,   5665318673,01
119995000,   5663937394,   6155864366,   5665318673,01
120005000,   5663937394,   6155864366,   5665318673,01
120095000,   5736055735,   6222886185,   5740501357,01
120105000,   5736055735,   6222886185,   5740501357,01
120115000,   5736055735,   6222886185,   5740501357,01
120205000,   5806442807,   6304552711,   5812236422,01
120215000,   5806442807,   6304552711,   5812236422,01
120225000,   5806442807,   6304552711,   5812236422,01
120315000,   5868242319,   6385053732,   5889948128,01
120325000,   5868242319,   6385053732,   5889948128,01
120335000,   5868242319,   6385053732,   5889948128,01
120425000,   5943988236,   6452583395,   5972108910,01
120435000,   5943988236,   6452583395,   5972108910,01
120445000,   5943988236,   6452583395,   5972108910,01
120535000,   6020045190,   6508343657,   6036683934,01
120545000,   6020045190,   6508343657,   6036683934,01
120555000,   6020045190,   6508343657,   6036683934,01
120645000,   6099078300,   6574546988,   6100376157,01
120655000,   6099078300,   6574546988,   6100376157,01
120665000,   6099078300,   6574546988,   6100376157,01
120755000,   6171296217,   6642701062,   6144303955,01
120765000,   6171296217,   6642701062,   6144303955,01
120775000,   6171296217,   6642701062,   6144303955,01
120865000,   6239523477,   6723417890,   6185342056,01
120875000,   6239523477,   6723417890,   6185342056,01
120885000,   6239523477,   6723417890,   6185342056,01
120975000,   6277113461,   6786674391,   6227263306,01
120985000,   6277113461,   6786674391,   6227263306,01
120995000,   6277113461,   6786674391,   6227263306,01
121085000,   6350651814,   6857198844,   6252929195,01
121095000,   6350651814,   6857198844,   6252929195,01
121105000,   6350651814,   6857198844,   6252929195,01
121195000,   6422527480,   6895721648,   6319545143,01
121205000,   6422527480,   6895721648,   6319545143,01
121215000,   6422527480,   6895721648,   6319545143,01
121305000,   6476433769,   6963793772,   6375973085,01
121315000,   6476433769,   6963793772,   6375973085,01
121325000,   6476433769,   6963793772,   6375973085,01
121415000,   6539004751,   7017328408,   6455604890,01
121425000,   6539004751,   7017328408,   6455604890,01
121435000,   6539004751,   7017328408,   6455604890,01
121525000,   6618683243,   7052426065,   6537050485,01
121535000,   6618683243,   7052426065,   6537050485,01
121545000,   6618683243,   7052426065,   6537050485,01
121635000,   6674501302,   7115221658,   6616695247,01
121645000,   6674501302,   7115221658,   6616695247,01
121655000,   6674501302,   7115221658,   6616695247,01
121745000,   6746337469,   7159733588,   6691673008,01
121755000,   6746337469,   7159733588,   6691673008,01
121765000,   6746337469,   7159733588,   6691673008,01
121855000,   6823036423,  11441093324,   6740807891,01
121865000,   6823036423,  11441093324,   6740807891,01
121875000,   6823036423,  11441093324,   6740807891,01
121965000,   6876925343,  11509734241,   6801749367,01
121975000,   6876925343,  11509734241,   6801749367,01
121985000,   6876925343,  11509734241,   6801749367,01
122075000,   6945675637,  11592697711,   6879487014,01
122085000,   6945675637,  11592697711,   6879487014,01
122095000,   6945675637,  11592697711,   6879487014,01
122185000,   7020227636,  11659679524,   6957591999,01
122195000,   7020227636,  11659679524,   6957591999,01
122205000,   7020227636,  11659679524,   6957591999,01
122295000,   7051007000,  11741711506,   7023960415,01
122305000,   7051007000,  11741711506,   7023960415,01
122315000,   7051007000,  11741711506,   7023960415,01
122405000,   7130487702,  11809298486,   7104225274,01
122415000,   7130487702,  11809298486,   7104225274,01
122425000,   7130487702,  11809298486,   7104225274,01
122515000,   7179712510,  11887908524,   7143518093,01
122525000,   7179712510,  11887908524,   7143518093,01
122535000,   7179712510,  11887908524,   7143518093,01
122625000,   7237931485,  11938376876,   7217514860,01
122635000,   7237931485,  11938376876,   7217514860,01
122645000,   7237931485,  11938376876,   7217514860,01
122735000,   7317722469,  12002165788,   7274269774,01
122745000,   7317722469,  12002165788,   7274269774,01
122755000,   7317722469,  12002165788,   7274269774,01
122845000,   7373028054,  12064099321,   7351641209,01
122855000,   7373028054,  12064099321,   7351641209,01
122865000,   7373028054,  12064099321,   7351641209,01
122955000,   7451554895,  12138900957,   7428215900,01
122965000,   7451554895,  12138900957,   7428215900,01
122975000,   7451554895,  12138900957,   7428215900,01
123065000,   7501842926,  12221826059,   7486664522,01
123075000,   7501842926,  12221826059,   7486664522,01
123085000,   7501842926,  12221826059,   7486664522,01
123175000,   7580665056,  12283293863,   7561751397,01
123185000,   7580665056,  12283293863,   7561751397,01
123195000,   7580665056,  12283293863,   7561751397,01
123285000,   7603760475,  12352402274,   7592621528,01
123295000,   7603760475,  12352402274,   7592621528,01
123305000,   7603760475,  12352402274,   7592621528,01
123395000,   7681671436,  12432235535,   7635849156,01
123405000,   7681671436,  12432235535,   7635849156,01
123415000,   7681671436,  12432235535,   7635849156,01
123505000,   7758160026,  12510763863,   7693952625,01
123515000,   7758160026,  12510763863,   7693952625,01
123525000,   7758160026,  12510763863,   7693952625,01
123615000,   7833181934,  12591377960,   7767858829,01
123625000,   7833181934,  12591377960,   7767858829,01
123635000,   7833181934,  12591377960,   7767858829,01
123725000,   7911267721,  12672164102,   7834734273,01
123735000,   7911267721,  12672164102,   7834734273,01
123745000,   7911267721,  12672164102,   7834734273,01
123835000,   7969565752,  12730990560,   7905310755,01
123845000,   7969565752,  12730990560,   7905310755,01
123855000,   7969565752,  12730990560,   7905310755,01
123945000,   8022526580,  12814022594,   7977380035,01
123955000,   8022526580,  12814022594,   7977380035,01
123965000,   8022526580,  12814022594,   7977380035,01
124055000,   8098467102,  12850633965,   8027477492,01
124065000,   8098467102,  12850633965,   8027477492,01
124075000,   8098467102,  12850633965,   8027477492,01
124165000,   8177930838,  12933449720,   8099205804,01
124175000,   8177930838,  12933449720,   8099205804,01
124185000,   8177930838,  12933449720,   8099205804,01
124275000,   8246020612,  13012292601,   8103216268,01
124285000,   8246020612,  13012292601,   8103216268,01
124295000,   8246020612,  13012292601,   8103216268,01
124385000,   8312989917,  13067295948,   8174190093,01
124395000,   8312989917,  13067295948,   8174190093,01
124405000,   8312989917,  13067295948,   8174190093,01
124495000,   8390470641,  13150851986,   8247811984,01
124505000,   8390470641,  13150851986,   8247811984,01
124515000,   8390470641,  13150851986,   8247811984,01
124605000,   8456926601,  13211990321,   8330279026,01
124615000,   8456926601,  13211990321,   8330279026,01
124625000,   8456926601,  13211990321,   8330279026,01
124715000,   8523834381,  13289817254,   8404629955,01
124725000,   8523834381,  13289817254,   8404629955,01
124735000,   8523834381,  13289817254,   8404629955,01
124825000,   8576932641,  13364920546,   8469733539,01
124835000,   8576932641,  13364920546,   8469733539,01
124845000,   8576932641,  13364920546,   8469733539,01
124935000,   8650146912,  13427999105,   8551681150,01
124945000,   8650146912,  13427999105,   8551681150,01
124955000,   8650146912,  13427999105,   8551681150,01
125045000,   8673447722,  13510816177,   8632111174,01
125055000,   8673447722,  13510816177,   8632111174,01
125065000,   8673447722,  13510816177,   8632111174,01
125155000,   8747744504,  13568881168,   8699557726,01
125165000,   8747744504,  13568881168,   8699557726,01
125175000,   8747744504,  13568881168,   8699557726,01
125265000,   8817996876,  13652131555,   8720334428,01
125275000,   8817996876,  13652131555,   8720334428,01
125285000,   8817996876,  13652131555,   8720334428,01
125375000,   8885992703,  13684599741,   8780693877,01
125385000,   8885992703,  13684599741,   8780693877,01
125395000,   8885992703,  13684599741,   8780693877,01
125485000,   8960516006,  13744379743,   8850061890,01
125495000,   8960516006,  13744379743,   8850061890,01
125505000,   8960516006,  13744379743,   8850061890,01
125595000,   9024605424,  13822156247,   8913577761,01
125605000,   9024605424,  13822156247,   8913577761,01
125615000,   9024605424,  13822156247,   8913577761,01
125705000,   9086016185,  13886332772,   8968534691,01
125715000,   9086016185,  13886332772,   8968534691,01
125725000,   9086016185,  13886332772,   8968534691,01
125815000,   9150527157,  13931031857,   9019060517,01
125825000,   9150527157,  13931031857,   9019060517,01
125835000,   9150527157,  13931031857,   9019060517,01
125925000,   9225453604,  13948156560,   9082518493,01
125935000,   9225453604,  13948156560,   9082518493,01
125945000,   9225453604,  13948156560,   9082518493,01
126035000,   9284049751,  14030255357,   9158823271,01
126045000,   9284049751,  14030255357,   9158823271,01
126055000,   9284049751,  14030255357,   9158823271,01
126145000,   9345366529,  14075373429,   9235515046,01
126155000,   9345366529,  14075373429,   9235515046,01
126165000,   9345366529,  14075373429,   9235515046,01
126255000,   9411115041,  14139989503,   9290492736,01
126265000,   9411115041,  14139989503,   9290492736,01
126275000,   9411115041,  14139989503,   9290492736,01
126365000,   9475622374,  14195888069,   9364166098,01
126375000,   9475622374,  14195888069,   9364166098,01
126385000,   9475622374,  14195888069,   9364166098,01
126475000,   9543651965,  14278380321,   9445111367,01
126485000,   9543651965,  14278380321,   9445111367,01
126495000,   9543651965,  14278380321,   9445111367,01
126585000,   9598459869,  14349598120,   9511710337,01
126595000,   9598459869,  14349598120,   9511710337,01
126605000,   9598459869,  14349598120,   9511710337,01
126695000,   9648566679,  14393411207,   9580194564,01
126705000,   9648566679,  14393411207,   9580194564,01
126715000,   9648566679,  14393411207,   9580194564,01
126805000,   9724833081,  14468194954,   9651845210,01
126815000,   9724833081,  14468194954,   9651845210,01
126825000,   9724833081,  14468194954,   9651845210,01
126915000,   9803880533,  14551048823,   9724501410,01
126925000,   9803880533,  14551048823,   9724501410,01
126935000,   9803880533,  14551048823,   9724501410,01
127025000,   9862180474,  14619051876,   9793881088,01
127035000,   9862180474,  14619051876,   9793881088,01
127045000,   9862180474,  14619051876,   9793881088,01
127135000,   9920425881,  14682892229,   9874078411,01
127145000,   9920425881,  14682892229,   9874078411,01
127155000,   9920425881,  14682892229,   9874078411,01
127245000,   9938618637,  14750024024,   9948621361,01
127255000,   9938618637,  14750024024,   9948621361,01
127265000,   9938618637,  14750024024,   9948621361,01
127355000,   9990622530,  14793650228,  10026730728,01
127365000,   9990622530,  14793650228,  10026730728,01
127375000,   9990622530,  14793650228,  10026730728,01
127465000,  10067910506,  19076376345,  10105354696,01
127475000,  10067910506,  19076376345,  10105354696,01
127485000,  10067910506,  19076376345,  10105354696,01
127575000,  10143074821,  19144544474,  10176985350,01
127585000,  10143074821,  19144544474,  10176985350,01
127595000,  10143074821,  19144544474,  10176985350,01
127685000,  10213801256,  19213565801,  10217678815,01
127695000,  10213801256,  19213565801,  10217678815,01
127705000,  10213801256,  19213565801,  10217678815,01
127795000,  10280430099,  19296000277,  10296191024,01
127805000,  10280430099,  19296000277,  10296191024,01
127815000,  10280430099,  19296000277,  10296191024,01
127905000,  10359625283,  19345181385,  10377308693,01
127915000,  10359625283,  19345181385,  10377308693,01
127925000,  10359625283,  19345181385,  10377308693,01
128015000,  10416467883,  19369330855,  10443323521,01
128025000,  10416467883,  19369330855,  10443323521,01
128035000,  10416467883,  19369330855,  10443323521,01
128125000,  10495304745,  19434977594,  10524679916,01
128135000,  10495304745,  19434977594,  10524679916,01
128145000,  10495304745,  19434977594,  10524679916,01
128235000,  10533882587,  19508131311,  10592171909,01
128245000,  10533882587,  19508131311,  10592171909,01
128255000,  10533882587,  19508131311,  10592171909,01
128345000,  10608199886,  19562455236,  10663261710,01
128355000,  10608199886,  19562455236,  10663261710,01
128365000,  10608199886,  19562455236,  10663261710,01
128455000,  10671235599,  19639220508,  10745379160,01
128465000,  10671235599,  19639220508,  10745379160,01
128475000,  10671235599,  19639220508,  10745379160,01
128565000,  10748028217,  19716572102,  10806111354,01
128575000,  10748028217,  19716572102,  10806111354,01
128585000,  10748028217,  19716572102,  10806111354,01
128675000,  10826507385,  19796002994,  10839069620,01
128685000,  10826507385,  19796002994,  10839069620,01
128695000,  10826507385,  19796002994,  10839069620,01
128785000,  10879922027,  19826487882,  10899996162,01
128795000,  10879922027,  19826487882,  10899996162,01
128805000,  10879922027,  19826487882,  10899996162,01
128895000,  10949052005,  19909645086,  10953217569,01
128905000,  10949052005,  19909645086,  10953217569,01
128915000,  10949052005,  19909645086,  10953217569,01
129005000,  10978292239,  19965435314,  11021859413,01
129015000,  10978292239,  19965435314,  11021859413,01
129025000,  10978292239,  19965435314,  11021859413,01
129115000,  11043397436,  20045518951,  11096800693,01
129125000,  11043397436,  20045518951,  11096800693,01
129135000,  11043397436,  20045518951,  11096800693,01
129225000,  11047937813,  20093501975,  11167529151,01
129235000,  11047937813,  20093501975,  11167529151,01
129245000,  11047937813,  20093501975,  11167529151,01
129335000,  11050519960,  20166591118,  11245578259,01
129345000,  11050519960,  20166591118,  11245578259,01
129355000,  11050519960,  20166591118,  11245578259,01
129445000,  11115811246,  20216103148,  11318437135,01
129455000,  11115811246,  20216103148,  11318437135,01
129465000,  11115811246,  20216103148,  11318437135,01
129555000,  11193880535,  20300324515,  11386153582,01
129565000,  11193880535,  20300324515,  11386153582,01
129575000,  11193880535,  20300324515,  11386153582,01
129665000,  11262209783,  20353955983,  11411929090,01
129675000,  11262209783,  20353955983,  11411929090,01
129685000,  11262209783,  20353955983,  11411929090,01
129775000,  11341452704,  20368424047,  11479983952,01
129785000,  11341452704,  20368424047,  11479983952,01
129795000,  11341452704,  20368424047,  11479983952,01
129885000,  11348977343,  20441191577,  11556175379,01
129895000,  11348977343,  20441191577,  11556175379,01
129905000,  11348977343,  20441191577,  11556175379,01
129995000,  11423800178,  20523914800,  11624747214,01
130005000,  11423800178,  20523914800,  11624747214,01
130015000,  11423800178,  20523914800,  11624747214,01
130105000,  11503406106,  20591889677,  11698055392,01
130115000,  11503406106,  20591889677,  11698055392,01
130125000,  11503406106,  20591889677,  11698055392,01
130215000,  11580528306,  20671536870,  11742102958,01
130225000,  11580528306,  20671536870,  11742102958,01
130235000,  11580528306,  20671536870,  11742102958,01
130325000,  11658887300,  20720000637,  11797393341,01
130335000,  11658887300,  20720000637,  11797393341,01
130345000,  11658887300,  20720000637,  11797393341,01
130435000,  11734107010,  20761427516,  11872808807,01
130445000,  11734107010,  20761427516,  11872808807,01
130455000,  11734107010,  20761427516,  11872808807,01
130545000,  11802783851,  20829300854,  11941100564,01
130555000,  11802783851,  20829300854,  11941100564,01
130565000,  11802783851,  20829300854,  11941100564,01
130655000,  11848802141,  20902965525,  12018068632,01
130665000,  11848802141,  20902965525,  12018068632,01
130675000,  11848802141,  20902965525,  12018068632,01
130765000,  11896663172,  20975354651,  12096292014,01
130775000,  11896663172,  20975354651,  12096292014,01
130785000,  11896663172,  20975354651,  12096292014,01
130875000,  11966870472,  21045110019,  12176491900,01
130885000,  11966870472,  21045110019,  12176491900,01
130895000,  11966870472,  21045110019,  12176491900,01
130985000,  12044851101,  21127719539,  12244313033,01
130995000,  12044851101,  21127719539,  12244313033,01
131005000,  12044851101,  21127719539,  12244313033,01
131095000,  12114336204,  21205879519,  12306342980,01
131105000,  12114336204,  21205879519,  12306342980,01
131115000,  12114336204,  21205879519,  12306342980,01
131205000,  12152394588,  21279982781,  12370749965,01
131215000,  12152394588,  21279982781,  12370749965,01
131225000,  12152394588,  21279982781,  12370749965,01
131315000,  12215128232,  21360884363,  12430797223,01
131325000,  12215128232,  21360884363,  12430797223,01
131335000,  12215128232,  21360884363,  12430797223,01
131425000,  12288271975,  21435983103,  12513297110,01
131435000,  12288271975,  21435983103,  12513297110,01
131445000,  12288271975,  21435983103,  12513297110,01
131535000,  12336760551,  21472730146,  12575998256,01
131545000,  12336760551,  21472730146,  12575998256,01
131555000,  12336760551,  21472730146,  12575998256,01
131645000,  12408803864,  21543678561,  12604846068,01
131655000,  12408803864,  21543678561,  12604846068,01
131665000,  12408803864,  21543678561,  12604846068,01
131755000,  12455858691,  21606061827,  12680802033,01
131765000,  12455858691,  21606061827,  12680802033,01
131775000,  12455858691,  21606061827,  12680802033,01
131865000,  12514434126,  21683700535,  12756770920,01
131875000,  12514434126,  21683700535,  12756770920,01
131885000,  12514434126,  21683700535,  12756770920,01
131975000,  12541562612,  21754673351,  12811329057,01
131985000,  12541562612,  21754673351,  12811329057,01
131995000,  12541562612,  21754673351,  12811329057,01
132085000,  12611857602,  21818492653,  12881084142,01
132095000,  12611857602,  21818492653,  12881084142,01
132105000,  12611857602,  21818492653,  12881084142,01
132195000,  12683278301,  21878183006,  12938105979,01
132205000,  12683278301,  21878183006,  12938105979,01
132215000,  12683278301,  21878183006,  12938105979,01
132305000,  12741155799,  21952182935,  12996200005,01
132315000,  12741155799,  21952182935,  12996200005,01
132325000,  12741155799,  21952182935,  12996200005,01
132415000,  12804725862,  21995279552,  13073881843,01
132425000,  12804725862,  21995279552,  13073881843,01
132435000,  12804725862,  21995279552,  13073881843,01
132525000,  12854359177,  22029598285,  13155722608,01
132535000,  12854359177,  22029598285,  13155722608,01
132545000,  12854359177,  22029598285,  13155722608,01
132635000,  12933833491,  22106595659,  13208060946,01
132645000,  12933833491,  22106595659,  13208060946,01
132655000,  12933833491,  22106595659,  13208060946,01
132745000,  12989967214,  22160379646,  13280828047,01
132755000,  12989967214,  22160379646,  13280828047,01
132765000,  12989967214,  22160379646,  13280828047,01
132855000,  13065424559,  22230728300,  13352555551,01
132865000,  13065424559,  22230728300,  13352555551,01
132875000,  13065424559,  22230728300,  13352555551,01
132965000,  13110811437,  22300953865,  13419056205,01
132975000,  13110811437,  22300953865,  13419056205,01
132985000,  13110811437,  22300953865,  13419056205,01
133075000,  13188972902,  22356783090,  13497245792,01
133085000,  13188972902,  22356783090,  13497245792,01
133095000,  13188972902,  22356783090,  13497245792,01
133185000,  13263529180,  22408840126,  13578264088,01
133195000,  13263529180,  22408840126,  13578264088,01
133205000,  13263529180,  22408840126,  13578264088,01
133295000,  13321966844,  22481140410,  13641601434,01
133305000,  13321966844,  22481140410,  13641601434,01
133315000,  13321966844,  22481140410,  13641601434,01
133405000,  13398799958,  22556267584,  13713327459,01
133415000,  13398799958,  22556267584,  13713327459,01
133425000,  13398799958,  22556267584,  13713327459,01
133515000,  13469134332,  22595681893,  13715527443,01
133525000,  13469134332,  22595681893,  13715527443,01
133535000,  13469134332,  22595681893,  13715527443,01
133625000,  13544371272,  22658069488,  13797445208,01
133635000,  13544371272,  22658069488,  13797445208,01
133645000,  13544371272,  22658069488,  13797445208,01
133735000,  13622932406,  22709562848,  13872775140,01
133745000,  13622932406,  22709562848,  13872775140,01
133755000,  13622932406,  22709562848,  13872775140,01
133845000,  13677421901,  22792723309,  13922299201,01
133855000,  13677421901,  22792723309,  13922299201,01
133865000,  13677421901,  22792723309,  13922299201,01
133955000,  13755482957,  22874786467,  13986799605,01
133965000,  13755482957,  22874786467,  13986799605,01
133975000,  13755482957,  22874786467,  13986799605,01
134065000,  13824193836,  27147106183,  14068887867,01
134075000,  13824193836,  27147106183,  14068887867,01
134085000,  13824193836,  27147106183,  14068887867,01
134175000,  13893648253,  27204848855,  14114717118,01
134185000,  13893648253,  27204848855,  14114717118,01
134195000,  13893648253,  27204848855,  14114717118,01
134285000,  13948124319,  27285361254,  14191914090,01
134295000,  13948124319,  27285361254,  14191914090,01
134305000,  13948124319,  27285361254,  14191914090,01
134395000,  14019345674,  27360553099,  14234924380,01
134405000,  14019345674,  27360553099,  14234924380,01
134415000,  14019345674,  27360553099,  14234924380,01
134505000,  14088619104,  27429864688,  14279868272,01
134515000,  14088619104,  27429864688,  14279868272,01
134525000,  14088619104,  27429864688,  14279868272,01
134615000,  14119996759,  27486411902,  14360505566,01
134625000,  14119996759,  27486411902,  14360505566,01
134635000,  14119996759,  27486411902,  14360505566,01
134725000,  14190743780,  27550603887,  14427050952,01
134735000,  14190743780,  27550603887,  14427050952,01
134745000,  14190743780,  27550603887,  14427050952,01
134835000,  14234848646,  27629637589,  14497335355,01
134845000,  14234848646,  27629637589,  14497335355,01
134855000,  14234848646,  27629637589,  14497335355,01
134945000,  14296254354,  27685561515,  14524762222,01
134955000,  14296254354,  27685561515,  14524762222,01
134965000,  14296254354,  27685561515,  14524762222,01
135055000,  14359458749,  27740962993,  14560879076,01
135065000,  14359458749,  27740962993,  14560879076,01
135075000,  14359458749,  27740962993,  14560879076,01
135165000,  14417225541,  27824547994,  14639905697,01
135175000,  14417225541,  27824547994,  14639905697,01
135185000,  14417225541,  27824547994,  14639905697,01
135275000,  14484971049,  27906641099,  14718912983,01
135285000,  14484971049,  27906641099,  14718912983,01
135295000,  14484971049,  27906641099,  14718912983,01
135385000,  14564068618,  27966533701,  14768706141,01
135395000,  14564068618,  27966533701,  14768706141,01
135405000,  14564068618,  27966533701,  14768706141,01
135495000,  14619658766,  28038653931,  14844615716,01
135505000,  14619658766,  28038653931,  14844615716,01
135515000,  14619658766,  28038653931,  14844615716,01
135605000,  14692223261,  28112110610,  14921234805,01
135615000,  14692223261,  28112110610,  14921234805,01
135625000,  14692223261,  28112110610,  14921234805,01
135715000,  14762335275,  28163476782,  15003473349,01
135725000,  14762335275,  28163476782,  15003473349,01
135735000,  14762335275,  28163476782,  15003473349,01
135825000,  14832652812,  28239732579,  15079488613,01
135835000,  14832652812,  28239732579,  15079488613,01
135845000,  14832652812,  28239732579,  15079488613,01
135935000,  14903601984,  28314456167,  15125864658,01
135945000,  14903601984,  28314456167,  15125864658,01
135955000,  14903601984,  28314456167,  15125864658,01
136045000,  14902018485,  28366713661,  15199371584,01
136055000,  14902018485,  28366713661,  15199371584,01
136065000,  14902018485,  28366713661,  15199371584,01
136155000,  14981645698,  28440369607,  15270113972,01
136165000,  14981645698,  28440369607,  15270113972,01
136175000,  14981645698,  28440369607,  15270113972,01
136265000,  15060253116,  28488851196,  15347523325,01
136275000,  15060253116,  28488851196,  15347523325,01
136285000,  15060253116,  28488851196,  15347523325,01
136375000,  15136005830,  28571789382,  15425077342,01
136385000,  15136005830,  28571789382,  15425077342,01
136395000,  15136005830,  28571789382,  15425077342,01
136485000,  19403893911,  28649452595,  15504824732,01
136495000,  19403893911,  28649452595,  15504824732,01
136505000,  19403893911,  28649452595,  15504824732,01
136595000,  19474190931,  28722328830,  15578572688,01
136605000,  19474190931,  28722328830,  15578572688,01
136615000,  19474190931,  28722328830,  15578572688,01
136705000,  19553862855,  28792019458,  15660695516,01
136715000,  19553862855,  28792019458,  15660695516,01
136725000,  19553862855,  28792019458,  15660695516,01
136815000,  19628777029,  28851821735,  15703840585,01
136825000,  19628777029,  28851821735,  15703840585,01
136835000,  19628777029,  28851821735,  15703840585,01
136925000,  19664310220,  28921036965,  15783099543,01
136935000,  19664310220,  28921036965,  15783099543,01
136945000,  19664310220,  28921036965,  15783099543,01
137035000,  19716127600,  28987444835,  15862344617,01
137045000,  19716127600,  28987444835,  15862344617,01
137055000,  19716127600,  28987444835,  15862344617,01
137145000,  19793921513,  29061217170,  15942084745,01
137155000,  19793921513,  29061217170,  15942084745,01
137165000,  19793921513,  29061217170,  15942084745,01
137255000,  19856155130,  29119786078,  16008570745,01
137265000,  19856155130,  29119786078,  16008570745,01
137275000,  19856155130,  29119786078,  16008570745,01
137365000,  19911185593,  29202143307,  16071203809,01
137375000,  19911185593,  29202143307,  16071203809,01
137385000,  19911185593,  29202143307,  16071203809,01
137475000,  19935177277,  29281605295,  16143145665,01
137485000,  19935177277,  29281605295,  16143145665,01
137495000,  19935177277,  29281605295,  16143145665,01
137585000,  19986006604,  29352172097,  16217954660,01
137595000,  19986006604,  29352172097,  16217954660,01
137605000,  19986006604,  29352172097,  16217954660,01
137695000,  20007957410,  29423840654,  16294703152,01
137705000,  20007957410,  29423840654,  16294703152,01
137715000,  20007957410,  29423840654,  16294703152,01
137805000,  20052573788,  29499433178,  16376747353,01
137815000,  20052573788,  29499433178,  16376747353,01
137825000,  20052573788,  29499433178,  16376747353,01
137915000,  20126692406,  29574828601,  16394866078,01
137925000,  20126692406,  29574828601,  16394866078,01
137935000,  20126692406,  29574828601,  16394866078,01
138025000,  20175327286,  29633565476,  16476414583,01
138035000,  20175327286,  29633565476,  16476414583,01
138045000,  20175327286,  29633565476,  16476414583,01
138135000,  20229836405,  29703678243,  16477537815,01
138145000,  20229836405,  29703678243,  16477537815,01
138155000,  20229836405,  29703678243,  16477537815,01
138245000,  20307625414,  29772290217,  16545205982,01
138255000,  20307625414,  29772290217,  16545205982,01
138265000,  20307625414,  29772290217,  16545205982,01
138355000,  20385712645,  29850524821,  16600414155,01
138365000,  20385712645,  29850524821,  16600414155,01
138375000,  20385712645,  29850524821,  16600414155,01
138465000,  20440146930,  29932171868,  16682827160,01
138475000,  20440146930,  29932171868,  16682827160,01
138485000,  20440146930,  29932171868,  16682827160,01
138575000,  20514334090,  29993208402,  16762088277,01
138585000,  20514334090,  29993208402,  16762088277,01
138595000,  20514334090,  29993208402,  16762088277,01
138685000,  20586030824,  30072400295,  16826693250,01
138695000,  20586030824,  30072400295,  16826693250,01
138705000,  20586030824,  30072400295,  16826693250,01
138795000,  20650294683,  30153443698,  16902196686,01
138805000,  20650294683,  30153443698,  16902196686,01
138815000,  20650294683,  30153443698,  16902196686,01
138905000,  20728381871,  30231766621,  16959140842,01
138915000,  20728381871,  30231766621,  16959140842,01
138925000,  20728381871,  30231766621,  16959140842,01
139015000,  20803668798,  30307497567,  17028085061,01
139025000,  20803668798,  30307497567,  17028085061,01
139035000,  20803668798,  30307497567,  17028085061,01
139125000,  20876590896,  30374663009,  17105613776,01
139135000,  20876590896,  30374663009,  17105613776,01
139145000,  20876590896,  30374663009,  17105613776,01
139235000,  20948177540,  30441671126,  17182141280,01
139245000,  20948177540,  30441671126,  17182141280,01
139255000,  20948177540,  30441671126,  17182141280,01
139345000,  20992454607,  30497525911,  17244769961,01
139355000,  20992454607,  30497525911,  17244769961,01
139365000,  20992454607,  30497525911,  17244769961,01
139455000,  21069012332,  30574213886,  17322498210,01
139465000,  21069012332,  30574213886,  17322498210,01
139475000,  21069012332,  30574213886,  17322498210,01
139565000,  21139760687,  30622945183,  17396470030,01
139575000,  21139760687,  30622945183,  17396470030,01
139585000,  21139760687,  30622945183,  17396470030,01
139675000,  21183839685,  30676724838,  17440749784,01
139685000,  21183839685,  30676724838,  17440749784,01
139695000,  21183839685,  30676724838,  17440749784,01
139785000,  21258726891,  30740740348,  17523175242,01
139795000,  21258726891,  30740740348,  17523175242,01
139805000,  21258726891,  30740740348,  17523175242,01
139895000,  21330299220,  30817932229,  17586741074,01
139905000,  21330299220,  30817932229,  17586741074,01
139915000,  21330299220,  30817932229,  17586741074,01
140005000,  21402732290,  30888634858,  17662354314,01
140015000,  21402732290,  30888634858,  17662354314,01
140025000,  21402732290,  30888634858,  17662354314,01
140115000,  21449557460,  30958689152,  17744115468,01
140125000,  21449557460,  30958689152,  17744115468,01
140135000,  21449557460,  30958689152,  17744115468,01
140225000,  21523500151,  31028229152,  17785661896,01
140235000,  21523500151,  31028229152,  17785661896,01
140245000,  21523500151,  31028229152,  17785661896,01
140335000,  21601342714,  31102250711,  17859149364,01
140345000,  21601342714,  31102250711,  17859149364,01
140355000,  21601342714,  31102250711,  17859149364,01
140445000,  21670584263,  31182123990,  17936063308,01
140455000,  21670584263,  31182123990,  17936063308,01
140465000,  21670584263,  31182123990,  17936063308,01
140555000,  21748103580,  31229560642,  18014473297,01
140565000,  21748103580,  31229560642,  18014473297,01
140575000,  21748103580,  31229560642,  18014473297,01
140665000,  21818930945,  31257317810,  18080200267,01
140675000,  21818930945,  31257317810,  18080200267,01
140685000,  21818930945,  31257317810,  18080200267,01
140775000,  21895768673,  31324689242,  18111832303,01
140785000,  21895768673,  31324689242,  18111832303,01
140795000,  21895768673,  31324689242,  18111832303,01
140885000,  21973787606,  31379888577,  18186426660,01
140895000,  21973787606,  31379888577,  18186426660,01
140905000,  21973787606,  31379888577,  18186426660,01
140995000,  22030812024,  31462913200,  18263563424,01
141005000,  22030812024,  31462913200,  18263563424,01
141015000,  22030812024,  31462913200,  18263563424,01
141105000,  22106489297,  31546852008,  18321404588,01
141115000,  22106489297,  31546852008,  18321404588,01
141125000,  22106489297,  31546852008,  18321404588,01
141215000,  22179293169,  31591743405,  18382641443,01
141225000,  22179293169,  31591743405,  18382641443,01
141235000,  22179293169,  31591743405,  18382641443,01
141325000,  22254065648,  31664864026,  18411514617,01
141335000,  22254065648,  31664864026,  18411514617,01
141345000,  22254065648,  31664864026,  18411514617,01
141435000,  22332944643,  31748469100,  18480775348,01
141445000,  22332944643,  31748469100,  18480775348,01
141455000,  22332944643,  31748469100,  18480775348,01
141545000,  22403824721,  31804205182,  18535758910,01
141555000,  22403824721,  31804205182,  18535758910,01
141565000,  22403824721,  31804205182,  18535758910,01
141655000,  22483249964,  31874915411,  18616132273,01
141665000,  22483249964,  31874915411,  18616132273,01
141675000,  22483249964,  31874915411,  18616132273,01
141765000,  22549096173,  31942276620,  18640562539,01
141775000,  22549096173,  31942276620,  18640562539,01
141785000,  22549096173,  31942276620,  18640562539,01
141875000,  22605337104,  31987829464,  18723068926,01
141885000,  22605337104,  31987829464,  18723068926,01
141895000,  22605337104,  31987829464,  18723068926,01
141985000,  22668950947,  32063477781,  18788275881,01
141995000,  22668950947,  32063477781,  18788275881,01
142005000,  22668950947,  32063477781,  18788275881,01
142095000,  22718876796,  32143641656,  18829437660,01
142105000,  22718876796,  32143641656,  18829437660,01
142115000,  22718876796,  32143641656,  18829437660,01
142205000,  22795606626,  32216923849,  18889490324,01
142215000,  22795606626,  32216923849,  18889490324,01
142225000,  22795606626,  32216923849,  18889490324,01
142315000,  22862649387,  32258114034,  18966546177,01
142325000,  22862649387,  32258114034,  18966546177,01
142335000,  22862649387,  32258114034,  18966546177,01
142425000,  22927144342,  32321575507,  19035997587,01
142435000,  22927144342,  32321575507,  19035997587,01
142445000,  22927144342,  32321575507,  19035997587,01
142535000,  23002693803,  32394133944,  19081284889,01
142545000,  23002693803,  32394133944,  19081284889,01
142555000,  23002693803,  32394133944,  19081284889,01
142645000,  23076442140,  32476778342,  19163670782,01
142655000,  23076442140,  32476778342,  19163670782,01
142665000,  23076442140,  32476778342,  19163670782,01
142755000,  23135611679,  32556083376,  19211605714,01
142765000,  23135611679,  32556083376,  19211605714,01
142775000,  23135611679,  32556083376,  19211605714,01
142865000,  23209160462,  32640194620,  19289198729,01
142875000,  23209160462,  32640194620,  19289198729,01
142885000,  23209160462,  32640194620,  19289198729,01
142975000,  23284814965,  32717208585,  19342592680,01
142985000,  23284814965,  32717208585,  19342592680,01
142995000,  23284814965,  32717208585,  19342592680,01
143085000,  23348303062,  32790492392,  19409952980,01
143095000,  23348303062,  32790492392,  19409952980,01
143105000,  23348303062,  32790492392,  19409952980,01
143195000,  23404357307,  32870442577,  19488662997,01
143205000,  23404357307,  32870442577,  19488662997,01
143215000,  23404357307,  32870442577,  19488662997,01
143305000,  23467368643,  32941821570,  19542420913,01
143315000,  23467368643,  32941821570,  19542420913,01
143325000,  23467368643,  32941821570,  19542420913,01
143415000,  23546403721,  33010878918,  19611851348,01
143425000,  23546403721,  33010878918,  19611851348,01
143435000,  23546403721,  33010878918,  19611851348,01
143525000,  23622023374,  33088147300,  19685963205,01
143535000,  23622023374,  33088147300,  19685963205,01
143545000,  23622023374,  33088147300,  19685963205,01
143635000,  23699987800,  33160412157,  19746803319,01
143645000,  23699987800,  33160412157,  19746803319,01
143655000,  23699987800,  33160412157,  19746803319,01
143745000,  23751919180,  33208085618,  19798657247,01
143755000,  23751919180,  33208085618,  19798657247,01
143765000,  23751919180,  33208085618,  19798657247,01
143855000,  23829865580,  33279252704,  19876836646,01
143865000,  23829865580,  33279252704,  19876836646,01
143875000,  23829865580,  33279252704,  19876836646,01
143965000,  23909226127,  33358998811,  19954121699,01
143975000,  23909226127,  33358998811,  19954121699,01
143985000,  23909226127,  33358998811,  19954121699,01
144075000,  23979949461,  33430717079,  20003106012,01
144085000,  23979949461,  33430717079,  20003106012,01
144095000,  23979949461,  33430717079,  20003106012,01
144185000,  24048195224,  33512611986,  20013063065,01
144195000,  24048195224,  33512611986,  20013063065,01
144205000,  24048195224,  33512611986,  20013063065,01
144295000,  24126122278,  33537635710,  20095210001,01
144305000,  24126122278,  33537635710,  20095210001,01
144315000,  24126122278,  33537635710,  20095210001,01
144405000,  24186382174,  33615396034,  20162770025,01
144415000,  24186382174,  33615396034,  20162770025,01
144425000,  24186382174,  33615396034,  20162770025,01
144515000,  24211050164,  33685757897,  20225570694,01
144525000,  24211050164,  33685757897,  20225570694,01
144535000,  24211050164,  33685757897,  20225570694,01
144625000,  24255736046,  33768834193,  20298447764,01
144635000,  24255736046,  33768834193,  20298447764,01
144645000,  24255736046,  33768834193,  20298447764,01
144735000,  24333614517,  33830733267,  20367034603,01
144745000,  24333614517,  33830733267,  20367034603,01
144755000,  24333614517,  33830733267,  20367034603,01
144845000,  24379422632,  33851089634,  20422034411,01
144855000,  24379422632,  33851089634,  20422034411,01
144865000,  24379422632,  33851089634,  20422034411,01
144955000,  24454418651,  33926013765,  20472704156,01
144965000,  24454418651,  33926013765,  20472704156,01
144975000,  24454418651,  33926013765,  20472704156,01
145065000,  24525599077,  34007239800,  20550552161,01
145075000,  24525599077,  34007239800,  20550552161,01
145085000,  24525599077,  34007239800,  20550552161,01
145175000,  24600629450,  34083791157,  20631618831,01
145185000,  24600629450,  34083791157,  20631618831,01
145195000,  24600629450,  34083791157,  20631618831,01
145285000,  24594254301,  34161339302,  20699854599,01
145295000,  24594254301,  34161339302,  20699854599,01
145305000,  24594254301,  34161339302,  20699854599,01
145395000,  24671334494,  34214741834,  20780459772,01
145405000,  24671334494,  34214741834,  20780459772,01
145415000,  24671334494,  34214741834,  20780459772,01
145505000,  24736380606,  34291659873,  20839669766,01
145515000,  24736380606,  34291659873,  20839669766,01
145525000,  24736380606,  34291659873,  20839669766,01
145615000,  24790602821,  34371869378,  20877228120,01
145625000,  24790602821,  34371869378,  20877228120,01
145635000,  24790602821,  34371869378,  20877228120,01
145725000,  24864251070,  34454814496,  20946212631,01
145735000,  24864251070,  34454814496,  20946212631,01
145745000,  24864251070,  34454814496,  20946212631,01
145835000,  24941760975,  34531593251,  21022742562,01
145845000,  24941760975,  34531593251,  21022742562,01
145855000,  24941760975,  34531593251,  21022742562,01
145945000,  25021063806,  34604449674,  21075996357,01
145955000,  25021063806,  34604449674,  21075996357,01
145965000,  25021063806,  34604449674,  21075996357,01
146055000,  25067188502,  34685321829,  21156589467,01
146065000,  25067188502,  34685321829,  21156589467,01
146075000,  25067188502,  34685321829,  21156589467,01
146165000,  25139211364,  34765835087,  21218217631,01
146175000,  25139211364,  34765835087,  21218217631,01
146185000,  25139211364,  34765835087,  21218217631,01
146275000,  25190653166,  34845721563,  21245324229,01
146285000,  25190653166,  34845721563,  21245324229,01
146295000,  25190653166,  34845721563,  21245324229,01
146385000,  25256560112,  34905168966,  21255866824,01
146395000,  25256560112,  34905168966,  21255866824,01
146405000,  25256560112,  34905168966,  21255866824,01
146495000,  25330436805,  34973716618,  21313078798,01
146505000,  25330436805,  34973716618,  21313078798,01
146515000,  25330436805,  34973716618,  21313078798,01
146605000,  25390810447,  35055574640,  25574300586,01
146615000,  25390810447,  35055574640,  25574300586,01
146625000,  25390810447,  35055574640,  25574300586,01
146715000,  25441520288,  35086942704,  25647931275,01
146725000,  25441520288,  35086942704,  25647931275,01
146735000,  25441520288,  35086942704,  25647931275,01
146825000,  25504372015,  35153717498,  25728722204,01
146835000,  25504372015,  35153717498,  25728722204,01
146845000,  25504372015,  35153717498,  25728722204,01
146935000,  25583950054,  35236934285,  25800797369,01
146945000,  25583950054,  35236934285,  25800797369,01
146955000,  25583950054,  35236934285,  25800797369,01
147045000,  25645762550,  35314703040,  25845727924,01
147055000,  25645762550,  35314703040,  25845727924,01
147065000,  25645762550,  35314703040,  25845727924,01
147155000,  25703147585,  35397901299,  25904584985,01
147165000,  25703147585,  35397901299,  25904584985,01
147175000,  25703147585,  35397901299,  25904584985,01
147265000,  25778908555,  35475668791,  25968455319,01
147275000,  25778908555,  35475668791,  25968455319,01
147285000,  25778908555,  35475668791,  25968455319,01
147375000,  25846191460,  35544627740,  25995181386,01
147385000,  25846191460,  35544627740,  25995181386,01
147395000,  25846191460,  35544627740,  25995181386,01
147485000,  25899956077,  35625537942,  26062683781,01
147495000,  25899956077,  35625537942,  26062683781,01
147505000,  25899956077,  35625537942,  26062683781,01
147595000,  25966266854,  35706832971,  26142615237,01
147605000,  25966266854,  35706832971,  26142615237,01
147615000,  25966266854,  35706832971,  26142615237,01
147705000,  26024702521,  35780843975,  26216450934,01
147715000,  26024702521,  35780843975,  26216450934,01
147725000,  26024702521,  35780843975,  26216450934,01
147815000,  26102676324,  35813073802,  26284258106,01
147825000,  26102676324,  35813073802,  26284258106,01
147835000,  26102676324,  35813073802,  26284258106,01
147925000,  26170405411,  35892446508,  26353054224,01
147935000,  26170405411,  35892446508,  26353054224,01
147945000,  26170405411,  35892446508,  26353054224,01
148035000,  26245919735,  35976540506,  26426641836,01
148045000,  26245919735,  35976540506,  26426641836,01
148055000,  26245919735,  35976540506,  26426641836,01
148145000,  26309067285,  36032536146,  26498285238,01
148155000,  26309067285,  36032536146,  26498285238,01
148165000,  26309067285,  36032536146,  26498285238,01
148255000,  26383257935,  36116273927,  26580048540,01
148265000,  26383257935,  36116273927,  26580048540,01
148275000,  26383257935,  36116273927,  26580048540,01
148365000,  26439633050,  36200429023,  26644659866,01
148375000,  26439633050,  36200429023,  26644659866,01
148385000,  26439633050,  36200429023,  26644659866,01
148475000,  26501892748,  36274121293,  26722855551,01
148485000,  26501892748,  36274121293,  26722855551,01
148495000,  26501892748,  36274121293,  26722855551,01
148585000,  26547383547,  36357528033,  26758625604,01
148595000,  26547383547,  36357528033,  26758625604,01
148605000,  26547383547,  36357528033,  26758625604,01
148695000,  26580287521,  36425423624,  31039608749,01
148705000,  26580287521,  36425423624,  31039608749,01
148715000,  26580287521,  36425423624,  31039608749,01
148805000,  26657912354,  36490332422,  31115776031,01
148815000,  26657912354,  36490332422,  31115776031,01
148825000,  26657912354,  36490332422,  31115776031,01
148915000,  26725405237,  36493164069,  31195566679,01
148925000,  26725405237,  36493164069,  31195566679,01
148935000,  26725405237,  36493164069,  31195566679,01
149025000,  26778994738,  36568877297,  31266303070,01
149035000,  26778994738,  36568877297,  31266303070,01
149045000,  26778994738,  36568877297,  31266303070,01
149135000,  26856766702,  36643613484,  31347854849,01
149145000,  26856766702,  36643613484,  31347854849,01
149155000,  26856766702,  36643613484,  31347854849,01
149245000,  26925575249,  36708358018,  31424045650,01
149255000,  26925575249,  36708358018,  31424045650,01
149265000,  26925575249,  36708358018,  31424045650,01
149355000,  26978225278,  36779303860,  35703722168,01
149365000,  26978225278,  36779303860,  35703722168,01
149375000,  26978225278,  36779303860,  35703722168,01
149465000,  27057130405,  36859229989,  35781828181,01
149475000,  27057130405,  36859229989,  35781828181,01
149485000,  27057130405,  36859229989,  35781828181,01
149575000,  27125647682,  36927474403,  35862824768,01
149585000,  27125647682,  36927474403,  35862824768,01
149595000,  27125647682,  36927474403,  35862824768,01
149685000,  27169323928,  37003397068,  35911682426,01
149695000,  27169323928,  37003397068,  35911682426,01
149705000,  27169323928,  37003397068,  35911682426,01
149795000,  27246505053,  37082214123,  35960073163,01
149805000,  27246505053,  37082214123,  35960073163,01
149815000,  27246505053,  37082214123,  35960073163,01
149905000,  27325492414,  37153461939,  36033979549,01
149915000,  27325492414,  37153461939,  36033979549,01
149925000,  27325492414,  37153461939,  36033979549,01
150015000,  27387664305,  37212900795,  36107191057,01
150025000,  27387664305,  37212900795,  36107191057,01
150035000,  27387664305,  37212900795,  36107191057,01
150125000,  27453488982,  37258389615,  36183391533,01
150135000,  27453488982,  37258389615,  36183391533,01
150145000,  27453488982,  37258389615,  36183391533,01
150235000,  27516651108,  37340947290,  36262670307,01
150245000,  27516651108,  37340947290,  36262670307,01
150255000,  27516651108,  37340947290,  36262670307,01
150345000,  27596468435,  37358320108,  36321042311,01
150355000,  27596468435,  37358320108,  36321042311,01
150365000,  27596468435,  37358320108,  36321042311,01
150455000,  27654149136,  37435664176,  36395369740,01
150465000,  27654149136,  37435664176,  36395369740,01
150475000,  27654149136,  37435664176,  36395369740,01
150565000,  27727105035,  37510405614,  36469150885,01
150575000,  27727105035,  37510405614,  36469150885,01
150585000,  27727105035,  37510405614,  36469150885,01
150675000,  27783917208,  37567831616,  36544523618,01
150685000,  27783917208,  37567831616,  36544523618,01
150695000,  27783917208,  37567831616,  36544523618,01
150785000,  27850616096,  37648140968,  36618874443,01
150795000,  27850616096,  37648140968,  36618874443,01
150805000,  27850616096,  37648140968,  36618874443,01
150895000,  27870938231,  37731349868,  36700692195,01
150905000,  27870938231,  37731349868,  36700692195,01
150915000,  27870938231,  37731349868,  36700692195,01
151005000,  27950344140,  37814659955,  36755682140,01
151015000,  27950344140,  37814659955,  36755682140,01
151025000,  27950344140,  37814659955,  36755682140,01
151115000,  28024197998,  37896694921,  36834192330,01
151125000,  28024197998,  37896694921,  36834192330,01
151135000,  28024197998,  37896694921,  36834192330,01
151225000,  32296338123,  37965587351,  36901650609,01
151235000,  32296338123,  37965587351,  36901650609,01
151245000,  32296338123,  37965587351,  36901650609,01
151335000,  32371741729,  38041422232,  36982929664,01
151345000,  32371741729,  38041422232,  36982929664,01
151355000,  32371741729,  38041422232,  36982929664,01
151445000,  32419616538,  38119494902,  37056539710,01
151455000,  32419616538,  38119494902,  37056539710,01
151465000,  32419616538,  38119494902,  37056539710,01
151555000,  32481420139,  38178865831,  37115670262,01
151565000,  32481420139,  38178865831,  37115670262,01
151575000,  32481420139,  38178865831,  37115670262,01
151665000,  32544611159,  38230671511,  37193862241,01
151675000,  32544611159,  38230671511,  37193862241,01
151685000,  32544611159,  38230671511,  37193862241,01
151775000,  32557734174,  38310301233,  37257188647,01
151785000,  32557734174,  38310301233,  37257188647,01
151795000,  32557734174,  38310301233,  37257188647,01
151885000,  32629385648,  38376958211,  37327979441,01
151895000,  32629385648,  38376958211,  37327979441,01
151905000,  32629385648,  38376958211,  37327979441,01
151995000,  32677003833,  38454319506,  37389837581,01
152005000,  32677003833,  38454319506,  37389837581,01
152015000,  32677003833,  38454319506,  37389837581,01
152105000,  32745845598,  38499737340,  37430415297,01
152115000,  32745845598,  38499737340,  37430415297,01
152125000,  32745845598,  38499737340,  37430415297,01
152215000,  32812685016,  38557660966,  37510888872,01
152225000,  32812685016,  38557660966,  37510888872,01
152235000,  32812685016,  38557660966,  37510888872,01
152325000,  32871985097,  38639580351,  37572607109,01
152335000,  32871985097,  38639580351,  37572607109,01
152345000,  32871985097,  38639580351,  37572607109,01
152435000,  32934963102,  38677008338,  37637987705,01
152445000,  32934963102,  38677008338,  37637987705,01
152455000,  32934963102,  38677008338,  37637987705,01
152545000,  32950738546,  38754295672,  37716000349,01
152555000,  32950738546,  38754295672,  37716000349,01
152565000,  32950738546,  38754295672,  37716000349,01
152655000,  33020710442,  38811161877,  37789945978,01
152665000,  33020710442,  38811161877,  37789945978,01
152675000,  33020710442,  38811161877,  37789945978,01
152765000,  33088121714,  38891724897,  37855885062,01
152775000,  33088121714,  38891724897,  37855885062,01
152785000,  33088121714,  38891724897,  37855885062,01
152875000,  33167033494,  38973776682,  37937184815,01
152885000,  33167033494,  38973776682,  37937184815,01
152895000,  33167033494,  38973776682,  37937184815,01
152985000,  33234402622,  39050228811,  38002013500,01
152995000,  33234402622,  39050228811,  38002013500,01
153005000,  33234402622,  39050228811,  38002013500,01
153095000,  33262364352,  39116622217,  38079328206,01
153105000,  33262364352,  39116622217,  38079328206,01
153115000,  33262364352,  39116622217,  38079328206,01
153205000,  33336032041,  39164606340,  38160124501,01
153215000,  33336032041,  39164606340,  38160124501,01
153225000,  33336032041,  39164606340,  38160124501,01
153315000,  33406034192,  39220695595,  38215944642,01
153325000,  33406034192,  39220695595,  38215944642,01
153335000,  33406034192,  39220695595,  38215944642,01
153425000,  33482982340,  39297512751,  38289764794,01
153435000,  33482982340,  39297512751,  38289764794,01
153445000,  33482982340,  39297512751,  38289764794,01
153535000,  33531828752,  39380298481,  38366825240,01
153545000,  33531828752,  39380298481,  38366825240,01
153555000,  33531828752,  39380298481,  38366825240,01
153645000,  33611249211,  39462117070,  38435004354,01
153655000,  33611249211,  39462117070,  38435004354,01
153665000,  33611249211,  39462117070,  38435004354,01
153755000,  33603410032,  39524560185,  38512912707,01
153765000,  33603410032,  39524560185,  38512912707,01
153775000,  33603410032,  39524560185,  38512912707,01
153865000,  33668939788,  39586781733,  38594837413,01
153875000,  33668939788,  39586781733,  38594837413,01
153885000,  33668939788,  39586781733,  38594837413,01
153975000,  33738450872,  39668025146,  38670892136,01
153985000,  33738450872,  39668025146,  38670892136,01
153995000,  33738450872,  39668025146,  38670892136,01
154085000,  33812523469,  39749889582,  38740728022,01
154095000,  33812523469,  39749889582,  38740728022,01
154105000,  33812523469,  39749889582,  38740728022,01
154195000,  33881715722,  39833925006,  38810117132,01
154205000,  33881715722,  39833925006,  38810117132,01
154215000,  33881715722,  39833925006,  38810117132,01
154305000,  33947167584,  39892952545,  38883635546,01
154315000,  33947167584,  39892952545,  38883635546,01
154325000,  33947167584,  39892952545,  38883635546,01
154415000,  34009703774,  39962828776,  38950613324,01
154425000,  34009703774,  39962828776,  38950613324,01
154435000,  34009703774,  39962828776,  38950613324,01
154525000,  34063668623,  40009896049,  39009907361,01
154535000,  34063668623,  40009896049,  39009907361,01
154545000,  34063668623,  40009896049,  39009907361,01
154635000,  34129445075,  40073854421,  39082124306,01
154645000,  34129445075,  40073854421,  39082124306,01
154655000,  34129445075,  40073854421,  39082124306,01
154745000,  34158473148,  40140318770,  39145904127,01
154755000,  34158473148,  40140318770,  39145904127,01
154765000,  34158473148,  40140318770,  39145904127,01
154855000,  34217274745,  40193313771,  39205672447,01
154865000,  34217274745,  40193313771,  39205672447,01
154875000,  34217274745,  40193313771,  39205672447,01
154965000,  34277736856,  40276725046,  39267073538,01
154975000,  34277736856,  40276725046,  39267073538,01
154985000,  34277736856,  40276725046,  39267073538,01
155075000,  34347078429,  40335858805,  39332126766,01
155085000,  34347078429,  40335858805,  39332126766,01
155095000,  34347078429,  40335858805,  39332126766,01
155185000,  34424827750,  40389558755,  39407132233,01
155195000,  34424827750,  40389558755,  39407132233,01
155205000,  34424827750,  40389558755,  39407132233,01
155295000,  34485429309,  40471849988,  39478343915,01
155305000,  34485429309,  40471849988,  39478343915,01
155315000,  34485429309,  40471849988,  39478343915,01
155405000,  34560067238,  40544722860,  39553783050,01
155415000,  34560067238,  40544722860,  39553783050,01
155425000,  34560067238,  40544722860,  39553783050,01
155515000,  34625627517,  40607408513,  39618673645,01
155525000,  34625627517,  40607408513,  39618673645,01
155535000,  34625627517,  40607408513,  39618673645,01
155625000,  34699587279,  40687713816,  39671000797,01
155635000,  34699587279,  40687713816,  39671000797,01
155645000,  34699587279,  40687713816,  39671000797,01
155735000,  34771412606,  40762241116,  39742340045,01
155745000,  34771412606,  40762241116,  39742340045,01
155755000,  34771412606,  40762241116,  39742340045,01
155845000,  34839196161,  40823547881,  39795840936,01
155855000,  34839196161,  40823547881,  39795840936,01
155865000,  34839196161,  40823547881,  39795840936,01
155955000,  34918236290,  40856968124,  39858612041,01
155965000,  34918236290,  40856968124,  39858612041,01
155975000,  34918236290,  40856968124,  39858612041,01
156065000,  34970896182,  40936220167,  39939206473,01
156075000,  34970896182,  40936220167,  39939206473,01
156085000,  34970896182,  40936220167,  39939206473,01
156175000,  35046589919,  41016980523,  40019224925,01
156185000,  35046589919,  41016980523,  40019224925,01
156195000,  35046589919,  41016980523,  40019224925,01
156285000,  35123772978,  41086958185,  40100672362,01
156295000,  35123772978,  41086958185,  40100672362,01
156305000,  35123772978,  41086958185,  40100672362,01
156395000,  35198805119,  41157971544,  40179375100,01
156405000,  35198805119,  41157971544,  40179375100,01
156415000,  35198805119,  41157971544,  40179375100,01
156505000,  35277161985,  41241995897,  40238517473,01
156515000,  35277161985,  41241995897,  40238517473,01
156525000,  35277161985,  41241995897,  40238517473,01
156615000,  35333595832,  41322609182,  40280903548,01
156625000,  35333595832,  41322609182,  40280903548,01
156635000,  35333595832,  41322609182,  40280903548,01
156725000,  35411378576,  41390072245,  40358369172,01
156735000,  35411378576,  41390072245,  40358369172,01
156745000,  35411378576,  41390072245,  40358369172,01
156835000,  35455082329,  41451643335,  40409422081,01
156845000,  35455082329,  41451643335,  40409422081,01
156855000,  35455082329,  41451643335,  40409422081,01
156945000,  35532303879,  41520979754,  40483908158,01
156955000,  35532303879,  41520979754,  40483908158,01
156965000,  35532303879,  41520979754,  40483908158,01
157055000,  35612102595,  41603827154,  40564657663,01
157065000,  35612102595,  41603827154,  40564657663,01
157075000,  35612102595,  41603827154,  40564657663,01
157165000,  35687534382,  41652003897,  40602432792,01
157175000,  35687534382,  41652003897,  40602432792,01
157185000,  35687534382,  41652003897,  40602432792,01
157275000,  35749139487,  41728707065,  40678517571,01
157285000,  35749139487,  41728707065,  40678517571,01
157295000,  35749139487,  41728707065,  40678517571,01
157385000,  35782505471,  41808632217,  40700569240,01
157395000,  35782505471,  41808632217,  40700569240,01
157405000,  35782505471,  41808632217,  40700569240,01
157495000,  35850992279,  41845514128,  40743569952,01
157505000,  35850992279,  41845514128,  40743569952,01
157515000,  35850992279,  41845514128,  40743569952,01
157605000,  35917813909,  41909770494,  40820153955,01
157615000,  35917813909,  41909770494,  40820153955,01
157625000,  35917813909,  41909770494,  40820153955,01
157715000,  35992522211,  41981132024,  40902657181,01
157725000,  35992522211,  41981132024,  40902657181,01
157735000,  35992522211,  41981132024,  40902657181,01
157825000,  36061533010,  42058382452,  40972663984,01
157835000,  36061533010,  42058382452,  40972663984,01
157845000,  36061533010,  42058382452,  40972663984,01
157935000,  36139001102,  42142198808,  41037632473,01
157945000,  36139001102,  42142198808,  41037632473,01
157955000,  36139001102,  42142198808,  41037632473,01
158045000,  36188268472,  42210726190,  41102984506,01
158055000,  36188268472,  42210726190,  41102984506,01
158065000,  36188268472,  42210726190,  41102984506,01
158155000,  36226202435,  42294289222,  41183890632,01
158165000,  36226202435,  42294289222,  41183890632,01
158175000,  36226202435,  42294289222,  41183890632,01
158265000,  36287735944,  42376902664,  41242572126,01
158275000,  36287735944,  42376902664,  41242572126,01
158285000,  36287735944,  42376902664,  41242572126,01
158375000,  36350855457,  42438229571,  41292711701,01
158385000,  36350855457,  42438229571,  41292711701,01
158395000,  36350855457,  42438229571,  41292711701,01
158485000,  36404334815,  42516393004,  41375242135,01
158495000,  36404334815,  42516393004,  41375242135,01
158505000,  36404334815,  42516393004,  41375242135,01
158595000,  36423648604,  42558016243,  41457136798,01
158605000,  36423648604,  42558016243,  41457136798,01
158615000,  36423648604,  42558016243,  41457136798,01
158705000,  36498596009,  42632885208,  41527964084,01
158715000,  36498596009,  42632885208,  41527964084,01
158725000,  36498596009,  42632885208,  41527964084,01
158815000,  36569524054,  42698185635,  41608054903,01
158825000,  36569524054,  42698185635,  41608054903,01
158835000,  36569524054,  42698185635,  41608054903,01
158925000,  36649106706,  42769933152,  41683851710,01
158935000,  36649106706,  42769933152,  41683851710,01
158945000,  36649106706,  42769933152,  41683851710,01
159035000,  36726341563,  42813260361,  41744888211,01
159045000,  36726341563,  42813260361,  41744888211,01
159055000,  36726341563,  42813260361,  41744888211,01
159145000,  36796459457,  42893997138,  41811952372,01
159155000,  36796459457,  42893997138,  41811952372,01
159165000,  36796459457,  42893997138,  41811952372,01
159255000,  36875026742,  42964306157,  41852021555,01
159265000,  36875026742,  42964306157,  41852021555,01
159275000,  36875026742,  42964306157,  41852021555,01
159365000,  36950576247,  43047777061,  41928255598,01
159375000,  36950576247,  43047777061,  41928255598,01
159385000,  36950576247,  43047777061,  41928255598,01
159475000,  37030146286,  43111636105,  41998709682,01
159485000,  37030146286,  43111636105,  41998709682,01
159495000,  37030146286,  43111636105,  41998709682,01
159585000,  37084608872,  43189024017,  42073565517,01
159595000,  37084608872,  43189024017,  42073565517,01
159605000,  37084608872,  43189024017,  42073565517,01
159695000,  37137983495,  43269357570,  42149817511,01
159705000,  37137983495,  43269357570,  42149817511,01
159715000,  37137983495,  43269357570,  42149817511,01
159805000,  37188616771,  43345850321,  42180508030,01
159815000,  37188616771,  43345850321,  42180508030,01
159825000,  37188616771,  43345850321,  42180508030,01
159915000,  37264021024,  43420714749,  42230934496,01
159925000,  37264021024,  43420714749,  42230934496,01
159935000,  37264021024,  43420714749,  42230934496,01
160025000,  37308649798,  43492791706,  42310163473,01
160035000,  37308649798,  43492791706,  42310163473,01
160045000,  37308649798,  43492791706,  42310163473,01
160135000,  37387420072,  43576301179,  42358854327,01
160145000,  37387420072,  43576301179,  42358854327,01
160155000,  37387420072,  43576301179,  42358854327,01
160245000,  37433648152,  43657771803,  42425361873,01
160255000,  37433648152,  43657771803,  42425361873,01
160265000,  37433648152,  43657771803,  42425361873,01
160355000,  37508581171,  43690121954,  42499865748,01
160365000,  37508581171,  43690121954,  42499865748,01
160375000,  37508581171,  43690121954,  42499865748,01
160465000,  37582214211,  43763390192,  42578874424,01
160475000,  37582214211,  43763390192,  42578874424,01
160485000,  37582214211,  43763390192,  42578874424,01
160575000,  37660103635,  43808062442,  42638713941,01
160585000,  37660103635,  43808062442,  42638713941,01
160595000,  37660103635,  43808062442,  42638713941,01
160685000,  37728496311,  43812388655,  42714287346,01
160695000,  37728496311,  43812388655,  42714287346,01
160705000,  37728496311,  43812388655,  42714287346,01
160795000,  37798087361,  43896119649,  42771351862,01
160805000,  37798087361,  43896119649,  42771351862,01
160815000,  37798087361,  43896119649,  42771351862,01
160905000,  37875277852,  43971758916,  42839091591,01
160915000,  37875277852,  43971758916,  42839091591,01
160925000,  37875277852,  43971758916,  42839091591,01
161015000,  37927697118,  44054073349,  42921355015,01
161025000,  37927697118,  44054073349,  42921355015,01
161035000,  37927697118,  44054073349,  42921355015,01
161125000,  37997921439,  44126807342,  42993550178,01
161135000,  37997921439,  44126807342,  42993550178,01
161145000,  37997921439,  44126807342,  42993550178,01
161235000,  38072968571,  44211015579,  43036366615,01
161245000,  38072968571,  44211015579,  43036366615,01
161255000,  38072968571,  44211015579,  43036366615,01
161345000,  38133482335,  44287060999,  43099996382,01
161355000,  38133482335,  44287060999,  43099996382,01
161365000,  38133482335,  44287060999,  43099996382,01
161455000,  38202829381,  44350306438,  43133248940,01
161465000,  38202829381,  44350306438,  43133248940,01
161475000,  38202829381,  44350306438,  43133248940,01
161565000,  38258944333,  44424904078,  43193312381,01
161575000,  38258944333,  44424904078,  43193312381,01
161585000,  38258944333,  44424904078,  43193312381,01
161675000,  38318953299,  44504908649,  43274052468,01
161685000,  38318953299,  44504908649,  43274052468,01
161695000,  38318953299,  44504908649,  43274052468,01
161785000,  38351599737,  44584433286,  43331969642,01
161795000,  38351599737,  44584433286,  43331969642,01
161805000,  38351599737,  44584433286,  43331969642,01
161895000,  38405860118,  44637805181,  43403407152,01
161905000,  38405860118,  44637805181,  43403407152,01
161915000,  38405860118,  44637805181,  43403407152,01
162005000,  38480429120,  44688419810,  43471679192,01
162015000,  38480429120,  44688419810,  43471679192,01
162025000,  38480429120,  44688419810,  43471679192,01
162115000,  38556727491,  44769368890,  43548882504,01
162125000,  38556727491,  44769368890,  43548882504,01
162135000,  38556727491,  44769368890,  43548882504,01
162225000,  38632290070,  44848060197,  43599819907,01
162235000,  38632290070,  44848060197,  43599819907,01
162245000,  38632290070,  44848060197,  43599819907,01
162335000,  38708083243,  44924258867,  43654208944,01
162345000,  38708083243,  44924258867,  43654208944,01
162355000,  38708083243,  44924258867,  43654208944,01
162445000,  38781543929,  44998843231,  43712457442,01
162455000,  38781543929,  44998843231,  43712457442,01
162465000,  38781543929,  44998843231,  43712457442,01
162555000,  38853152913,  45044349359,  43791274076,01
162565000,  38853152913,  45044349359,  43791274076,01
162575000,  38853152913,  45044349359,  43791274076,01
162665000,  38931371190,  45121070963,  43872389934,01
162675000,  38931371190,  45121070963,  43872389934,01
162685000,  38931371190,  45121070963,  43872389934,01
162775000,  39008802162,  45188366057,  43948505143,01
162785000,  39008802162,  45188366057,  43948505143,01
162795000,  39008802162,  45188366057,  43948505143,01
162885000,  39023606047,  45256810534,  44030033306,01
162895000,  39023606047,  45256810534,  44030033306,01
162905000,  39023606047,  45256810534,  44030033306,01
162995000,  39079747069,  45339068300,  44090724419,01
163005000,  39079747069,  45339068300,  44090724419,01
163015000,  39079747069,  45339068300,  44090724419,01
163105000,  39103403715,  45411025874,  44172663290,01
163115000,  39103403715,  45411025874,  44172663290,01
163125000,  39103403715,  45411025874,  44172663290,01
163215000,  39161735248,  45449249124,  44243147565,01
163225000,  39161735248,  45449249124,  44243147565,01
163235000,  39161735248,  45449249124,  44243147565,01
163325000,  39229622845,  45527179652,  44308099119,01
163335000,  39229622845,  45527179652,  44308099119,01
163345000,  39229622845,  45527179652,  44308099119,01
163435000,  39281088893,  45595504939,  44385003787,01
163445000,  39281088893,  45595504939,  44385003787,01
163455000,  39281088893,  45595504939,  44385003787,01
163545000,  39348343738,  45655562658,  44454232099,01
163555000,  39348343738,  45655562658,  44454232099,01
163565000,  39348343738,  45655562658,  44454232099,01
163655000,  39399242089,  45705985098,  44534750630,01
163665000,  39399242089,  45705985098,  44534750630,01
163675000,  39399242089,  45705985098,  44534750630,01
163765000,  39474797849,  45789573382,  44596402722,01
163775000,  39474797849,  45789573382,  44596402722,01
163785000,  39474797849,  45789573382,  44596402722,01
163875000,  39527991244,  45871832789,  44674462502,01
163885000,  39527991244,  45871832789,  44674462502,01
163895000,  39527991244,  45871832789,  44674462502,01
163985000,  39595996869,  45953654763,  44716234517,01
163995000,  39595996869,  45953654763,  44716234517,01
164005000,  39595996869,  45953654763,  44716234517,01
164095000,  39667765945,  46035479278,  44793347941,01
164105000,  39667765945,  46035479278,  44793347941,01
164115000,  39667765945,  46035479278,  44793347941,01
164205000,  39743060908,  46108448168,  44874267376,01
164215000,  39743060908,  46108448168,  44874267376,01
164225000,  39743060908,  46108448168,  44874267376,01
164315000,  39819124406,  46138819921,  44952532471,01
164325000,  39819124406,  46138819921,  44952532471,01
164335000,  39819124406,  46138819921,  44952532471,01
164425000,  39892199500,  46215818941,  45028820857,01
164435000,  39892199500,  46215818941,  45028820857,01
164445000,  39892199500,  46215818941,  45028820857,01
164535000,  39942763380,  46282796285,  45103481708,01
164545000,  39942763380,  46282796285,  45103481708,01
164555000,  39942763380,  46282796285,  45103481708,01
164645000,  40017237456,  46359025585,  45182050134,01
164655000,  40017237456,  46359025585,  45182050134,01
164665000,  40017237456,  46359025585,  45182050134,01
164755000,  40072047743,  46434188284,  45264011169,01
164765000,  40072047743,  46434188284,  45264011169,01
164775000,  40072047743,  46434188284,  45264011169,01
164865000,  40147885201,  46497793287,  45309961969,01
164875000,  40147885201,  46497793287,  45309961969,01
164885000,  40147885201,  46497793287,  45309961969,01
164975000,  40221336890,  46560516198,  45388699421,01
164985000,  40221336890,  46560516198,  45388699421,01
164995000,  40221336890,  46560516198,  45388699421,01
165085000,  40273721919,  46618751415,  45466220383,01
165095000,  40273721919,  46618751415,  45466220383,01
165105000,  40273721919,  46618751415,  45466220383,01
165235000,     56391123,     68557930,     66940654,10
165245000,     56391123,     68557930,     66940654,10
165255000,     56391123,     68557930,     66940654,10
165345000,    117725893,    149152362,    129705257,10
165355000,    117725893,    149152362,    129705257,10
165365000,    117725893,    149152362,    129705257,10
165455000,    186453929,    194276646,    178629849,10
165465000,    186453929,    194276646,    178629849,10
165475000,    186453929,    194276646,    178629849,10
165565000,    229515457,    260584749,    254026599,10
165575000,    229515457,    260584749,    254026599,10
165585000,    229515457,    260584749,    254026599,10
165675000,    306163043,    312932846,    325235777,10
165685000,    306163043,    312932846,    325235777,10
165695000,    306163043,    312932846,    325235777,10
165785000,    378712047,    396383578,    401280247,10
165795000,    378712047,    396383578,    401280247,10
165805000,    378712047,    396383578,    401280247,10
165895000,    436184015,    473924646,    479549877,10
165905000,    436184015,    473924646,    479549877,10
165915000,    436184015,    473924646,    479549877,10
166005000,    504903164,    556461389,    553158289,10
166015000,    504903164,    556461389,    553158289,10
166025000,    504903164,    556461389,    553158289,10
166115000,    570319131,    634645033,    634245894,10
166125000,    570319131,    634645033,    634245894,10
166135000,    570319131,    634645033,    634245894,10
166225000,    639385145,    713310772,    713419432,10
166235000,    639385145,    713310772,    713419432,10
166245000,    639385145,    713310772,    713419432,10
166335000,    672144828,    797314959,    776207193,10
166345000,    672144828,    797314959,    776207193,10
166355000,    672144828,    797314959,    776207193,10
166445000,    741583038,    880069029,    836787158,10
166455000,    741583038,    880069029,    836787158,10
166465000,    741583038,    880069029,    836787158,10
166555000,    814930693,    940858741,    901510530,10
166565000,    814930693,    940858741,    901510530,10
166575000,    814930693,    940858741,    901510530,10
166665000,    875287688,   1019770849,    951621362,10
166675000,    875287688,   1019770849,    951621362,10
166685000,    875287688,   1019770849,    951621362,10
166775000,    925613240,   1101923080,   1034040335,10
166785000,    925613240,   1101923080,   1034040335,10
166795000,    925613240,   1101923080,   1034040335,10
166885000,    978967804,   1178049850,   1088864224,10
166895000,    978967804,   1178049850,   1088864224,10
166905000,    978967804,   1178049850,   1088864224,10
166995000,   1045250016,   1236441805,   1168042063,10
167005000,   1045250016,   1236441805,   1168042063,10
167015000,   1045250016,   1236441805,   1168042063,10
167105000,   1104535982,   1313271362,   1250411930,10
167115000,   1104535982,   1313271362,   1250411930,10
167125000,   1104535982,   1313271362,   1250411930,10
167215000,   1160272983,   1368467851,   1302169600,10
167225000,   1160272983,   1368467851,   1302169600,10
167235000,   1160272983,   1368467851,   1302169600,10
167325000,   1238880820,   1422852925,   1380973950,10
167335000,   1238880820,   1422852925,   1380973950,10
167345000,   1238880820,   1422852925,   1380973950,10
167435000,   1313961686,   1493105606,   1459521289,10
167445000,   1313961686,   1493105606,   1459521289,10
167455000,   1313961686,   1493105606,   1459521289,10
167545000,   1387503825,   1575860357,   1537295043,10
167555000,   1387503825,   1575860357,   1537295043,10
167565000,   1387503825,   1575860357,   1537295043,10
167655000,   1447364544,   1653345193,   1600266722,10
167665000,   1447364544,   1653345193,   1600266722,10
167675000,   1447364544,   1653345193,   1600266722,10
167765000,   1507285225,   1693489141,   1682285772,10
167775000,   1507285225,   1693489141,   1682285772,10
167785000,   1507285225,   1693489141,   1682285772,10
167875000,   1579152320,   1771345808,   1760550191,10
167885000,   1579152320,   1771345808,   1760550191,10
167895000,   1579152320,   1771345808,   1760550191,10
167985000,   1652797443,   1848414728,   1806005630,10
167995000,   1652797443,   1848414728,   1806005630,10
168005000,   1652797443,   1848414728,   1806005630,10
168095000,   1731319761,   1913763247,   1858282933,10
168105000,   1731319761,   1913763247,   1858282933,10
168115000,   1731319761,   1913763247,   1858282933,10
168205000,   1770901766,   1985836435,   1940591420,10
168215000,   1770901766,   1985836435,   1940591420,10
168225000,   1770901766,   1985836435,   1940591420,10
168315000,   1820154362,   2058564886,   2018829295,10
168325000,   1820154362,   2058564886,   2018829295,10
168335000,   1820154362,   2058564886,   2018829295,10
168425000,   1898475306,   2139157316,   2085331803,10
168435000,   1898475306,   2139157316,   2085331803,10
168445000,   1898475306,   2139157316,   2085331803,10
168535000,   1973868563,   2204822562,   2102279782,10
168545000,   1973868563,   2204822562,   2102279782,10
168555000,   1973868563,   2204822562,   2102279782,10
168645000,   2007635302,   2284256558,   2172850637,10
168655000,   2007635302,   2284256558,   2172850637,10
168665000,   2007635302,   2284256558,   2172850637,10
168755000,   2078047830,   2345920910,   2245853964,10
168765000,   2078047830,   2345920910,   2245853964,10
168775000,   2078047830,   2345920910,   2245853964,10
168865000,   2153644236,   2374348664,   2306266566,10
168875000,   2153644236,   2374348664,   2306266566,10
168885000,   2153644236,   2374348664,   2306266566,10
168975000,   2233387548,   2456123860,   2344854995,10
168985000,   2233387548,   2456123860,   2344854995,10
168995000,   2233387548,   2456123860,   2344854995,10
169085000,   2301468540,   2527180964,   2415434206,10
169095000,   2301468540,   2527180964,   2415434206,10
169105000,   2301468540,   2527180964,   2415434206,10
169195000,   2380027627,   2588974197,   2495148540,10
169205000,   2380027627,   2588974197,   2495148540,10
169215000,   2380027627,   2588974197,   2495148540,10
169305000,   2432137027,   2671158722,   2567460886,10
169315000,   2432137027,   2671158722,   2567460886,10
169325000,   2432137027,   2671158722,   2567460886,10
169415000,   2495914220,   2751028994,   2639820309,10
169425000,   2495914220,   2751028994,   2639820309,10
169435000,   2495914220,   2751028994,   2639820309,10
169525000,   2566307850,   2826366352,   2720137109,10
169535000,   2566307850,   2826366352,   2720137109,10
169545000,   2566307850,   2826366352,   2720137109,10
169635000,   2638898351,   2905132569,   2797864552,10
169645000,   2638898351,   2905132569,   2797864552,10
169655000,   2638898351,   2905132569,   2797864552,10
169745000,   2710837491,   2971518877,   2866666604,10
169755000,   2710837491,   2971518877,   2866666604,10
169765000,   2710837491,   2971518877,   2866666604,10
169855000,   2771041478,   3046540832,   2943810772,10
169865000,   2771041478,   3046540832,   2943810772,10
169875000,   2771041478,   3046540832,   2943810772,10
169965000,   2842995738,   3111577687,   3023194841,10
169975000,   2842995738,   3111577687,   3023194841,10
169985000,   2842995738,   3111577687,   3023194841,10
170075000,   2897478440,   3187284081,   3080390604,10
170085000,   2897478440,   3187284081,   3080390604,10
170095000,   2897478440,   3187284081,   3080390604,10
170185000,   2965340001,   3268647445,   3146701802,10
170195000,   2965340001,   3268647445,   3146701802,10
170205000,   2965340001,   3268647445,   3146701802,10
170295000,   3034480548,   3293236673,   3186565258,10
170305000,   3034480548,   3293236673,   3186565258,10
170315000,   3034480548,   3293236673,   3186565258,10
170405000,   3088574622,   3359597586,   3268672613,10
170415000,   3088574622,   3359597586,   3268672613,10
170425000,   3088574622,   3359597586,   3268672613,10
170515000,   3159604226,   3421118441,   3342580077,10
170525000,   3159604226,   3421118441,   3342580077,10
170535000,   3159604226,   3421118441,   3342580077,10
170625000,   3235778328,   3429683336,   3421033348,10
170635000,   3235778328,   3429683336,   3421033348,10
170645000,   3235778328,   3429683336,   3421033348,10
170735000,   3303779748,   3493427118,   3494406118,10
170745000,   3303779748,   3493427118,   3494406118,10
170755000,   3303779748,   3493427118,   3494406118,10
170845000,   3352008627,   3571495325,   3562455192,10
170855000,   3352008627,   3571495325,   3562455192,10
170865000,   3352008627,   3571495325,   3562455192,10
170955000,   3403692891,   3651154356,   3611134861,10
170965000,   3403692891,   3651154356,   3611134861,10
170975000,   3403692891,   3651154356,   3611134861,10
171065000,   3464999405,   3727220469,   3687847451,10
171075000,   3464999405,   3727220469,   3687847451,10
171085000,   3464999405,   3727220469,   3687847451,10
171175000,   3543269510,   3809316065,   3740228764,10
171185000,   3543269510,   3809316065,   3740228764,10
171195000,   3543269510,   3809316065,   3740228764,10
171285000,   3612372097,   3890166389,   3809058150,10
171295000,   3612372097,   3890166389,   3809058150,10
171305000,   3612372097,   3890166389,   3809058150,10
171395000,   3691942244,   3973233378,   3886349480,10
171405000,   3691942244,   3973233378,   3886349480,10
171415000,   3691942244,   3973233378,   3886349480,10
171505000,   3744998520,   4025465844,   3964232862,10
171515000,   3744998520,   4025465844,   3964232862,10
171525000,   3744998520,   4025465844,   3964232862,10
171615000,   3795597525,   4103626127,   4040002729,10
171625000,   3795597525,   4103626127,   4040002729,10
171635000,   3795597525,   4103626127,   4040002729,10
171725000,   3872195899,   4167137317,   4115452685,10
171735000,   3872195899,   4167137317,   4115452685,10
171745000,   3872195899,   4167137317,   4115452685,10
171835000,   3932883364,   4224540930,   4195039190,10
171845000,   3932883364,   4224540930,   4195039190,10
171855000,   3932883364,   4224540930,   4195039190,10
171945000,   4011103534,   4284559504,   4277327762,10
171955000,   4011103534,   4284559504,   4277327762,10
171965000,   4011103534,   4284559504,   4277327762,10
172055000,   4067316471,   4365503421,   4344956366,10
172065000,   4067316471,   4365503421,   4344956366,10
172075000,   4067316471,   4365503421,   4344956366,10
172165000,   4141272361,   4425086316,   4425437669,10
172175000,   4141272361,   4425086316,   4425437669,10
172185000,   4141272361,   4425086316,   4425437669,10
172275000,   4197577665,   4509297305,   4492208952,10
172285000,   4197577665,   4509297305,   4492208952,10
172295000,   4197577665,   4509297305,   4492208952,10
172385000,   4267271288,   4587192759,   4552897767,10
172395000,   4267271288,   4587192759,   4552897767,10
172405000,   4267271288,   4587192759,   4552897767,10
172495000,   4337600971,   4661215077,   4585536782,10
172505000,   4337600971,   4661215077,   4585536782,10
172515000,   4337600971,   4661215077,   4585536782,10
172605000,   4412916309,   4745029213,   4660430245,10
172615000,   4412916309,   4745029213,   4660430245,10
172625000,   4412916309,   4745029213,   4660430245,10
172715000,   4442178870,   4821611574,   4742016055,10
172725000,   4442178870,   4821611574,   4742016055,10
172735000,   4442178870,   4821611574,   4742016055,10
172825000,   4509225972,   4879054719,   4806539131,10
172835000,   4509225972,   4879054719,   4806539131,10
172845000,   4509225972,   4879054719,   4806539131,10
172935000,   4586732370,   4942748965,   4886997466,10
172945000,   4586732370,   4942748965,   4886997466,10
172955000,   4586732370,   4942748965,   4886997466,10
173045000,   4663861317,   5000049456,   4959827484,10
173055000,   4663861317,   5000049456,   4959827484,10
173065000,   4663861317,   5000049456,   4959827484,10
173155000,   4725530979,   5040245932,   5037123581,10
173165000,   4725530979,   5040245932,   5037123581,10
173175000,   4725530979,   5040245932,   5037123581,10
173265000,   4785033966,   5102033437,   5104460545,10
173275000,   4785033966,   5102033437,   5104460545,10
173285000,   4785033966,   5102033437,   5104460545,10
173375000,   4844908439,   5162089942,   5182942706,10
173385000,   4844908439,   5162089942,   5182942706,10
173395000,   4844908439,   5162089942,   5182942706,10
173485000,   4920474576,   5236931762,   5257138906,10
173495000,   4920474576,   5236931762,   5257138906,10
173505000,   4920474576,   5236931762,   5257138906,10
173595000,   4961488144,   5305934029,   5339166960,10
173605000,   4961488144,   5305934029,   5339166960,10
173615000,   4961488144,   5305934029,   5339166960,10
173705000,   5036825997,   5386497111,   5410624882,10
173715000,   5036825997,   5386497111,   5410624882,10
173725000,   5036825997,   5386497111,   5410624882,10
173815000,   5105281252,   5404721655,   5487832692,10
173825000,   5105281252,   5404721655,   5487832692,10
173835000,   5105281252,   5404721655,   5487832692,10
173925000,   5171582724,   5484547579,   5545771436,10
173935000,   5171582724,   5484547579,   5545771436,10
173945000,   5171582724,   5484547579,   5545771436,10
174035000,   5234004240,   5522696197,   5618893681,10
174045000,   5234004240,   5522696197,   5618893681,10
174055000,   5234004240,   5522696197,   5618893681,10
174145000,   5309609835,   5601898121,   5679035208,10
174155000,   5309609835,   5601898121,   5679035208,10
174165000,   5309609835,   5601898121,   5679035208,10
174255000,   5355653281,   5642447910,   5735771621,10
174265000,   5355653281,   5642447910,   5735771621,10
174275000,   5355653281,   5642447910,   5735771621,10
174365000,   5403755113,   5711470200,   5814426140,10
174375000,   5403755113,   5711470200,   5814426140,10
174385000,   5403755113,   5711470200,   5814426140,10
174475000,   5472861665,   5711474446,   5896233242,10
174485000,   5472861665,   5711474446,   5896233242,10
174495000,   5472861665,   5711474446,   5896233242,10
174585000,   5540376740,   5779919245,   5936007864,10
174595000,   5540376740,   5779919245,   5936007864,10
174605000,   5540376740,   5779919245,   5936007864,10
174695000,   5603248987,   5848924448,   5989513382,10
174705000,   5603248987,   5848924448,   5989513382,10
174715000,   5603248987,   5848924448,   5989513382,10
174805000,   5676464766,   5930078160,   6063356666,10
174815000,   5676464766,   5930078160,   6063356666,10
174825000,   5676464766,   5930078160,   6063356666,10
174915000,   5737013478,   5991155701,   6145358169,10
174925000,   5737013478,   5991155701,   6145358169,10
174935000,   5737013478,   5991155701,   6145358169,10
175025000,   5815227227,   6006388828,   6218400652,10
175035000,   5815227227,   6006388828,   6218400652,10
175045000,   5815227227,   6006388828,   6218400652,10
175135000,   5887542725,   6072553000,   6284660954,10
175145000,   5887542725,   6072553000,   6284660954,10
175155000,   5887542725,   6072553000,   6284660954,10
175245000,   5962607601,   6138034097,   6354167492,10
175255000,   5962607601,   6138034097,   6354167492,10
175265000,   5962607601,   6138034097,   6354167492,10
175355000,   6025712533,   6221317457,   6433582731,10
175365000,   6025712533,   6221317457,   6433582731,10
175375000,   6025712533,   6221317457,   6433582731,10
175465000,   6102132363,   6294557285,   6503005482,10
175475000,   6102132363,   6294557285,   6503005482,10
175485000,   6102132363,   6294557285,   6503005482,10
175575000,   6160965566,   6378041125,   6564262336,10
175585000,   6160965566,   6378041125,   6564262336,10
175595000,   6160965566,   6378041125,   6564262336,10
175685000,   6157136875,   6446677766,   6643340009,10
175695000,   6157136875,   6446677766,   6643340009,10
175705000,   6157136875,   6446677766,   6643340009,10
175795000,   6200440032,   6511919277,   6724848217,10
175805000,   6200440032,   6511919277,   6724848217,10
175815000,   6200440032,   6511919277,   6724848217,10
175905000,   6262485211,   6588056916,   6780646325,10
175915000,   6262485211,   6588056916,   6780646325,10
175925000,   6262485211,   6588056916,   6780646325,10
176015000,   6338480484,   6665688244,   6830522692,10
176025000,   6338480484,   6665688244,   6830522692,10
176035000,   6338480484,   6665688244,   6830522692,10
176125000,   6399481570,   6735147045,   6888022648,10
176135000,   6399481570,   6735147045,   6888022648,10
176145000,   6399481570,   6735147045,   6888022648,10
176235000,   6463743889,   6784947380,   6970122436,10
176245000,   6463743889,   6784947380,   6970122436,10
176255000,   6463743889,   6784947380,   6970122436,10
176345000,   6530064968,   6837822544,   7039769493,10
176355000,   6530064968,   6837822544,   7039769493,10
176365000,   6530064968,   6837822544,   7039769493,10
176455000,   6601961004,   6851236696,   7117691795,10
176465000,   6601961004,   6851236696,   7117691795,10
176475000,   6601961004,   6851236696,   7117691795,10
176565000,   6667674093,   6927727063,   7183305103,10
176575000,   6667674093,   6927727063,   7183305103,10
176585000,   6667674093,   6927727063,   7183305103,10
176675000,   6734470256,   6991482874,   7257134250,10
176685000,   6734470256,   6991482874,   7257134250,10
176695000,   6734470256,   6991482874,   7257134250,10
176785000,   6796570518,   7073777907,   7322596990,10
176795000,   6796570518,   7073777907,   7322596990,10
176805000,   6796570518,   7073777907,   7322596990,10
176895000,   6864811624,   7108385175,   7384163387,10
176905000,   6864811624,   7108385175,   7384163387,10
176915000,   6864811624,   7108385175,   7384163387,10
177005000,   6942064210,   7176951614,   7449870822,10
177015000,   6942064210,   7176951614,   7449870822,10
177025000,   6942064210,   7176951614,   7449870822,10
177115000,   7005497425,   7244192042,   7528925139,10
177125000,   7005497425,   7244192042,   7528925139,10
177135000,   7005497425,   7244192042,   7528925139,10
177225000,   7059539338,   7325709820,   7604759051,10
177235000,   7059539338,   7325709820,   7604759051,10
177245000,   7059539338,   7325709820,   7604759051,10
177335000,   7138933140,   7402233503,   7669290611,10
177345000,   7138933140,   7402233503,   7669290611,10
177355000,   7138933140,   7402233503,   7669290611,10
177445000,   7191397004,   7486381636,   7746520118,10
177455000,   7191397004,   7486381636,   7746520118,10
177465000,   7191397004,   7486381636,   7746520118,10
177555000,   7230117479,   7565672081,   7824738646,10
177565000,   7230117479,   7565672081,   7824738646,10
177575000,   7230117479,   7565672081,   7824738646,10
177665000,   7307147015,   7631563770,   7884153919,10
177675000,   7307147015,   7631563770,   7884153919,10
177685000,   7307147015,   7631563770,   7884153919,10
177775000,   7372053854,   7691275671,   7924894487,10
177785000,   7372053854,   7691275671,   7924894487,10
177795000,   7372053854,   7691275671,   7924894487,10
177885000,   7441146163,   7767557650,   8000043433,10
177895000,   7441146163,   7767557650,   8000043433,10
177905000,   7441146163,   7767557650,   8000043433,10
177995000,   7512008224,   7819429616,   8063141536,10
178005000,   7512008224,   7819429616,   8063141536,10
178015000,   7512008224,   7819429616,   8063141536,10
178105000,   7533722537,   7850800808,   8105310742,10
178115000,   7533722537,   7850800808,   8105310742,10
178125000,   7533722537,   7850800808,   8105310742,10
178215000,   7596604990,   7926995775,   8172706340,10
178225000,   7596604990,   7926995775,   8172706340,10
178235000,   7596604990,   7926995775,   8172706340,10
178325000,   7667704866,   7999941582,   8252894973,10
178335000,   7667704866,   7999941582,   8252894973,10
178345000,   7667704866,   7999941582,   8252894973,10
178435000,   7702439560,   8050044031,   8320400487,10
178445000,   7702439560,   8050044031,   8320400487,10
178455000,   7702439560,   8050044031,   8320400487,10
178545000,   7762078582,   8132601270,   8378481173,10
178555000,   7762078582,   8132601270,   8378481173,10
178565000,   7762078582,   8132601270,   8378481173,10
178655000,   7829780467,   8177472991,   8450068871,10
178665000,   7829780467,   8177472991,   8450068871,10
178675000,   7829780467,   8177472991,   8450068871,10
178765000,   7903869646,   8240036675,   8494214358,10
178775000,   7903869646,   8240036675,   8494214358,10
178785000,   7903869646,   8240036675,   8494214358,10
178875000,   7978875259,   8314598082,   8541540229,10
178885000,   7978875259,   8314598082,   8541540229,10
178895000,   7978875259,   8314598082,   8541540229,10
178985000,  12250996321,   8396885605,   8601330795,10
178995000,  12250996321,   8396885605,   8601330795,10
179005000,  12250996321,   8396885605,   8601330795,10
179095000,  12310526426,   8468877483,   8681716240,10
179105000,  12310526426,   8468877483,   8681716240,10
179115000,  12310526426,   8468877483,   8681716240,10
179205000,  12377058096,   8551049047,   8756853763,10
179215000,  12377058096,   8551049047,   8756853763,10
179225000,  12377058096,   8551049047,   8756853763,10
179315000,  12439802007,   8629248715,   8813820032,10
179325000,  12439802007,   8629248715,   8813820032,10
179335000,  12439802007,   8629248715,   8813820032,10
179425000,  12468784135,   8698469907,   8863262626,10
179435000,  12468784135,   8698469907,   8863262626,10
179445000,  12468784135,   8698469907,   8863262626,10
179535000,  12532607111,   8775364500,   8943524935,10
179545000,  12532607111,   8775364500,   8943524935,10
179555000,  12532607111,   8775364500,   8943524935,10
179645000,  12594453765,   8825075169,   9021384325,10
179655000,  12594453765,   8825075169,   9021384325,10
179665000,  12594453765,   8825075169,   9021384325,10
179755000,  12617392538,   8908786011,   9070311818,10
179765000,  12617392538,   8908786011,   9070311818,10
179775000,  12617392538,   8908786011,   9070311818,10
179865000,  12684719837,   8989836997,   9151791736,10
179875000,  12684719837,   8989836997,   9151791736,10
179885000,  12684719837,   8989836997,   9151791736,10
179975000,  12758071535,   9060712440,   9225435251,10
179985000,  12758071535,   9060712440,   9225435251,10
179995000,  12758071535,   9060712440,   9225435251,10
180085000,  12830646444,   9129523778,   9307863961,10
180095000,  12830646444,   9129523778,   9307863961,10
180105000,  12830646444,   9129523778,   9307863961,10
180195000,  12909347826,   9195732341,   9375966753,10
180205000,  12909347826,   9195732341,   9375966753,10
180215000,  12909347826,   9195732341,   9375966753,10
180305000,  12953320767,   9276857039,   9404450392,10
180315000,  12953320767,   9276857039,   9404450392,10
180325000,  12953320767,   9276857039,   9404450392,10
180415000,  12997937386,   9358150645,   9479998321,10
180425000,  12997937386,   9358150645,   9479998321,10
180435000,  12997937386,   9358150645,   9479998321,10
180525000,  13039163469,   9433412054,   9543229278,10
180535000,  13039163469,   9433412054,   9543229278,10
180545000,  13039163469,   9433412054,   9543229278,10
180635000,  13102558326,   9516948208,   9624099540,10
180645000,  13102558326,   9516948208,   9624099540,10
180655000,  13102558326,   9516948208,   9624099540,10
180745000,  13138447575,   9551976924,   9701529667,10
180755000,  13138447575,   9551976924,   9701529667,10
180765000,  13138447575,   9551976924,   9701529667,10
180855000,  13205327697,   9624018722,   9778804503,10
180865000,  13205327697,   9624018722,   9778804503,10
180875000,  13205327697,   9624018722,   9778804503,10
180965000,  13283745682,   9696507194,   9859916633,10
180975000,  13283745682,   9696507194,   9859916633,10
180985000,  13283745682,   9696507194,   9859916633,10
181075000,  13360804230,   9774936330,   9939485809,10
181085000,  13360804230,   9774936330,   9939485809,10
181095000,  13360804230,   9774936330,   9939485809,10
181185000,  13402212879,   9849905035,   9998194010,10
181195000,  13402212879,   9849905035,   9998194010,10
181205000,  13402212879,   9849905035,   9998194010,10
181295000,  13478190514,   9906159328,  10075821717,10
181305000,  13478190514,   9906159328,  10075821717,10
181315000,  13478190514,   9906159328,  10075821717,10
181405000,  13539091787,   9986228774,  10153501011,10
181415000,  13539091787,   9986228774,  10153501011,10
181425000,  13539091787,   9986228774,  10153501011,10
181515000,  13618455540,  10069336155,  10168241692,10
181525000,  13618455540,  10069336155,  10168241692,10
181535000,  13618455540,  10069336155,  10168241692,10
181625000,  13670211017,  10121910344,  10246167666,10
181635000,  13670211017,  10121910344,  10246167666,10
181645000,  13670211017,  10121910344,  10246167666,10
181735000,  13731099409,  10196821273,  10314817720,10
181745000,  13731099409,  10196821273,  10314817720,10
181755000,  13731099409,  10196821273,  10314817720,10
181845000,  13809951687,  10262354364,  10391496033,10
181855000,  13809951687,  10262354364,  10391496033,10
181865000,  13809951687,  10262354364,  10391496033,10
181955000,  13882594582,  10342326618,  10473813413,10
181965000,  13882594582,  10342326618,  10473813413,10
181975000,  13882594582,  10342326618,  10473813413,10
182065000,  13931481434,  10423026405,  10552338860,10
182075000,  13931481434,  10423026405,  10552338860,10
182085000,  13931481434,  10423026405,  10552338860,10
182175000,  13988649923,  10492273241,  10594979333,10
182185000,  13988649923,  10492273241,  10594979333,10
182195000,  13988649923,  10492273241,  10594979333,10
182285000,  14066802464,  10571180478,  10676515202,10
182295000,  14066802464,  10571180478,  10676515202,10
182305000,  14066802464,  10571180478,  10676515202,10
182395000,  14122997777,  10641867513,  10711823368,10
182405000,  14122997777,  10641867513,  10711823368,10
182415000,  14122997777,  10641867513,  10711823368,10
182505000,  14136356360,  10714338753,  10776348342,10
182515000,  14136356360,  10714338753,  10776348342,10
182525000,  14136356360,  10714338753,  10776348342,10
182615000,  14213067604,  10780551468,  10849100806,10
182625000,  14213067604,  10780551468,  10849100806,10
182635000,  14213067604,  10780551468,  10849100806,10
182725000,  14280649114,  10833992772,  10895133747,10
182735000,  14280649114,  10833992772,  10895133747,10
182745000,  14280649114,  10833992772,  10895133747,10
182835000,  14358281435,  10912153741,  10967872633,10
182845000,  14358281435,  10912153741,  10967872633,10
182855000,  14358281435,  10912153741,  10967872633,10
182945000,  14435997770,  10944103963,  11040624657,10
182955000,  14435997770,  10944103963,  11040624657,10
182965000,  14435997770,  10944103963,  11040624657,10
183055000,  14482876386,  10997635645,  11116790629,10
183065000,  14482876386,  10997635645,  11116790629,10
183075000,  14482876386,  10997635645,  11116790629,10
183165000,  14521665954,  11066930834,  11187018487,10
183175000,  14521665954,  11066930834,  11187018487,10
183185000,  14521665954,  11066930834,  11187018487,10
183275000,  14600401585,  11146825350,  11233938263,10
183285000,  14600401585,  11146825350,  11233938263,10
183295000,  14600401585,  11146825350,  11233938263,10
183385000,  14617592295,  11225228242,  11302954193,10
183395000,  14617592295,  11225228242,  11302954193,10
183405000,  14617592295,  11225228242,  11302954193,10
183495000,  14696073993,  11301348246,  11385396520,10
183505000,  14696073993,  11301348246,  11385396520,10
183515000,  14696073993,  11301348246,  11385396520,10
183605000,  14768564757,  11384317260,  11446495623,10
183615000,  14768564757,  11384317260,  11446495623,10
183625000,  14768564757,  11384317260,  11446495623,10
183715000,  14842421593,  11459471068,  11520449664,10
183725000,  14842421593,  11459471068,  11520449664,10
183735000,  14842421593,  11459471068,  11520449664,10
183825000,  14909232274,  11528992546,  11602384233,10
183835000,  14909232274,  11528992546,  11602384233,10
183845000,  14909232274,  11528992546,  11602384233,10
183935000,  14971288034,  11595690198,  11684524530,10
183945000,  14971288034,  11595690198,  11684524530,10
183955000,  14971288034,  11595690198,  11684524530,10
184045000,  15037029855,  11661614111,  11766050735,10
184055000,  15037029855,  11661614111,  11766050735,10
184065000,  15037029855,  11661614111,  11766050735,10
184155000,  15039189345,  11743585866,  11848195640,10
184165000,  15039189345,  11743585866,  11848195640,10
184175000,  15039189345,  11743585866,  11848195640,10
184265000,  15100289354,  11822174115,  11915931931,10
184275000,  15100289354,  11822174115,  11915931931,10
184285000,  15100289354,  11822174115,  11915931931,10
184375000,  15170771095,  11901851309,  11988594908,10
184385000,  15170771095,  11901851309,  11988594908,10
184395000,  15170771095,  11901851309,  11988594908,10
184485000,  15175301608,  11985971078,  12061563315,10
184495000,  15175301608,  11985971078,  12061563315,10
184505000,  15175301608,  11985971078,  12061563315,10
184595000,  15244947896,  12044059112,  12142460099,10
184605000,  15244947896,  12044059112,  12142460099,10
184615000,  15244947896,  12044059112,  12142460099,10
184705000,  15321781492,  12127280175,  12221432206,10
184715000,  15321781492,  12127280175,  12221432206,10
184725000,  15321781492,  12127280175,  12221432206,10
184815000,  15399920493,  12201077249,  12277452430,10
184825000,  15399920493,  12201077249,  12277452430,10
184835000,  15399920493,  12201077249,  12277452430,10
184925000,  15422758392,  12271105175,  12354810195,10
184935000,  15422758392,  12271105175,  12354810195,10
184945000,  15422758392,  12271105175,  12354810195,10
185035000,  15470293369,  12352383399,  12436022873,10
185045000,  15470293369,  12352383399,  12436022873,10
185055000,  15470293369,  12352383399,  12436022873,10
185145000,  15525144777,  12417500936,  12516696483,10
185155000,  15525144777,  12417500936,  12516696483,10
185165000,  15525144777,  12417500936,  12516696483,10
185255000,  15602479244,  12441074792,  12595606704,10
185265000,  15602479244,  12441074792,  12595606704,10
185275000,  15602479244,  12441074792,  12595606704,10
185365000,  15677324643,  12508494100,  12676221454,10
185375000,  15677324643,  12508494100,  12676221454,10
185385000,  15677324643,  12508494100,  12676221454,10
185475000,  15734409730,  12566250463,  12715665585,10
185485000,  15734409730,  12566250463,  12715665585,10
185495000,  15734409730,  12566250463,  12715665585,10
185585000,  15811292886,  12614828362,  12782027889,10
185595000,  15811292886,  12614828362,  12782027889,10
185605000,  15811292886,  12614828362,  12782027889,10
185695000,  15878294753,  12698566525,  12862976224,10
185705000,  15878294753,  12698566525,  12862976224,10
185715000,  15878294753,  12698566525,  12862976224,10
185805000,  15930899539,  12774705628,  12925212813,10
185815000,  15930899539,  12774705628,  12925212813,10
185825000,  15930899539,  12774705628,  12925212813,10
185915000,  16007799606,  12854421849,  12993561337,10
185925000,  16007799606,  12854421849,  12993561337,10
185935000,  16007799606,  12854421849,  12993561337,10
186025000,  16075801164,  12889210560,  13051207429,10
186035000,  16075801164,  12889210560,  13051207429,10
186045000,  16075801164,  12889210560,  13051207429,10
186135000,  16153948292,  12973080353,  13124723053,10
186145000,  16153948292,  12973080353,  13124723053,10
186155000,  16153948292,  12973080353,  13124723053,10
186245000,  16210066695,  13011033676,  13201612531,10
186255000,  16210066695,  13011033676,  13201612531,10
186265000,  16210066695,  13011033676,  13201612531,10
186355000,  16258832181,  13084459765,  13252060557,10
186365000,  16258832181,  13084459765,  13252060557,10
186375000,  16258832181,  13084459765,  13252060557,10
186465000,  16302800948,  13160820208,  13331267901,10
186475000,  16302800948,  13160820208,  13331267901,10
186485000,  16302800948,  13160820208,  13331267901,10
186575000,  16361777800,  13229754764,  13412277786,10
186585000,  16361777800,  13229754764,  13412277786,10
186595000,  16361777800,  13229754764,  13412277786,10
186685000,  16433255888,  13307066071,  13478945586,10
186695000,  16433255888,  13307066071,  13478945586,10
186705000,  16433255888,  13307066071,  13478945586,10
186795000,  16493679638,  13388607814,  13558361305,10
186805000,  16493679638,  13388607814,  13558361305,10
186815000,  16493679638,  13388607814,  13558361305,10
186905000,  16569877280,  13457556442,  13634055504,10
186915000,  16569877280,  13457556442,  13634055504,10
186925000,  16569877280,  13457556442,  13634055504,10
187015000,  16634960403,  13531274948,  13714255748,10
187025000,  16634960403,  13531274948,  13714255748,10
187035000,  16634960403,  13531274948,  13714255748,10
187125000,  16691916928,  13593261676,  13787451379,10
187135000,  16691916928,  13593261676,  13787451379,10
187145000,  16691916928,  13593261676,  13787451379,10
187235000,  16768885579,  13650019085,  13850588554,10
187245000,  16768885579,  13650019085,  13850588554,10
187255000,  16768885579,  13650019085,  13850588554,10
187345000,  16836593024,  13711129974,  13916796841,10
187355000,  16836593024,  13711129974,  13916796841,10
187365000,  16836593024,  13711129974,  13916796841,10
187455000,  16913203279,  13789016858,  13988267174,10
187465000,  16913203279,  13789016858,  13988267174,10
187475000,  16913203279,  13789016858,  13988267174,10
187565000,  16987601514,  13873075404,  14051793882,10
187575000,  16987601514,  13873075404,  14051793882,10
187585000,  16987601514,  13873075404,  14051793882,10
187675000,  17065278257,  13953349584,  14117418874,10
187685000,  17065278257,  13953349584,  14117418874,10
187695000,  17065278257,  13953349584,  14117418874,10
187785000,  17123571179,  13998785817,  14188099170,10
187795000,  17123571179,  13998785817,  14188099170,10
187805000,  17123571179,  13998785817,  14188099170,10
187895000,  17200672725,  14053180724,  14269043462,10
187905000,  17200672725,  14053180724,  14269043462,10
187915000,  17200672725,  14053180724,  14269043462,10
188005000,  17251991913,  14114456985,  14350333741,10
188015000,  17251991913,  14114456985,  14350333741,10
188025000,  17251991913,  14114456985,  14350333741,10
188115000,  17330122319,  14197699900,  14415961023,10
188125000,  17330122319,  14197699900,  14415961023,10
188135000,  17330122319,  14197699900,  14415961023,10
188225000,  17364788544,  14236314599,  14493014579,10
188235000,  17364788544,  14236314599,  14493014579,10
188245000,  17364788544,  14236314599,  14493014579,10
188335000,  17436172741,  14281889502,  14549845568,10
188345000,  17436172741,  14281889502,  14549845568,10
188355000,  17436172741,  14281889502,  14549845568,10
188445000,  17514320468,  14361688395,  14625491248,10
188455000,  17514320468,  14361688395,  14625491248,10
188465000,  17514320468,  14361688395,  14625491248,10
188555000,  17579120405,  14414344020,  14702023994,10
188565000,  17579120405,  14414344020,  14702023994,10
188575000,  17579120405,  14414344020,  14702023994,10
188665000,  17652629614,  14478628043,  14771623282,10
188675000,  17652629614,  14478628043,  14771623282,10
188685000,  17652629614,  14478628043,  14771623282,10
188775000,  17728187041,  14556987876,  14852664345,10
188785000,  17728187041,  14556987876,  14852664345,10
188795000,  17728187041,  14556987876,  14852664345,10
188885000,  17805391512,  14636096474,  14932943208,10
188895000,  17805391512,  14636096474,  14932943208,10
188905000,  17805391512,  14636096474,  14932943208,10
188995000,  17880000169,  14714919387,  15001986920,10
189005000,  17880000169,  14714919387,  15001986920,10
189015000,  17880000169,  14714919387,  15001986920,10
189105000,  17944643556,  14736405957,  15044254397,10
189115000,  17944643556,  14736405957,  15044254397,10
189125000,  17944643556,  14736405957,  15044254397,10
189215000,  17967351842,  14809299248,  15105376833,10
189225000,  17967351842,  14809299248,  15105376833,10
189235000,  17967351842,  14809299248,  15105376833,10
189325000,  18042187733,  14875417596,  15167461874,10
189335000,  18042187733,  14875417596,  15167461874,10
189345000,  18042187733,  14875417596,  15167461874,10
189435000,  18085275265,  14955457750,  15224365830,10
189445000,  18085275265,  14955457750,  15224365830,10
189455000,  18085275265,  14955457750,  15224365830,10
189545000,  18164350434,  15021200255,  15297275634,10
189555000,  18164350434,  15021200255,  15297275634,10
189565000,  18164350434,  15021200255,  15297275634,10
189655000,  18222625855,  15097998315,  15378087946,10
189665000,  18222625855,  15097998315,  15378087946,10
189675000,  18222625855,  15097998315,  15378087946,10
189765000,  18268023534,  15181478523,  15444428130,10
189775000,  18268023534,  15181478523,  15444428130,10
189785000,  18268023534,  15181478523,  15444428130,10
189875000,  18335455770,  15265387630,  15500493152,10
189885000,  18335455770,  15265387630,  15500493152,10
189895000,  18335455770,  15265387630,  15500493152,10
189985000,  18403779250,  15316356050,  15577934680,10
189995000,  18403779250,  15316356050,  15577934680,10
190005000,  18403779250,  15316356050,  15577934680,10
190095000,  18463474096,  15386319524,  15626047223,10
190105000,  18463474096,  15386319524,  15626047223,10
190115000,  18463474096,  15386319524,  15626047223,10
190205000,  18538174047,  15466193807,  15680739524,10
190215000,  18538174047,  15466193807,  15680739524,10
190225000,  18538174047,  15466193807,  15680739524,10
190315000,  18614604688,  15547029052,  15758845080,10
190325000,  18614604688,  15547029052,  15758845080,10
190335000,  18614604688,  15547029052,  15758845080,10
190425000,  18678064980,  15622294363,  15820330972,10
190435000,  18678064980,  15622294363,  15820330972,10
190445000,  18678064980,  15622294363,  15820330972,10
190535000,  18718282658,  15648563522,  15884821790,10
190545000,  18718282658,  15648563522,  15884821790,10
190555000,  18718282658,  15648563522,  15884821790,10
190645000,  18795498009,  15724800862,  15936874609,10
190655000,  18795498009,  15724800862,  15936874609,10
190665000,  18795498009,  15724800862,  15936874609,10
190755000,  18848444156,  15801113642,  15984240010,10
190765000,  18848444156,  15801113642,  15984240010,10
190775000,  18848444156,  15801113642,  15984240010,10
190865000,  18920611673,  15847326098,  16023515731,10
190875000,  18920611673,  15847326098,  16023515731,10
190885000,  18920611673,  15847326098,  16023515731,10
190975000,  18977467065,  15925188136,  16074951470,10
190985000,  18977467065,  15925188136,  16074951470,10
190995000,  18977467065,  15925188136,  16074951470,10
191085000,  19035404359,  15958614182,  16150179481,10
191095000,  19035404359,  15958614182,  16150179481,10
191105000,  19035404359,  15958614182,  16150179481,10
191195000,  19096937371,  16029251857,  16155869126,10
191205000,  19096937371,  16029251857,  16155869126,10
191215000,  19096937371,  16029251857,  16155869126,10
191305000,  19164339387,  16092140316,  16221369526,10
191315000,  19164339387,  16092140316,  16221369526,10
191325000,  19164339387,  16092140316,  16221369526,10
191415000,  19241409693,  16155349826,  16259856722,10
191425000,  19241409693,  16155349826,  16259856722,10
191435000,  19241409693,  16155349826,  16259856722,10
191525000,  19319406301,  16184213317,  16340417502,10
191535000,  19319406301,  16184213317,  16340417502,10
191545000,  19319406301,  16184213317,  16340417502,10
191635000,  19383185863,  16256744640,  16398251932,10
191645000,  19383185863,  16256744640,  16398251932,10
191655000,  19383185863,  16256744640,  16398251932,10
191745000,  19462784156,  16337061194,  16469087741,10
191755000,  19462784156,  16337061194,  16469087741,10
191765000,  19462784156,  16337061194,  16469087741,10
191855000,  19533981666,  16417209634,  16534737370,10
191865000,  19533981666,  16417209634,  16534737370,10
191875000,  19533981666,  16417209634,  16534737370,10
191965000,  19594527712,  16481388144,  16605849946,10
191975000,  19594527712,  16481388144,  16605849946,10
191985000,  19594527712,  16481388144,  16605849946,10
192075000,  19658018999,  16558165304,  16643974395,10
192085000,  19658018999,  16558165304,  16643974395,10
192095000,  19658018999,  16558165304,  16643974395,10
192185000,  19726346020,  16598895100,  16721408624,10
192195000,  19726346020,  16598895100,  16721408624,10
192205000,  19726346020,  16598895100,  16721408624,10
192295000,  19802251773,  16659080250,  16781334671,10
192305000,  19802251773,  16659080250,  16781334671,10
192315000,  19802251773,  16659080250,  16781334671,10
192405000,  19873862242,  16741471783,  16846808116,10
192415000,  19873862242,  16741471783,  16846808116,10
192425000,  19873862242,  16741471783,  16846808116,10
192515000,  19936329197,  16818963724,  16917991176,10
192525000,  19936329197,  16818963724,  16917991176,10
192535000,  19936329197,  16818963724,  16917991176,10
192625000,  19977846851,  16884141312,  16996299136,10
192635000,  19977846851,  16884141312,  16996299136,10
192645000,  19977846851,  16884141312,  16996299136,10
192735000,  20055003916,  16963309161,  17077254897,10
192745000,  20055003916,  16963309161,  17077254897,10
192755000,  20055003916,  16963309161,  17077254897,10
192845000,  20121788382,  17045597293,  17145883163,10
192855000,  20121788382,  17045597293,  17145883163,10
192865000,  20121788382,  17045597293,  17145883163,10
192955000,  20199387978,  17127373615,  17220068692,10
192965000,  20199387978,  17127373615,  17220068692,10
192975000,  20199387978,  17127373615,  17220068692,10
193065000,  24446280238,  17208819871,  17249662286,10
193075000,  24446280238,  17208819871,  17249662286,10
193085000,  24446280238,  17208819871,  17249662286,10
193175000,  24523633569,  17282178326,  17312170932,10
193185000,  24523633569,  17282178326,  17312170932,10
193195000,  24523633569,  17282178326,  17312170932,10
193285000,  24594232596,  17355558424,  17387709800,10
193295000,  24594232596,  17355558424,  17387709800,10
193305000,  24594232596,  17355558424,  17387709800,10
193395000,  24672267864,  17410431867,  17445677780,10
193405000,  24672267864,  17410431867,  17445677780,10
193415000,  24672267864,  17410431867,  17445677780,10
193505000,  24744937993,  17480414572,  17521830809,10
193515000,  24744937993,  17480414572,  17521830809,10
193525000,  24744937993,  17480414572,  17521830809,10
193615000,  24822158881,  17559928074,  17584463469,10
193625000,  24822158881,  17559928074,  17584463469,10
193635000,  24822158881,  17559928074,  17584463469,10
193725000,  24885676743,  17641051163,  17656744500,10
193735000,  24885676743,  17641051163,  17656744500,10
193745000,  24885676743,  17641051163,  17656744500,10
193835000,  24950875828,  17723061185,  17693518711,10
193845000,  24950875828,  17723061185,  17693518711,10
193855000,  24950875828,  17723061185,  17693518711,10
193945000,  25022190481,  17799385233,  17772947870,10
193955000,  25022190481,  17799385233,  17772947870,10
193965000,  25022190481,  17799385233,  17772947870,10
194055000,  25099450587,  17878549913,  17847606132,10
194065000,  25099450587,  17878549913,  17847606132,10
194075000,  25099450587,  17878549913,  17847606132,10
194165000,  25152093757,  17948868946,  17923398561,10
194175000,  25152093757,  17948868946,  17923398561,10
194185000,  25152093757,  17948868946,  17923398561,10
194275000,  25212318317,  18010150778,  17944639564,10
194285000,  25212318317,  18010150778,  17944639564,10
194295000,  25212318317,  18010150778,  17944639564,10
194385000,  25287578053,  18080281028,  18022069785,10
194395000,  25287578053,  18080281028,  18022069785,10
194405000,  25287578053,  18080281028,  18022069785,10
194495000,  25362805445,  18145709271,  18104232200,10
194505000,  25362805445,  18145709271,  18104232200,10
194515000,  25362805445,  18145709271,  18104232200,10
194605000,  25430287238,  18227790632,  18136660545,10
194615000,  25430287238,  18227790632,  18136660545,10
194625000,  25430287238,  18227790632,  18136660545,10
194715000,  25499524266,  18310079220,  18179880640,10
194725000,  25499524266,  18310079220,  18179880640,10
194735000,  25499524266,  18310079220,  18179880640,10
194825000,  25510869825,  18373063397,  18233945074,10
194835000,  25510869825,  18373063397,  18233945074,10
194845000,  25510869825,  18373063397,  18233945074,10
194935000,  25588868259,  18452476938,  18312462679,10
194945000,  25588868259,  18452476938,  18312462679,10
194955000,  25588868259,  18452476938,  18312462679,10
195045000,  25665886572,  18498543700,  18375252130,10
195055000,  25665886572,  18498543700,  18375252130,10
195065000,  25665886572,  18498543700,  18375252130,10
195155000,  25739499258,  18544610225,  18448000353,10
195165000,  25739499258,  18544610225,  18448000353,10
195175000,  25739499258,  18544610225,  18448000353,10
195265000,  25815199258,  18614808083,  18529847009,10
195275000,  25815199258,  18614808083,  18529847009,10
195285000,  25815199258,  18614808083,  18529847009,10
195375000,  25892955307,  18688190469,  18606518873,10
195385000,  25892955307,  18688190469,  18606518873,10
195395000,  25892955307,  18688190469,  18606518873,10
195485000,  25967128683,  18733790371,  18684338514,10
195495000,  25967128683,  18733790371,  18684338514,10
195505000,  25967128683,  18733790371,  18684338514,10
195595000,  26046698113,  18805344957,  18764567515,10
195605000,  26046698113,  18805344957,  18764567515,10
195615000,  26046698113,  18805344957,  18764567515,10
195705000,  26111772846,  18887465749,  18824915630,10
195715000,  26111772846,  18887465749,  18824915630,10
195725000,  26111772846,  18887465749,  18824915630,10
195815000,  26188694986,  18967330891,  18892303359,10
195825000,  26188694986,  18967330891,  18892303359,10
195835000,  26188694986,  18967330891,  18892303359,10
195925000,  26244871976,  19036745492,  18974737130,10
195935000,  26244871976,  19036745492,  18974737130,10
195945000,  26244871976,  19036745492,  18974737130,10
196035000,  26320620142,  19071840055,  19051375365,10
196045000,  26320620142,  19071840055,  19051375365,10
196055000,  26320620142,  19071840055,  19051375365,10
196145000,  26364949266,  19135269767,  19133804948,10
196155000,  26364949266,  19135269767,  19133804948,10
196165000,  26364949266,  19135269767,  19133804948,10
196255000,  26386248132,  19204089599,  19206217911,10
196265000,  26386248132,  19204089599,  19206217911,10
196275000,  26386248132,  19204089599,  19206217911,10
196365000,  26438850912,  19281940738,  19278867548,10
196375000,  26438850912,  19281940738,  19278867548,10
196385000,  26438850912,  19281940738,  19278867548,10
196475000,  26515267529,  19348059013,  19353040118,10
196485000,  26515267529,  19348059013,  19353040118,10
196495000,  26515267529,  19348059013,  19353040118,10
196585000,  26591953708,  19360318114,  19399294483,10
196595000,  26591953708,  19360318114,  19399294483,10
196605000,  26591953708,  19360318114,  19399294483,10
196695000,  26652995522,  19425993639,  19474626140,10
196705000,  26652995522,  19425993639,  19474626140,10
196715000,  26652995522,  19425993639,  19474626140,10
196805000,  26727527211,  19505620426,  19540110565,10
196815000,  26727527211,  19505620426,  19540110565,10
196825000,  26727527211,  19505620426,  19540110565,10
196915000,  26796296657,  19582939036,  19564118882,10
196925000,  26796296657,  19582939036,  19564118882,10
196935000,  26796296657,  19582939036,  19564118882,10
197025000,  26856269043,  19661039336,  19634847251,10
197035000,  26856269043,  19661039336,  19634847251,10
197045000,  26856269043,  19661039336,  19634847251,10
197135000,  26931026160,  19704302656,  19709234572,10
197145000,  26931026160,  19704302656,  19709234572,10
197155000,  26931026160,  19704302656,  19709234572,10
197245000,  27010451497,  19784145653,  19759558600,10
197255000,  27010451497,  19784145653,  19759558600,10
197265000,  27010451497,  19784145653,  19759558600,10
197355000,  27083771563,  19862078321,  19838202196,10
197365000,  27083771563,  19862078321,  19838202196,10
197375000,  27083771563,  19862078321,  19838202196,10
197465000,  27142640034,  19937162163,  19918149441,10
197475000,  27142640034,  19937162163,  19918149441,10
197485000,  27142640034,  19937162163,  19918149441,10
197575000,  27200747273,  19990743203,  19997837409,10
197585000,  27200747273,  19990743203,  19997837409,10
197595000,  27200747273,  19990743203,  19997837409,10
197685000,  27234309942,  20072826983,  20032225985,10
197695000,  27234309942,  20072826983,  20032225985,10
197705000,  27234309942,  20072826983,  20032225985,10
197795000,  27312327467,  20155013545,  20103811488,10
197805000,  27312327467,  20155013545,  20103811488,10
197815000,  27312327467,  20155013545,  20103811488,10
197905000,  27379771665,  20238679583,  20130900199,10
197915000,  27379771665,  20238679583,  20130900199,10
197925000,  27379771665,  20238679583,  20130900199,10
198015000,  27409586488,  20294800606,  20206347342,10
198025000,  27409586488,  20294800606,  20206347342,10
198035000,  27409586488,  20294800606,  20206347342,10
198125000,  27486098389,  20373272000,  20272125357,10
198135000,  27486098389,  20373272000,  20272125357,10
198145000,  27486098389,  20373272000,  20272125357,10
198235000,  27555998283,  20452224215,  20342661872,10
198245000,  27555998283,  20452224215,  20342661872,10
198255000,  27555998283,  20452224215,  20342661872,10
198345000,  27629213264,  20496817770,  20420735882,10
198355000,  27629213264,  20496817770,  20420735882,10
198365000,  27629213264,  20496817770,  20420735882,10
198455000,  27708596613,  20563014029,  20475988531,10
198465000,  27708596613,  20563014029,  20475988531,10
198475000,  27708596613,  20563014029,  20475988531,10
198565000,  27757732475,  20627461360,  20557822448,10
198575000,  27757732475,  20627461360,  20557822448,10
198585000,  27757732475,  20627461360,  20557822448,10
198675000,  27803783624,  20709016580,  20636290174,10
198685000,  27803783624,  20709016580,  20636290174,10
198695000,  27803783624,  20709016580,  20636290174,10
198785000,  27880505563,  20756404739,  20701713451,10
198795000,  27880505563,  20756404739,  20701713451,10
198805000,  27880505563,  20756404739,  20701713451,10
198895000,  27956845841,  20819758501,  20745950619,10
198905000,  27956845841,  20819758501,  20745950619,10
198915000,  27956845841,  20819758501,  20745950619,10
199005000,  28029940398,  20895872621,  20811220378,10
199015000,  28029940398,  20895872621,  20811220378,10
199025000,  28029940398,  20895872621,  20811220378,10
199115000,  28084353483,  20967220711,  20886323817,10
199125000,  28084353483,  20967220711,  20886323817,10
199135000,  28084353483,  20967220711,  20886323817,10
199225000,  28159455715,  21042494147,  20964032291,10
199235000,  28159455715,  21042494147,  20964032291,10
199245000,  28159455715,  21042494147,  20964032291,10
199335000,  28227992357,  21123290943,  21029090190,10
199345000,  28227992357,  21123290943,  21029090190,10
199355000,  28227992357,  21123290943,  21029090190,10
199445000,  28280811539,  21191616701,  21099965731,10
199455000,  28280811539,  21191616701,  21099965731,10
199465000,  28280811539,  21191616701,  21099965731,10
199555000,  28328329309,  21268181386,  21180122659,10
199565000,  28328329309,  21268181386,  21180122659,10
199575000,  28328329309,  21268181386,  21180122659,10
199665000,  28400681628,  21339302468,  21205894267,10
199675000,  28400681628,  21339302468,  21205894267,10
199685000,  28400681628,  21339302468,  21205894267,10
199775000,  28466329976,  21394663235,  21207582989,10
199785000,  28466329976,  21394663235,  21207582989,10
199795000,  28466329976,  21394663235,  21207582989,10
199885000,  28540366375,  21450199440,  21283671670,10
199895000,  28540366375,  21450199440,  21283671670,10
199905000,  28540366375,  21450199440,  21283671670,10
199995000,  28609693351,  21472820373,  21331316529,10
200005000,  28609693351,  21472820373,  21331316529,10
200015000,  28609693351,  21472820373,  21331316529,10
200105000,  28684069995,  21532675373,  21408624887,10
200115000,  28684069995,  21532675373,  21408624887,10
200125000,  28684069995,  21532675373,  21408624887,10
200215000,  28729465219,  21599703690,  21455016562,10
200225000,  28729465219,  21599703690,  21455016562,10
200235000,  28729465219,  21599703690,  21455016562,10
200325000,  28804911678,  21665551309,  21532841618,10
200335000,  28804911678,  21665551309,  21532841618,10
200345000,  28804911678,  21665551309,  21532841618,10
200435000,  28883728867,  21737364437,  21613534273,10
200445000,  28883728867,  21737364437,  21613534273,10
200455000,  28883728867,  21737364437,  21613534273,10
200545000,  28957464732,  21810834818,  21688296295,10
200555000,  28957464732,  21810834818,  21688296295,10
200565000,  28957464732,  21810834818,  21688296295,10
200655000,  29023344763,  21889591711,  21744897300,10
200665000,  29023344763,  21889591711,  21744897300,10
200675000,  29023344763,  21889591711,  21744897300,10
200765000,  29076047924,  21970036111,  21808185136,10
200775000,  29076047924,  21970036111,  21808185136,10
200785000,  29076047924,  21970036111,  21808185136,10
200875000,  29140097425,  22044326366,  21880033097,10
200885000,  29140097425,  22044326366,  21880033097,10
200895000,  29140097425,  22044326366,  21880033097,10
200985000,  29212425275,  22119552446,  21923409441,10
200995000,  29212425275,  22119552446,  21923409441,10
201005000,  29212425275,  22119552446,  21923409441,10
201095000,  29269079842,  22190322944,  21960364774,10
201105000,  29269079842,  22190322944,  21960364774,10
201115000,  29269079842,  22190322944,  21960364774,10
201205000,  29308255710,  22273509464,  22035158674,10
201215000,  29308255710,  22273509464,  22035158674,10
201225000,  29308255710,  22273509464,  22035158674,10
201315000,  29365346250,  22354453994,  22111747164,10
201325000,  29365346250,  22354453994,  22111747164,10
201335000,  29365346250,  22354453994,  22111747164,10
201425000,  29422454978,  22438646314,  22172005329,10
201435000,  29422454978,  22438646314,  22172005329,10
201445000,  29422454978,  22438646314,  22172005329,10
201535000,  29496044385,  22511403647,  22219523173,10
201545000,  29496044385,  22511403647,  22219523173,10
201555000,  29496044385,  22511403647,  22219523173,10
201645000,  29564089021,  22577655064,  22267252375,10
201655000,  29564089021,  22577655064,  22267252375,10
201665000,  29564089021,  22577655064,  22267252375,10
201755000,  29623431105,  22651792870,  22344181686,10
201765000,  29623431105,  22651792870,  22344181686,10
201775000,  29623431105,  22651792870,  22344181686,10
201865000,  29688625035,  22735870660,  22424038931,10
201875000,  29688625035,  22735870660,  22424038931,10
201885000,  29688625035,  22735870660,  22424038931,10
201975000,  29744596087,  22803904444,  22483121044,10
201985000,  29744596087,  22803904444,  22483121044,10
201995000,  29744596087,  22803904444,  22483121044,10
202085000,  29815777892,  22815852878,  22535756998,10
202095000,  29815777892,  22815852878,  22535756998,10
202105000,  29815777892,  22815852878,  22535756998,10
202195000,  29878325369,  22862221764,  22558808839,10
202205000,  29878325369,  22862221764,  22558808839,10
202215000,  29878325369,  22862221764,  22558808839,10
202305000,  29941308874,  22921396048,  22638042415,10
202315000,  29941308874,  22921396048,  22638042415,10
202325000,  29941308874,  22921396048,  22638042415,10
202415000,  30009315060,  23000430160,  22714958351,10
202425000,  30009315060,  23000430160,  22714958351,10
202435000,  30009315060,  23000430160,  22714958351,10
202525000,  30084093877,  23084618275,  22730409141,10
202535000,  30084093877,  23084618275,  22730409141,10
202545000,  30084093877,  23084618275,  22730409141,10
202635000,  30149016756,  23142041081,  22788970911,10
202645000,  30149016756,  23142041081,  22788970911,10
202655000,  30149016756,  23142041081,  22788970911,10
202745000,  30167530509,  23219611959,  22808203149,10
202755000,  30167530509,  23219611959,  22808203149,10
202765000,  30167530509,  23219611959,  22808203149,10
202855000,  30244865584,  23294066285,  22875110947,10
202865000,  30244865584,  23294066285,  22875110947,10
202875000,  30244865584,  23294066285,  22875110947,10
202965000,  30311194513,  23363899104,  22940106223,10
202975000,  30311194513,  23363899104,  22940106223,10
202985000,  30311194513,  23363899104,  22940106223,10
203075000,  30376646490,  23419682836,  22998499419,10
203085000,  30376646490,  23419682836,  22998499419,10
203095000,  30376646490,  23419682836,  22998499419,10
203185000,  30448104466,  23480510093,  23075305877,10
203195000,  30448104466,  23480510093,  23075305877,10
203205000,  30448104466,  23480510093,  23075305877,10
203295000,  30468302104,  23558843733,  23152463432,10
203305000,  30468302104,  23558843733,  23152463432,10
203315000,  30468302104,  23558843733,  23152463432,10
203405000,  30547150646,  23638239494,  23229536410,10
203415000,  30547150646,  23638239494,  23229536410,10
203425000,  30547150646,  23638239494,  23229536410,10
203515000,  30609498191,  23717615259,  23234015341,10
203525000,  30609498191,  23717615259,  23234015341,10
203535000,  30609498191,  23717615259,  23234015341,10
203625000,  30677145644,  23798877293,  23246505443,10
203635000,  30677145644,  23798877293,  23246505443,10
203645000,  30677145644,  23798877293,  23246505443,10
203735000,  30751686591,  23881038428,  23295307687,10
203745000,  30751686591,  23881038428,  23295307687,10
203755000,  30751686591,  23881038428,  23295307687,10
203845000,  30826937416,  23962614713,  23375429644,10
203855000,  30826937416,  23962614713,  23375429644,10
203865000,  30826937416,  23962614713,  23375429644,10
203955000,  30901197494,  24004651980,  23439002784,10
203965000,  30901197494,  24004651980,  23439002784,10
203975000,  30901197494,  24004651980,  23439002784,10
204065000,  30973110951,  24080191863,  23496542703,10
204075000,  30973110951,  24080191863,  23496542703,10
204085000,  30973110951,  24080191863,  23496542703,10
204175000,  31007148764,  24141688918,  23576194553,10
204185000,  31007148764,  24141688918,  23576194553,10
204195000,  31007148764,  24141688918,  23576194553,10
204285000,  31084369905,  24202646424,  23614535160,10
204295000,  31084369905,  24202646424,  23614535160,10
204305000,  31084369905,  24202646424,  23614535160,10
204395000,  31156071405,  24286368555,  23647934604,10
204405000,  31156071405,  24286368555,  23647934604,10
204415000,  31156071405,  24286368555,  23647934604,10
204505000,  31211710045,  24329065286,  23700691914,10
204515000,  31211710045,  24329065286,  23700691914,10
204525000,  31211710045,  24329065286,  23700691914,10
204615000,  31289763023,  24383434146,  23780528555,10
204625000,  31289763023,  24383434146,  23780528555,10
204635000,  31289763023,  24383434146,  23780528555,10
204725000,  31356935400,  24467205651,  23849903667,10
204735000,  31356935400,  24467205651,  23849903667,10
204745000,  31356935400,  24467205651,  23849903667,10
204835000,  31428139404,  24550083193,  23922768515,10
204845000,  31428139404,  24550083193,  23922768515,10
204855000,  31428139404,  24550083193,  23922768515,10
204945000,  31491039469,  24595238392,  24005071524,10
204955000,  31491039469,  24595238392,  24005071524,10
204965000,  31491039469,  24595238392,  24005071524,10
205055000,  31570274191,  24628928145,  24068882769,10
205065000,  31570274191,  24628928145,  24068882769,10
205075000,  31570274191,  24628928145,  24068882769,10
205165000,  31618357521,  24684271784,  24150450418,10
205175000,  31618357521,  24684271784,  24150450418,10
205185000,  31618357521,  24684271784,  24150450418,10
205275000,  31694461631,  24757568032,  24212775610,10
205285000,  31694461631,  24757568032,  24212775610,10
205295000,  31694461631,  24757568032,  24212775610,10
205385000,  31766908039,  24806299804,  24283370770,10
205395000,  31766908039,  24806299804,  24283370770,10
205405000,  31766908039,  24806299804,  24283370770,10
205495000,  31843253867,  24874948351,  24330958437,10
205505000,  31843253867,  24874948351,  24330958437,10
205515000,  31843253867,  24874948351,  24330958437,10
205605000,  31922250380,  24939133593,  24391607693,10
205615000,  31922250380,  24939133593,  24391607693,10
205625000,  31922250380,  24939133593,  24391607693,10
205715000,  32001790213,  24990291306,  24399921009,10
205725000,  32001790213,  24990291306,  24399921009,10
205735000,  32001790213,  24990291306,  24399921009,10
205825000,  32048233770,  29248414781,  24460127185,10
205835000,  32048233770,  29248414781,  24460127185,10
205845000,  32048233770,  29248414781,  24460127185,10
205935000,  32121907423,  29315016453,  24531350112,10
205945000,  32121907423,  29315016453,  24531350112,10
205955000,  32121907423,  29315016453,  24531350112,10
206045000,  32180218421,  29322829648,  24595925389,10
206055000,  32180218421,  29322829648,  24595925389,10
206065000,  32180218421,  29322829648,  24595925389,10
206155000,  32248274404,  29392570645,  24668652162,10
206165000,  32248274404,  29392570645,  24668652162,10
206175000,  32248274404,  29392570645,  24668652162,10
206265000,  32306029751,  29471123981,  24731476710,10
206275000,  32306029751,  29471123981,  24731476710,10
206285000,  32306029751,  29471123981,  24731476710,10
206375000,  32365509498,  29550119968,  24794213307,10
206385000,  32365509498,  29550119968,  24794213307,10
206395000,  32365509498,  29550119968,  24794213307,10
206485000,  32443511549,  29603045050,  24860080996,10
206495000,  32443511549,  29603045050,  24860080996,10
206505000,  32443511549,  29603045050,  24860080996,10
206595000,  32516436373,  29676944741,  24925114538,10
206605000,  32516436373,  29676944741,  24925114538,10
206615000,  32516436373,  29676944741,  24925114538,10
206705000,  32589079918,  29756893332,  24984495496,10
206715000,  32589079918,  29756893332,  24984495496,10
206725000,  32589079918,  29756893332,  24984495496,10
206815000,  32640254187,  29804052572,  25057716942,10
206825000,  32640254187,  29804052572,  25057716942,10
206835000,  32640254187,  29804052572,  25057716942,10
206925000,  32709667083,  29866531752,  25137961529,10
206935000,  32709667083,  29866531752,  25137961529,10
206945000,  32709667083,  29866531752,  25137961529,10
207035000,  32786446280,  29947119273,  25210526996,10
207045000,  32786446280,  29947119273,  25210526996,10
207055000,  32786446280,  29947119273,  25210526996,10
207145000,  32854321178,  30028465268,  25288296108,10
207155000,  32854321178,  30028465268,  25288296108,10
207165000,  32854321178,  30028465268,  25288296108,10
207255000,  32912725106,  30093097937,  25359847396,10
207265000,  32912725106,  30093097937,  25359847396,10
207275000,  32912725106,  30093097937,  25359847396,10
207365000,  32992185453,  30166839208,  25371569682,10
207375000,  32992185453,  30166839208,  25371569682,10
207385000,  32992185453,  30166839208,  25371569682,10
207475000,  33059364718,  30189117590,  25447842571,10
207485000,  33059364718,  30189117590,  25447842571,10
207495000,  33059364718,  30189117590,  25447842571,10
207585000,  33131636632,  30268832801,  25498546876,10
207595000,  33131636632,  30268832801,  25498546876,10
207605000,  33131636632,  30268832801,  25498546876,10
207695000,  33194802197,  30289003970,  25576117468,10
207705000,  33194802197,  30289003970,  25576117468,10
207715000,  33194802197,  30289003970,  25576117468,10
207805000,  33255410337,  30373099116,  25646430607,10
207815000,  33255410337,  30373099116,  25646430607,10
207825000,  33255410337,  30373099116,  25646430607,10
207915000,  33314157488,  30451375497,  25723748617,10
207925000,  33314157488,  30451375497,  25723748617,10
207935000,  33314157488,  30451375497,  25723748617,10
208025000,  33373421542,  30519115966,  25805269626,10
208035000,  33373421542,  30519115966,  25805269626,10
208045000,  33373421542,  30519115966,  25805269626,10
208135000,  33452454013,  30600788268,  25875501378,10
208145000,  33452454013,  30600788268,  25875501378,10
208155000,  33452454013,  30600788268,  25875501378,10
208245000,  33520926371,  30680480952,  25957338258,10
208255000,  33520926371,  30680480952,  25957338258,10
208265000,  33520926371,  30680480952,  25957338258,10
208355000,  33579033068,  30743386291,  26001669616,10
208365000,  33579033068,  30743386291,  26001669616,10
208375000,  33579033068,  30743386291,  26001669616,10
208465000,  33653901306,  30823810042,  26039602757,10
208475000,  33653901306,  30823810042,  26039602757,10
208485000,  33653901306,  30823810042,  26039602757,10
208575000,  33719504239,  30903668977,  26119495061,10
208585000,  33719504239,  30903668977,  26119495061,10
208595000,  33719504239,  30903668977,  26119495061,10
208685000,  33799232180,  30974043707,  26196000207,10
208695000,  33799232180,  30974043707,  26196000207,10
208705000,  33799232180,  30974043707,  26196000207,10
208795000,  33876487684,  31039231559,  26270005728,10
208805000,  33876487684,  31039231559,  26270005728,10
208815000,  33876487684,  31039231559,  26270005728,10
208905000,  33931444217,  31122372343,  26323873953,10
208915000,  33931444217,  31122372343,  26323873953,10
208925000,  33931444217,  31122372343,  26323873953,10
209015000,  33991506053,  31201975536,  26401331820,10
209025000,  33991506053,  31201975536,  26401331820,10
209035000,  33991506053,  31201975536,  26401331820,10
209125000,  34058261026,  31277660980,  26479559270,10
209135000,  34058261026,  31277660980,  26479559270,10
209145000,  34058261026,  31277660980,  26479559270,10
209235000,  34098748542,  31338166150,  26548823608,10
209245000,  34098748542,  31338166150,  26548823608,10
209255000,  34098748542,  31338166150,  26548823608,10
209345000,  34163530018,  31421810315,  26598721936,10
209355000,  34163530018,  31421810315,  26598721936,10
209365000,  34163530018,  31421810315,  26598721936,10
209455000,  34238154006,  31494641691,  26669481674,10
209465000,  34238154006,  31494641691,  26669481674,10
209475000,  34238154006,  31494641691,  26669481674,10
209565000,  34300228072,  31573445201,  26709033413,10
209575000,  34300228072,  31573445201,  26709033413,10
209585000,  34300228072,  31573445201,  26709033413,10
209675000,  34378528591,  31655978910,  26732246929,10
209685000,  34378528591,  31655978910,  26732246929,10
209695000,  34378528591,  31655978910,  26732246929,10
209785000,  34446963228,  31716055371,  26794866900,10
209795000,  34446963228,  31716055371,  26794866900,10
209805000,  34446963228,  31716055371,  26794866900,10
209895000,  34523578068,  31799089263,  26877101643,10
209905000,  34523578068,  31799089263,  26877101643,10
209915000,  34523578068,  31799089263,  26877101643,10
210005000,  34603227471,  31865645771,  26930926762,10
210015000,  34603227471,  31865645771,  26930926762,10
210025000,  34603227471,  31865645771,  26930926762,10
210115000,  34675459381,  31932542633,  26999867058,10
210125000,  34675459381,  31932542633,  26999867058,10
210135000,  34675459381,  31932542633,  26999867058,10
210225000,  34716864355,  32011587144,  27082177947,10
210235000,  34716864355,  32011587144,  27082177947,10
210245000,  34716864355,  32011587144,  27082177947,10
210335000,  34796109240,  32079879029,  27154003367,10
210345000,  34796109240,  32079879029,  27154003367,10
210355000,  34796109240,  32079879029,  27154003367,10
210445000,  34874844787,  32156904361,  27208250644,10
210455000,  34874844787,  32156904361,  27208250644,10
210465000,  34874844787,  32156904361,  27208250644,10
210555000,  34924813859,  32209456988,  27286726739,10
210565000,  34924813859,  32209456988,  27286726739,10
210575000,  34924813859,  32209456988,  27286726739,10
210665000,  34994542103,  32274915088,  27365424326,10
210675000,  34994542103,  32274915088,  27365424326,10
210685000,  34994542103,  32274915088,  27365424326,10
210775000,  35071367252,  32346037403,  27410293861,10
210785000,  35071367252,  32346037403,  27410293861,10
210795000,  35071367252,  32346037403,  27410293861,10
210885000,  35136768558,  32403345448,  27491963948,10
210895000,  35136768558,  32403345448,  27491963948,10
210905000,  35136768558,  32403345448,  27491963948,10
210995000,  35213280647,  32476534711,  27541460128,10
211005000,  35213280647,  32476534711,  27541460128,10
211015000,  35213280647,  32476534711,  27541460128,10
211105000,  35290245968,  32549268345,  27618870159,10
211115000,  35290245968,  32549268345,  27618870159,10
211125000,  35290245968,  32549268345,  27618870159,10
211215000,  35368993021,  32581455189,  27699130539,10
211225000,  35368993021,  32581455189,  27699130539,10
211235000,  35368993021,  32581455189,  27699130539,10
211325000,  35447752169,  32663444157,  27762547863,10
211335000,  35447752169,  32663444157,  27762547863,10
211345000,  35447752169,  32663444157,  27762547863,10
211435000,  35499174868,  32742729591,  27839575393,10
211445000,  35499174868,  32742729591,  27839575393,10
211455000,  35499174868,  32742729591,  27839575393,10
211545000,  35566152888,  32803829588,  27907395419,10
211555000,  35566152888,  32803829588,  27907395419,10
211565000,  35566152888,  32803829588,  27907395419,10
211655000,  35630373822,  32849876866,  27972455575,10
211665000,  35630373822,  32849876866,  27972455575,10
211675000,  35630373822,  32849876866,  27972455575,10
211765000,  35701449520,  32923328183,  28053995511,10
211775000,  35701449520,  32923328183,  28053995511,10
211785000,  35701449520,  32923328183,  28053995511,10
211875000,  35752392786,  33007210563,  28134155205,10
211885000,  35752392786,  33007210563,  28134155205,10
211895000,  35752392786,  33007210563,  28134155205,10
211985000,  35829143612,  33085864315,  28200669310,10
211995000,  35829143612,  33085864315,  28200669310,10
212005000,  35829143612,  33085864315,  28200669310,10
212095000,  35894629078,  33162181216,  28273717736,10
212105000,  35894629078,  33162181216,  28273717736,10
212115000,  35894629078,  33162181216,  28273717736,10
212205000,  35960175952,  33240250681,  28345425394,10
212215000,  35960175952,  33240250681,  28345425394,10
212225000,  35960175952,  33240250681,  28345425394,10
212315000,  36039665309,  33298291521,  28409847633,10
212325000,  36039665309,  33298291521,  28409847633,10
212335000,  36039665309,  33298291521,  28409847633,10
212425000,  36114654153,  33378968901,  28491293884,10
212435000,  36114654153,  33378968901,  28491293884,10
212445000,  36114654153,  33378968901,  28491293884,10
212535000,  36182003325,  33438559414,  28572723631,10
212545000,  36182003325,  33438559414,  28572723631,10
212555000,  36182003325,  33438559414,  28572723631,10
212645000,  36257097985,  33520522474,  28646317242,10
212655000,  36257097985,  33520522474,  28646317242,10
212665000,  36257097985,  33520522474,  28646317242,10
212755000,  36270871353,  33597964248,  28725696613,10
212765000,  36270871353,  33597964248,  28725696613,10
212775000,  36270871353,  33597964248,  28725696613,10
212865000,  36303967982,  33672364219,  28794939061,10
212875000,  36303967982,  33672364219,  28794939061,10
212885000,  36303967982,  33672364219,  28794939061,10
212975000,  36375296068,  33751846145,  28863163089,10
212985000,  36375296068,  33751846145,  28863163089,10
212995000,  36375296068,  33751846145,  28863163089,10
213085000,  36434291078,  33834821891,  28878141344,10
213095000,  36434291078,  33834821891,  28878141344,10
213105000,  36434291078,  33834821891,  28878141344,10
213195000,  36506222374,  33911641994,  28939309837,10
213205000,  36506222374,  33911641994,  28939309837,10
213215000,  36506222374,  33911641994,  28939309837,10
213305000,  36574448073,  33974398252,  29021086462,10
213315000,  36574448073,  33974398252,  29021086462,10
213325000,  36574448073,  33974398252,  29021086462,10
213415000,  36623341660,  34028815053,  29100945347,10
213425000,  36623341660,  34028815053,  29100945347,10
213435000,  36623341660,  34028815053,  29100945347,10
213525000,  36701955388,  34109923329,  29171501918,10
213535000,  36701955388,  34109923329,  29171501918,10
213545000,  36701955388,  34109923329,  29171501918,10
213635000,  36765921651,  34169402357,  29195679260,10
213645000,  36765921651,  34169402357,  29195679260,10
213655000,  36765921651,  34169402357,  29195679260,10
213745000,  36835049300,  34248496488,  29262746167,10
213755000,  36835049300,  34248496488,  29262746167,10
213765000,  36835049300,  34248496488,  29262746167,10
213855000,  36907629290,  34316648728,  29286786764,10
213865000,  36907629290,  34316648728,  29286786764,10
213875000,  36907629290,  34316648728,  29286786764,10
213965000,  36958134346,  34382140705,  29329741068,10
213975000,  36958134346,  34382140705,  29329741068,10
213985000,  36958134346,  34382140705,  29329741068,10
214075000,  37035921867,  34462423369,  29403660333,10
214085000,  37035921867,  34462423369,  29403660333,10
214095000,  37035921867,  34462423369,  29403660333,10
214185000,  37108884231,  34524238621,  29436374402,10
214195000,  37108884231,  34524238621,  29436374402,10
214205000,  37108884231,  34524238621,  29436374402,10
214295000,  37180860319,  38796581198,  29480377582,10
214305000,  37180860319,  38796581198,  29480377582,10
214315000,  37180860319,  38796581198,  29480377582,10
214405000,  37249278656,  38877120742,  29537322289,10
214415000,  37249278656,  38877120742,  29537322289,10
214425000,  37249278656,  38877120742,  29537322289,10
214515000,  37306921939,  38947316872,  29598092192,10
214525000,  37306921939,  38947316872,  29598092192,10
214535000,  37306921939,  38947316872,  29598092192,10
214625000,  37371558878,  39027754542,  29651879120,10
214635000,  37371558878,  39027754542,  29651879120,10
214645000,  37371558878,  39027754542,  29651879120,10
214735000,  37422474808,  39090139122,  29716270269,10
214745000,  37422474808,  39090139122,  29716270269,10
214755000,  37422474808,  39090139122,  29716270269,10
214845000,  37449283354,  39152979728,  29760713909,10
214855000,  37449283354,  39152979728,  29760713909,10
214865000,  37449283354,  39152979728,  29760713909,10
214955000,  37514191139,  39205677596,  29783066117,10
214965000,  37514191139,  39205677596,  29783066117,10
214975000,  37514191139,  39205677596,  29783066117,10
215065000,  37571218674,  39285241760,  29861977790,10
215075000,  37571218674,  39285241760,  29861977790,10
215085000,  37571218674,  39285241760,  29861977790,10
215175000,  37622191796,  39364632303,  29940452922,10
215185000,  37622191796,  39364632303,  29940452922,10
215195000,  37622191796,  39364632303,  29940452922,10
215285000,  37697532575,  39431053251,  30010030611,10
215295000,  37697532575,  39431053251,  30010030611,10
215305000,  37697532575,  39431053251,  30010030611,10
215395000,  37767849648,  39514317408,  30090088351,10
215405000,  37767849648,  39514317408,  30090088351,10
215415000,  37767849648,  39514317408,  30090088351,10
215505000,  37845896623,  39581656325,  30167461053,10
215515000,  37845896623,  39581656325,  30167461053,10
215525000,  37845896623,  39581656325,  30167461053,10
215615000,  37890909365,  39647814688,  30218847656,10
215625000,  37890909365,  39647814688,  30218847656,10
215635000,  37890909365,  39647814688,  30218847656,10
215725000,  37969873580,  39717681514,  30294179910,10
215735000,  37969873580,  39717681514,  30294179910,10
215745000,  37969873580,  39717681514,  30294179910,10
215835000,  38029556316,  39787094488,  30375518637,10
215845000,  38029556316,  39787094488,  30375518637,10
215855000,  38029556316,  39787094488,  30375518637,10
215945000,  38103895925,  39868934397,  30434182292,10
215955000,  38103895925,  39868934397,  30434182292,10
215965000,  38103895925,  39868934397,  30434182292,10
216055000,  38142221806,  39898658093,  30512120517,10
216065000,  38142221806,  39898658093,  30512120517,10
216075000,  38142221806,  39898658093,  30512120517,10
216165000,  38217804304,  39965149734,  30567701003,10
216175000,  38217804304,  39965149734,  30567701003,10
216185000,  38217804304,  39965149734,  30567701003,10
216275000,  38271349735,  40025700589,  30646443166,10
216285000,  38271349735,  40025700589,  30646443166,10
216295000,  38271349735,  40025700589,  30646443166,10
216385000,  38345701663,  40074459938,  30699542059,10
216395000,  38345701663,  40074459938,  30699542059,10
216405000,  38345701663,  40074459938,  30699542059,10
216495000,  38423795057,  40158541035,  30763971784,10
216505000,  38423795057,  40158541035,  30763971784,10
216515000,  38423795057,  40158541035,  30763971784,10
216605000,  38492874417,  40232558608,  30844728095,10
216615000,  38492874417,  40232558608,  30844728095,10
216625000,  38492874417,  40232558608,  30844728095,10
216715000,  38564495497,  40304478127,  30901049551,10
216725000,  38564495497,  40304478127,  30901049551,10
216735000,  38564495497,  40304478127,  30901049551,10
216825000,  38639702819,  40382702514,  30939496594,10
216835000,  38639702819,  40382702514,  30939496594,10
216845000,  38639702819,  40382702514,  30939496594,10
216935000,  38700233306,  40436356097,  31010102963,10
216945000,  38700233306,  40436356097,  31010102963,10
216955000,  38700233306,  40436356097,  31010102963,10
217045000,  38764196700,  40509124503,  31049902048,10
217055000,  38764196700,  40509124503,  31049902048,10
217065000,  38764196700,  40509124503,  31049902048,10
217155000,  38812029584,  40591714583,  31109893973,10
217165000,  38812029584,  40591714583,  31109893973,10
217175000,  38812029584,  40591714583,  31109893973,10
217265000,  38861932879,  40667388041,  31183069736,10
217275000,  38861932879,  40667388041,  31183069736,10
217285000,  38861932879,  40667388041,  31183069736,10
217375000,  38931648747,  40743211586,  31260634029,10
217385000,  38931648747,  40743211586,  31260634029,10
217395000,  38931648747,  40743211586,  31260634029,10
217485000,  38984658293,  40798191319,  31340632625,10
217495000,  38984658293,  40798191319,  31340632625,10
217505000,  38984658293,  40798191319,  31340632625,10
217595000,  39034528273,  40874728199,  31404788396,10
217605000,  39034528273,  40874728199,  31404788396,10
217615000,  39034528273,  40874728199,  31404788396,10
217705000,  39099545044,  40945715948,  31482923752,10
217715000,  39099545044,  40945715948,  31482923752,10
217725000,  39099545044,  40945715948,  31482923752,10
217815000,  39137503740,  41013484027,  31521554183,10
217825000,  39137503740,  41013484027,  31521554183,10
217835000,  39137503740,  41013484027,  31521554183,10
217925000,  39201609099,  41073837164,  31598407971,10
217935000,  39201609099,  41073837164,  31598407971,10
217945000,  39201609099,  41073837164,  31598407971,10
218035000,  39244056294,  41110692590,  31673562218,10
218045000,  39244056294,  41110692590,  31673562218,10
218055000,  39244056294,  41110692590,  31673562218,10
218145000,  39317725893,  41183332851,  31679673594,10
218155000,  39317725893,  41183332851,  31679673594,10
218165000,  39317725893,  41183332851,  31679673594,10
218255000,  39365500435,  41256968462,  31761935114,10
218265000,  39365500435,  41256968462,  31761935114,10
218275000,  39365500435,  41256968462,  31761935114,10
218365000,  39428662722,  41340077108,  31841399429,10
218375000,  39428662722,  41340077108,  31841399429,10
218385000,  39428662722,  41340077108,  31841399429,10
218475000,  39492885552,  41411723255,  31909932616,10
218485000,  39492885552,  41411723255,  31909932616,10
218495000,  39492885552,  41411723255,  31909932616,10
218585000,  39567263107,  41489857783,  31971383923,10
218595000,  39567263107,  41489857783,  31971383923,10
218605000,  39567263107,  41489857783,  31971383923,10
218695000,  39607307658,  41566345723,  32042541688,10
218705000,  39607307658,  41566345723,  32042541688,10
218715000,  39607307658,  41566345723,  32042541688,10
218805000,  39655599753,  41646407590,  32121765697,10
218815000,  39655599753,  41646407590,  32121765697,10
218825000,  39655599753,  41646407590,  32121765697,10
218915000,  39734592836,  41723918433,  32186202548,10
218925000,  39734592836,  41723918433,  32186202548,10
218935000,  39734592836,  41723918433,  32186202548,10
219025000,  39805676664,  41807796544,  32254955305,10
219035000,  39805676664,  41807796544,  32254955305,10
219045000,  39805676664,  41807796544,  32254955305,10
219135000,  39836534476,  41852924709,  32326588719,10
219145000,  39836534476,  41852924709,  32326588719,10
219155000,  39836534476,  41852924709,  32326588719,10
219245000,  39911481749,  41935838170,  32362330586,10
219255000,  39911481749,  41935838170,  32362330586,10
219265000,  39911481749,  41935838170,  32362330586,10
219355000,  39979708346,  41966592563,  32429824275,10
219365000,  39979708346,  41966592563,  32429824275,10
219375000,  39979708346,  41966592563,  32429824275,10
219465000,  40058677211,  42012134047,  32502705709,10
219475000,  40058677211,  42012134047,  32502705709,10
219485000,  40058677211,  42012134047,  32502705709,10
219575000,  40135631302,  42078795675,  32583193553,10
219585000,  40135631302,  42078795675,  32583193553,10
219595000,  40135631302,  42078795675,  32583193553,10
219685000,  40211711151,  42146548969,  32641172143,10
219695000,  40211711151,  42146548969,  32641172143,10
219705000,  40211711151,  42146548969,  32641172143,10
219795000,  40248954481,  42210396273,  32718740562,10
219805000,  40248954481,  42210396273,  32718740562,10
219815000,  40248954481,  42210396273,  32718740562,10
219905000,  40295295228,  42280822388,  32766091870,10
219915000,  40295295228,  42280822388,  32766091870,10
219925000,  40295295228,  42280822388,  32766091870,10
220015000,  40310887469,  42358999184,  32847483896,10
220025000,  40310887469,  42358999184,  32847483896,10
220035000,  40310887469,  42358999184,  32847483896,10
220125000,  40386267717,  42428756354,  32876360362,10
220135000,  40386267717,  42428756354,  32876360362,10
220145000,  40386267717,  42428756354,  32876360362,10
220275000,     65188826,     71554901,     71039263,10
220285000,     65188826,     71554901,     71039263,10
220295000,     65188826,     71554901,     71039263,10
220385000,    137002805,    149889257,    130251046,10
220395000,    137002805,    149889257,    130251046,10
220405000,    137002805,    149889257,    130251046,10
220495000,    201842986,    204787458,    186730556,10
220505000,    201842986,    204787458,    186730556,10
220515000,    201842986,    204787458,    186730556,10
220605000,    272491454,    284792313,    268641561,10
220615000,    272491454,    284792313,    268641561,10
220625000,    272491454,    284792313,    268641561,10
220715000,    348187004,    343551031,    342201174,10
220725000,    348187004,    343551031,    342201174,10
220735000,    348187004,    343551031,    342201174,10
220825000,    427137381,    402797728,    410797248,10
220835000,    427137381,    402797728,    410797248,10
220845000,    427137381,    402797728,    410797248,10
220935000,    502022021,    483380224,    457447718,10
220945000,    502022021,    483380224,    457447718,10
220955000,    502022021,    483380224,    457447718,10
221045000,    564375718,    524395077,    530839079,10
221055000,    564375718,    524395077,    530839079,10
221065000,    564375718,    524395077,    530839079,10
221155000,    622757994,    583480423,    611935095,10
221165000,    622757994,    583480423,    611935095,10
221175000,    622757994,    583480423,    611935095,10
221265000,    689276762,    621865217,    640611747,10
221275000,    689276762,    621865217,    640611747,10
221285000,    689276762,    621865217,    640611747,10
221375000,    747089812,    702066910,    721342385,10
221385000,    747089812,    702066910,    721342385,10
221395000,    747089812,    702066910,    721342385,10
221485000,    824443341,    780566953,    779954954,10
221495000,    824443341,    780566953,    779954954,10
221505000,    824443341,    780566953,    779954954,10
221595000,    896296293,    854203134,    855777244,10
221605000,    896296293,    854203134,    855777244,10
221615000,    896296293,    854203134,    855777244,10
221705000,    966405134,    913610818,    937968669,10
221715000,    966405134,    913610818,    937968669,10
221725000,    966405134,    913610818,    937968669,10
221815000,   5224938379,    993909675,   1002501903,10
221825000,   5224938379,    993909675,   1002501903,10
221835000,   5224938379,    993909675,   1002501903,10
221925000,   5302446409,   1042948396,   1082437007,10
221935000,   5302446409,   1042948396,   1082437007,10
221945000,   5302446409,   1042948396,   1082437007,10
222035000,   5382004719,   1124638428,   1153122110,10
222045000,   5382004719,   1124638428,   1153122110,10
222055000,   5382004719,   1124638428,   1153122110,10
222145000,   5407301952,   1191193479,   1219167861,10
222155000,   5407301952,   1191193479,   1219167861,10
222165000,   5407301952,   1191193479,   1219167861,10
222255000,   5451838121,   1273331992,   1292052410,10
222265000,   5451838121,   1273331992,   1292052410,10
222275000,   5451838121,   1273331992,   1292052410,10
222365000,   5506182415,   1327315326,   1373468159,10
222375000,   5506182415,   1327315326,   1373468159,10
222385000,   5506182415,   1327315326,   1373468159,10
222475000,   5574595805,   1405410529,   1435541286,10
222485000,   5574595805,   1405410529,   1435541286,10
222495000,   5574595805,   1405410529,   1435541286,10
222585000,   5651762397,   1467819165,   1511617825,10
222595000,   5651762397,   1467819165,   1511617825,10
222605000,   5651762397,   1467819165,   1511617825,10
222695000,   5717850822,   1530027777,   1558764337,10
222705000,   5717850822,   1530027777,   1558764337,10
222715000,   5717850822,   1530027777,   1558764337,10
222805000,   5770402450,   1593082069,   1627286495,10
222815000,   5770402450,   1593082069,   1627286495,10
222825000,   5770402450,   1593082069,   1627286495,10
222915000,   5805167314,   1674835150,   1700144365,10
222925000,   5805167314,   1674835150,   1700144365,10
222935000,   5805167314,   1674835150,   1700144365,10
223025000,   5884704958,   1750814301,   1774416725,10
223035000,   5884704958,   1750814301,   1774416725,10
223045000,   5884704958,   1750814301,   1774416725,10
223135000,   5947986001,   1832487016,   1836647391,10
223145000,   5947986001,   1832487016,   1836647391,10
223155000,   5947986001,   1832487016,   1836647391,10
223245000,   6025213487,   1911365299,   1919011565,10
223255000,   6025213487,   1911365299,   1919011565,10
223265000,   6025213487,   1911365299,   1919011565,10
223355000,   6095823025,   1991628572,   1998716274,10
223365000,   6095823025,   1991628572,   1998716274,10
223375000,   6095823025,   1991628572,   1998716274,10
223465000,   6175035999,   2067157742,   2077480822,10
223475000,   6175035999,   2067157742,   2077480822,10
223485000,   6175035999,   2067157742,   2077480822,10
223575000,   6250769768,   2114866775,   2158285855,10
223585000,   6250769768,   2114866775,   2158285855,10
223595000,   6250769768,   2114866775,   2158285855,10
223685000,   6324902606,   2198960917,   2229380959,10
223695000,   6324902606,   2198960917,   2229380959,10
223705000,   6324902606,   2198960917,   2229380959,10
223795000,   6385681047,   2265425065,   2267812422,10
223805000,   6385681047,   2265425065,   2267812422,10
223815000,   6385681047,   2265425065,   2267812422,10
223905000,   6404845362,   2345334693,   2335019401,10
223915000,   6404845362,   2345334693,   2335019401,10
223925000,   6404845362,   2345334693,   2335019401,10
224015000,   6463331740,   2396595335,   2416294951,10
224025000,   6463331740,   2396595335,   2416294951,10
224035000,   6463331740,   2396595335,   2416294951,10
224125000,   6535286270,   2479845949,   2497338357,10
224135000,   6535286270,   2479845949,   2497338357,10
224145000,   6535286270,   2479845949,   2497338357,10
224235000,   6614238869,   2537401022,   2552307586,10
224245000,   6614238869,   2537401022,   2552307586,10
224255000,   6614238869,   2537401022,   2552307586,10
224345000,   6687883992,   2615317270,   2630393922,10
224355000,   6687883992,   2615317270,   2630393922,10
224365000,   6687883992,   2615317270,   2630393922,10
224455000,   6750839879,   2689098815,   2665206823,10
224465000,   6750839879,   2689098815,   2665206823,10
224475000,   6750839879,   2689098815,   2665206823,10
224565000,   6820594992,   2716828113,   2739750842,10
224575000,   6820594992,   2716828113,   2739750842,10
224585000,   6820594992,   2716828113,   2739750842,10
224675000,   6889814323,   2777788660,   2817162461,10
224685000,   6889814323,   2777788660,   2817162461,10
224695000,   6889814323,   2777788660,   2817162461,10
224785000,   6932881174,   2860505207,   2897525011,10
224795000,   6932881174,   2860505207,   2897525011,10
224805000,   6932881174,   2860505207,   2897525011,10
224895000,   7002940336,   2942972477,   2975420600,10
224905000,   7002940336,   2942972477,   2975420600,10
224915000,   7002940336,   2942972477,   2975420600,10
225005000,   7075547245,   3015636634,   3046446374,10
225015000,   7075547245,   3015636634,   3046446374,10
225025000,   7075547245,   3015636634,   3046446374,10
225115000,   7152183683,   3014339571,   3125098912,10
225125000,   7152183683,   3014339571,   3125098912,10
225135000,   7152183683,   3014339571,   3125098912,10
225225000,   7216423135,   3098129789,   3200896563,10
225235000,   7216423135,   3098129789,   3200896563,10
225245000,   7216423135,   3098129789,   3200896563,10
225335000,   7285663296,   3172597250,   3232369877,10
225345000,   7285663296,   3172597250,   3232369877,10
225355000,   7285663296,   3172597250,   3232369877,10
225445000,   7362454092,   3230522954,   3293800861,10
225455000,   7362454092,   3230522954,   3293800861,10
225465000,   7362454092,   3230522954,   3293800861,10
225555000,   7386889835,   3312952258,   3354094596,10
225565000,   7386889835,   3312952258,   3354094596,10
225575000,   7386889835,   3312952258,   3354094596,10
225665000,   7463710078,   3361394702,   3409226160,10
225675000,   7463710078,   3361394702,   3409226160,10
225685000,   7463710078,   3361394702,   3409226160,10
225775000,   7516749593,   3398522124,   3479778645,10
225785000,   7516749593,   3398522124,   3479778645,10
225795000,   7516749593,   3398522124,   3479778645,10
225885000,   7591991306,   3468545418,   3543186781,10
225895000,   7591991306,   3468545418,   3543186781,10
225905000,   7591991306,   3468545418,   3543186781,10
225995000,   7653171631,   3514777849,   3562038417,10
226005000,   7653171631,   3514777849,   3562038417,10
226015000,   7653171631,   3514777849,   3562038417,10
226105000,   7711762809,   3596735123,   3603163791,10
226115000,   7711762809,   3596735123,   3603163791,10
226125000,   7711762809,   3596735123,   3603163791,10
226215000,   7790261818,   3650603816,   3683071019,10
226225000,   7790261818,   3650603816,   3683071019,10
226235000,   7790261818,   3650603816,   3683071019,10
226325000,   7865046452,   3691069657,   3751279408,10
226335000,   7865046452,   3691069657,   3751279408,10
226345000,   7865046452,   3691069657,   3751279408,10
226435000,   7928154848,   3761985940,   3813979129,10
226445000,   7928154848,   3761985940,   3813979129,10
226455000,   7928154848,   3761985940,   3813979129,10
226545000,   8003716841,   3837247370,   3868672019,10
226555000,   8003716841,   3837247370,   3868672019,10
226565000,   8003716841,   3837247370,   3868672019,10
226655000,   8058701341,   3917179295,   3937585067,10
226665000,   8058701341,   3917179295,   3937585067,10
226675000,   8058701341,   3917179295,   3937585067,10
226765000,   8112138159,   4001139026,   4007735826,10
226775000,   8112138159,   4001139026,   4007735826,10
226785000,   8112138159,   4001139026,   4007735826,10
226875000,   8181019294,   4081096831,   4067607574,10
226885000,   8181019294,   4081096831,   4067607574,10
226895000,   8181019294,   4081096831,   4067607574,10
226985000,   8255975096,   4163630541,   4148506637,10
226995000,   8255975096,   4163630541,   4148506637,10
227005000,   8255975096,   4163630541,   4148506637,10
227095000,   8331650412,   4192953528,   4201907340,10
227105000,   8331650412,   4192953528,   4201907340,10
227115000,   8331650412,   4192953528,   4201907340,10
227205000,   8396162592,   4267317877,   4276820403,10
227215000,   8396162592,   4267317877,   4276820403,10
227225000,   8396162592,   4267317877,   4276820403,10
227315000,   8461116846,   4276244419,   4343086882,10
227325000,   8461116846,   4276244419,   4343086882,10
227335000,   8461116846,   4276244419,   4343086882,10
227425000,   8540349552,   4348841820,   4424965038,10
227435000,   8540349552,   4348841820,   4424965038,10
227445000,   8540349552,   4348841820,   4424965038,10
227535000,   8610546038,   4415125253,   4494966866,10
227545000,   8610546038,   4415125253,   4494966866,10
227555000,   8610546038,   4415125253,   4494966866,10
227645000,   8662085275,   4498885100,   4560987650,10
227655000,   8662085275,   4498885100,   4560987650,10
227665000,   8662085275,   4498885100,   4560987650,10
227755000,   8705113333,   4567421695,   4621812185,10
227765000,   8705113333,   4567421695,   4621812185,10
227775000,   8705113333,   4567421695,   4621812185,10
227865000,   8770029549,   4648325181,   4696353548,10
227875000,   8770029549,   4648325181,   4696353548,10
227885000,   8770029549,   4648325181,   4696353548,10
227975000,   8844920359,   4703274431,   4773996250,10
227985000,   8844920359,   4703274431,   4773996250,10
227995000,   8844920359,   4703274431,   4773996250,10
228085000,   8918932514,   4775091101,   4847370496,10
228095000,   8918932514,   4775091101,   4847370496,10
228105000,   8918932514,   4775091101,   4847370496,10
228195000,   8977691939,   4844672607,   4889390485,10
228205000,   8977691939,   4844672607,   4889390485,10
228215000,   8977691939,   4844672607,   4889390485,10
228305000,   9036342579,   4920835295,   4958959997,10
228315000,   9036342579,   4920835295,   4958959997,10
228325000,   9036342579,   4920835295,   4958959997,10
228415000,   9083527001,   5001028211,   4993740598,10
228425000,   9083527001,   5001028211,   4993740598,10
228435000,   9083527001,   5001028211,   4993740598,10
228525000,   9151402333,   5074770217,   5067041290,10
228535000,   9151402333,   5074770217,   5067041290,10
228545000,   9151402333,   5074770217,   5067041290,10
228635000,   9222102854,   5140610938,   5145887138,10
228645000,   9222102854,   5140610938,   5145887138,10
228655000,   9222102854,   5140610938,   5145887138,10
228745000,   9299803370,   5196553818,   5215560826,10
228755000,   9299803370,   5196553818,   5215560826,10
228765000,   9299803370,   5196553818,   5215560826,10
228855000,   9358539953,   5273997507,   5291838949,10
228865000,   9358539953,   5273997507,   5291838949,10
228875000,   9358539953,   5273997507,   5291838949,10
228965000,   9434779040,   5334849473,   5364568612,10
228975000,   9434779040,   5334849473,   5364568612,10
228985000,   9434779040,   5334849473,   5364568612,10
229075000,   9493493219,   5416203315,   5415234270,10
229085000,   9493493219,   5416203315,   5415234270,10
229095000,   9493493219,   5416203315,   5415234270,10
229185000,   9542661621,   5494271902,   5490669263,10
229195000,   9542661621,   5494271902,   5490669263,10
229205000,   9542661621,   5494271902,   5490669263,10
229295000,   9619815903,   5550653846,   5547808896,10
229305000,   9619815903,   5550653846,   5547808896,10
229315000,   9619815903,   5550653846,   5547808896,10
229405000,   9661401516,   5630246333,   5601049750,10
229415000,   9661401516,   5630246333,   5601049750,10
229425000,   9661401516,   5630246333,   5601049750,10
229515000,   9719363699,   5709090772,   5671167066,10
229525000,   9719363699,   5709090772,   5671167066,10
229535000,   9719363699,   5709090772,   5671167066,10
229625000,   9774402947,   5788307770,   5732271244,10
229635000,   9774402947,   5788307770,   5732271244,10
229645000,   9774402947,   5788307770,   5732271244,10
229735000,   9840221086,   5864659102,   5746069643,10
229745000,   9840221086,   5864659102,   5746069643,10
229755000,   9840221086,   5864659102,   5746069643,10
229845000,   9918844308,   5930189156,   5812419572,10
229855000,   9918844308,   5930189156,   5812419572,10
229865000,   9918844308,   5930189156,   5812419572,10
229955000,   9944894289,   6000521783,   5848165956,10
229965000,   9944894289,   6000521783,   5848165956,10
229975000,   9944894289,   6000521783,   5848165956,10
230065000,   9999772156,   6068996106,   5893950817,10
230075000,   9999772156,   6068996106,   5893950817,10
230085000,   9999772156,   6068996106,   5893950817,10
230175000,  10016978472,   6134354606,   5974829029,10
230185000,  10016978472,   6134354606,   5974829029,10
230195000,  10016978472,   6134354606,   5974829029,10
230285000,  10078888295,   6214132466,   6050626360,10
230295000,  10078888295,   6214132466,   6050626360,10
230305000,  10078888295,   6214132466,   6050626360,10
230395000,  10133292308,   6294834126,   6126151838,10
230405000,  10133292308,   6294834126,   6126151838,10
230415000,  10133292308,   6294834126,   6126151838,10
230505000,  10202343458,   6363073487,   6175588591,10
230515000,  10202343458,   6363073487,   6175588591,10
230525000,  10202343458,   6363073487,   6175588591,10
230615000,  10270963065,   6425208869,   6244340868,10
230625000,  10270963065,   6425208869,   6244340868,10
230635000,  10270963065,   6425208869,   6244340868,10
230725000,  10327559066,   6465972636,   6313993026,10
230735000,  10327559066,   6465972636,   6313993026,10
230745000,  10327559066,   6465972636,   6313993026,10
230835000,  10399694707,   6497236500,   6379959594,10
230845000,  10399694707,   6497236500,   6379959594,10
230855000,  10399694707,   6497236500,   6379959594,10
230945000,  10465218770,   6578402006,   6414767316,10
230955000,  10465218770,   6578402006,   6414767316,10
230965000,  10465218770,   6578402006,   6414767316,10
231055000,  10540285114,   6625737006,   6495214446,10
231065000,  10540285114,   6625737006,   6495214446,10
231075000,  10540285114,   6625737006,   6495214446,10
231165000,  10595032804,   6683523967,   6561697790,10
231175000,  10595032804,   6683523967,   6561697790,10
231185000,  10595032804,   6683523967,   6561697790,10
231275000,  10671772886,   6721424831,   6635034150,10
231285000,  10671772886,   6721424831,   6635034150,10
231295000,  10671772886,   6721424831,   6635034150,10
231385000,  10737942606,   6796576491,   6714370621,10
231395000,  10737942606,   6796576491,   6714370621,10
231405000,  10737942606,   6796576491,   6714370621,10
231495000,  10810025622,   6877750667,   6770394684,10
231505000,  10810025622,   6877750667,   6770394684,10
231515000,  10810025622,   6877750667,   6770394684,10
231605000,  10872528334,   6947671986,   6829872806,10
231615000,  10872528334,   6947671986,   6829872806,10
231625000,  10872528334,   6947671986,   6829872806,10
231715000,  10945822674,   7007395280,   6865865151,10
231725000,  10945822674,   7007395280,   6865865151,10
231735000,  10945822674,   7007395280,   6865865151,10
231825000,  10995569007,   7089118309,   6899194483,10
231835000,  10995569007,   7089118309,   6899194483,10
231845000,  10995569007,   7089118309,   6899194483,10
231935000,  11069834982,   7158318143,   6980982882,10
231945000,  11069834982,   7158318143,   6980982882,10
231955000,  11069834982,   7158318143,   6980982882,10
232045000,  11132863629,   7242200372,   7060216296,10
232055000,  11132863629,   7242200372,   7060216296,10
232065000,  11132863629,   7242200372,   7060216296,10
232155000,  11207062148,   7326297027,   7097491944,10
232165000,  11207062148,   7326297027,   7097491944,10
232175000,  11207062148,   7326297027,   7097491944,10
232265000,  11275731862,   7403732999,   7179753807,10
232275000,  11275731862,   7403732999,   7179753807,10
232285000,  11275731862,   7403732999,   7179753807,10
232375000,  11349918818,   7486252933,   7255836505,10
232385000,  11349918818,   7486252933,   7255836505,10
232395000,  11349918818,   7486252933,   7255836505,10
232485000,  11421848090,   7556083056,   7319900015,10
232495000,  11421848090,   7556083056,   7319900015,10
232505000,  11421848090,   7556083056,   7319900015,10
232595000,  11481249305,   7569738098,   7390492495,10
232605000,  11481249305,   7569738098,   7390492495,10
232615000,  11481249305,   7569738098,   7390492495,10
232705000,  11556994485,   7647344499,   7459016086,10
232715000,  11556994485,   7647344499,   7459016086,10
232725000,  11556994485,   7647344499,   7459016086,10
232815000,  11615316605,   7731011220,   7534569032,10
232825000,  11615316605,   7731011220,   7534569032,10
232835000,  11615316605,   7731011220,   7534569032,10
232925000,  11677898571,   7786254198,   7607377600,10
232935000,  11677898571,   7786254198,   7607377600,10
232945000,  11677898571,   7786254198,   7607377600,10
233035000,  11735752127,   7860899634,   7681446572,10
233045000,  11735752127,   7860899634,   7681446572,10
233055000,  11735752127,   7860899634,   7681446572,10
233145000,  11795559883,   7944503565,   7670989397,10
233155000,  11795559883,   7944503565,   7670989397,10
233165000,  11795559883,   7944503565,   7670989397,10
233255000,  11833410632,   8017812874,   7726413436,10
233265000,  11833410632,   8017812874,   7726413436,10
233275000,  11833410632,   8017812874,   7726413436,10
233365000,  11905034353,   8047474512,   7800088400,10
233375000,  11905034353,   8047474512,   7800088400,10
233385000,  11905034353,   8047474512,   7800088400,10
233475000,  11970215590,   8125449488,   7843892684,10
233485000,  11970215590,   8125449488,   7843892684,10
233495000,  11970215590,   8125449488,   7843892684,10
233585000,  12034456179,   8205589333,   7921025709,10
233595000,  12034456179,   8205589333,   7921025709,10
233605000,  12034456179,   8205589333,   7921025709,10
233695000,  12071051279,   8287075526,   7983048930,10
233705000,  12071051279,   8287075526,   7983048930,10
233715000,  12071051279,   8287075526,   7983048930,10
233805000,  12129758308,   8370153223,   8053862264,10
233815000,  12129758308,   8370153223,   8053862264,10
233825000,  12129758308,   8370153223,   8053862264,10
233915000,  12201415181,   8436943583,  12337269413,10
233925000,  12201415181,   8436943583,  12337269413,10
233935000,  12201415181,   8436943583,  12337269413,10
234025000,  12259467293,   8488455770,  12378813658,10
234035000,  12259467293,   8488455770,  12378813658,10
234045000,  12259467293,   8488455770,  12378813658,10
234135000,  12266018325,   8563723530,  12461057419,10
234145000,  12266018325,   8563723530,  12461057419,10
234155000,  12266018325,   8563723530,  12461057419,10
234245000,  12325768442,   8629483860,  12541974589,10
234255000,  12325768442,   8629483860,  12541974589,10
234265000,  12325768442,   8629483860,  12541974589,10
234355000,  12397173858,   8713660958,  12590074017,10
234365000,  12397173858,   8713660958,  12590074017,10
234375000,  12397173858,   8713660958,  12590074017,10
234465000,  12465256383,   8797372337,  12654578491,10
234475000,  12465256383,   8797372337,  12654578491,10
234485000,  12465256383,   8797372337,  12654578491,10
234575000,  12543592519,   8874120842,  12716473931,10
234585000,  12543592519,   8874120842,  12716473931,10
234595000,  12543592519,   8874120842,  12716473931,10
234685000,  12576549724,   8927778659,  12793787342,10
234695000,  12576549724,   8927778659,  12793787342,10
234705000,  12576549724,   8927778659,  12793787342,10
234795000,  12649221734,   8985361021,  12875252341,10
234805000,  12649221734,   8985361021,  12875252341,10
234815000,  12649221734,   8985361021,  12875252341,10
234905000,  12709239002,   9042606912,  12946288760,10
234915000,  12709239002,   9042606912,  12946288760,10
234925000,  12709239002,   9042606912,  12946288760,10
235015000,  12783150505,   9097841326,  13018547482,10
235025000,  12783150505,   9097841326,  13018547482,10
235035000,  12783150505,   9097841326,  13018547482,10
235125000,  12844481947,   9176540085,  13096994001,10
235135000,  12844481947,   9176540085,  13096994001,10
235145000,  12844481947,   9176540085,  13096994001,10
235235000,  12921842106,   9257059235,  13166029881,10
235245000,  12921842106,   9257059235,  13166029881,10
235255000,  12921842106,   9257059235,  13166029881,10
235345000,  12971456140,   9293876281,  13239958254,10
235355000,  12971456140,   9293876281,  13239958254,10
235365000,  12971456140,   9293876281,  13239958254,10
235455000,  13043786534,   9373743943,  13314569475,10
235465000,  13043786534,   9373743943,  13314569475,10
235475000,  13043786534,   9373743943,  13314569475,10
235565000,  13099268167,   9447644260,  13390630520,10
235575000,  13099268167,   9447644260,  13390630520,10
235585000,  13099268167,   9447644260,  13390630520,10
235675000,  13175628569,   9504078809,  13383919047,10
235685000,  13175628569,   9504078809,  13383919047,10
235695000,  13175628569,   9504078809,  13383919047,10
235785000,  13251877859,   9557572911,  13453436874,10
235795000,  13251877859,   9557572911,  13453436874,10
235805000,  13251877859,   9557572911,  13453436874,10
235895000,  13319638814,   9597717937,  13532985762,10
235905000,  13319638814,   9597717937,  13532985762,10
235915000,  13319638814,   9597717937,  13532985762,10
236005000,  13397335564,   9675856586,  13576012049,10
236015000,  13397335564,   9675856586,  13576012049,10
236025000,  13397335564,   9675856586,  13576012049,10
236115000,  13472467174,   9728413755,  13658175232,10
236125000,  13472467174,   9728413755,  13658175232,10
236135000,  13472467174,   9728413755,  13658175232,10
236225000,  13520402332,   9794539940,  13739297752,10
236235000,  13520402332,   9794539940,  13739297752,10
236245000,  13520402332,   9794539940,  13739297752,10
236335000,  13595215347,   9862854922,  13813045452,10
236345000,  13595215347,   9862854922,  13813045452,10
236355000,  13595215347,   9862854922,  13813045452,10
236445000,  13670648786,   9936968817,  13894950289,10
236455000,  13670648786,   9936968817,  13894950289,10
236465000,  13670648786,   9936968817,  13894950289,10
236555000,  13742525692,   9989469983,  13949484236,10
236565000,  13742525692,   9989469983,  13949484236,10
236575000,  13742525692,   9989469983,  13949484236,10
236665000,  13812128715,  10060152388,  13989441849,10
236675000,  13812128715,  10060152388,  13989441849,10
236685000,  13812128715,  10060152388,  13989441849,10
236775000,  13868932066,  10125749516,  14069946555,10
236785000,  13868932066,  10125749516,  14069946555,10
236795000,  13868932066,  10125749516,  14069946555,10
236885000,  13946480884,  10169044081,  14125549879,10
236895000,  13946480884,  10169044081,  14125549879,10
236905000,  13946480884,  10169044081,  14125549879,10
236995000,  14024456833,  10246772156,  14203530471,10
237005000,  14024456833,  10246772156,  14203530471,10
237015000,  14024456833,  10246772156,  14203530471,10
237105000,  14103546845,  10315481745,  14284475071,10
237115000,  14103546845,  10315481745,  14284475071,10
237125000,  14103546845,  10315481745,  14284475071,10
237215000,  14175434276,  10338418178,  14354307904,10
237225000,  14175434276,  10338418178,  14354307904,10
237235000,  14175434276,  10338418178,  14354307904,10
237325000,  14245954430,  10377446094,  14430499489,10
237335000,  14245954430,  10377446094,  14430499489,10
237345000,  14245954430,  10377446094,  14430499489,10
237435000,  14295846084,  10454969743,  14478094234,10
237445000,  14295846084,  10454969743,  14478094234,10
237455000,  14295846084,  10454969743,  14478094234,10
237545000,  14366732749,  10536011834,  14558958542,10
237555000,  14366732749,  10536011834,  14558958542,10
237565000,  14366732749,  10536011834,  14558958542,10
237655000,  14436209372,  10613212537,  14637988679,10
237665000,  14436209372,  10613212537,  14637988679,10
237675000,  14436209372,  10613212537,  14637988679,10
237765000,  14457755741,  10695084293,  14691398185,10
237775000,  14457755741,  10695084293,  14691398185,10
237785000,  14457755741,  10695084293,  14691398185,10
237875000,  14524492250,  10778590325,  14764400372,10
237885000,  14524492250,  10778590325,  14764400372,10
237895000,  14524492250,  10778590325,  14764400372,10
237985000,  14568868863,  10862409195,  14816315496,10
237995000,  14568868863,  10862409195,  14816315496,10
238005000,  14568868863,  10862409195,  14816315496,10
238095000,  14631058278,  10937053527,  14889600637,10
238105000,  14631058278,  10937053527,  14889600637,10
238115000,  14631058278,  10937053527,  14889600637,10
238205000,  14690189097,  10997439896,  14948686613,10
238215000,  14690189097,  10997439896,  14948686613,10
238225000,  14690189097,  10997439896,  14948686613,10
238315000,  14762975950,  11077321964,  15019039022,10
238325000,  14762975950,  11077321964,  15019039022,10
238335000,  14762975950,  11077321964,  15019039022,10
238425000,  14841828335,  11141926981,  15100732412,10
238435000,  14841828335,  11141926981,  15100732412,10
238445000,  14841828335,  11141926981,  15100732412,10
238535000,  14911055611,  11183340849,  15133262378,10
238545000,  14911055611,  11183340849,  15133262378,10
238555000,  14911055611,  11183340849,  15133262378,10
238645000,  14955849918,  11264039925,  15202383707,10
238655000,  14955849918,  11264039925,  15202383707,10
238665000,  14955849918,  11264039925,  15202383707,10
238755000,  15026089665,  11344176025,  15280324789,10
238765000,  15026089665,  11344176025,  15280324789,10
238775000,  15026089665,  11344176025,  15280324789,10
238865000,  15076572412,  11421630297,  15336474548,10
238875000,  15076572412,  11421630297,  15336474548,10
238885000,  15076572412,  11421630297,  15336474548,10
238975000,  15089706590,  11467333039,  15412693129,10
238985000,  15089706590,  11467333039,  15412693129,10
238995000,  15089706590,  11467333039,  15412693129,10
239085000,  15155521390,  11531668153,  15481866304,10
239095000,  15155521390,  11531668153,  15481866304,10
239105000,  15155521390,  11531668153,  15481866304,10
239195000,  15232182380,  11604404333,  15545882459,10
239205000,  15232182380,  11604404333,  15545882459,10
239215000,  15232182380,  11604404333,  15545882459,10
239305000,  15307358158,  11688306078,  15591595763,10
239315000,  15307358158,  11688306078,  15591595763,10
239325000,  15307358158,  11688306078,  15591595763,10
239415000,  15370512686,  11770968140,  15671451468,10
239425000,  15370512686,  11770968140,  15671451468,10
239435000,  15370512686,  11770968140,  15671451468,10
239525000,  15441813634,  11805565102,  15753981675,10
239535000,  15441813634,  11805565102,  15753981675,10
239545000,  15441813634,  11805565102,  15753981675,10
239635000,  15515702348,  11876931846,  15792557942,10
239645000,  15515702348,  11876931846,  15792557942,10
239655000,  15515702348,  11876931846,  15792557942,10
239745000,  15585445737,  11939909674,  15818495134,10
239755000,  15585445737,  11939909674,  15818495134,10
239765000,  15585445737,  11939909674,  15818495134,10
239855000,  15660194785,  12020120751,  15891328430,10
239865000,  15660194785,  12020120751,  15891328430,10
239875000,  15660194785,  12020120751,  15891328430,10
239965000,  15731571463,  12099610580,  15931759804,10
239975000,  15731571463,  12099610580,  15931759804,10
239985000,  15731571463,  12099610580,  15931759804,10
240075000,  15792046480,  12179306164,  15994926809,10
240085000,  15792046480,  12179306164,  15994926809,10
240095000,  15792046480,  12179306164,  15994926809,10
240185000,  15847667530,  12245231300,  16069229080,10
240195000,  15847667530,  12245231300,  16069229080,10
240205000,  15847667530,  12245231300,  16069229080,10
240295000,  15903778026,  12319427115,  16115692071,10
240305000,  15903778026,  12319427115,  16115692071,10
240315000,  15903778026,  12319427115,  16115692071,10
240405000,  15946958323,  12383082850,  16196013749,10
240415000,  15946958323,  12383082850,  16196013749,10
240425000,  15946958323,  12383082850,  16196013749,10
240515000,  15992658961,  12443182590,  16275748764,10
240525000,  15992658961,  12443182590,  16275748764,10
240535000,  15992658961,  12443182590,  16275748764,10
240625000,  16042488312,  12499559507,  16357921027,10
240635000,  16042488312,  12499559507,  16357921027,10
240645000,  16042488312,  12499559507,  16357921027,10
240735000,  16085953862,  12581766767,  16405754854,10
240745000,  16085953862,  12581766767,  16405754854,10
240755000,  16085953862,  12581766767,  16405754854,10
240845000,  16140225880,  12665803685,  16439396536,10
240855000,  16140225880,  12665803685,  16439396536,10
240865000,  16140225880,  12665803685,  16439396536,10
240955000,  16205259961,  12749743064,  16513495273,10
240965000,  16205259961,  12749743064,  16513495273,10
240975000,  16205259961,  12749743064,  16513495273,10
241065000,  16260114998,  12816164300,  16592165172,10
241075000,  16260114998,  12816164300,  16592165172,10
241085000,  16260114998,  12816164300,  16592165172,10
241175000,  16338858810,  12892599900,  16661590101,10
241185000,  16338858810,  12892599900,  16661590101,10
241195000,  16338858810,  12892599900,  16661590101,10
241285000,  16390812886,  12935825613,  16721348309,10
241295000,  16390812886,  12935825613,  16721348309,10
241305000,  16390812886,  12935825613,  16721348309,10
241395000,  16467505657,  13018481371,  16801274588,10
241405000,  16467505657,  13018481371,  16801274588,10
241415000,  16467505657,  13018481371,  16801274588,10
241505000,  16489926128,  13095752023,  16837254452,10
241515000,  16489926128,  13095752023,  16837254452,10
241525000,  16489926128,  13095752023,  16837254452,10
241615000,  16553328542,  13161192697,  16912237754,10
241625000,  16553328542,  13161192697,  16912237754,10
241635000,  16553328542,  13161192697,  16912237754,10
241725000,  16630643300,  13218861910,  16983935316,10
241735000,  16630643300,  13218861910,  16983935316,10
241745000,  16630643300,  13218861910,  16983935316,10
241835000,  16702915526,  13293861117,  17063864937,10
241845000,  16702915526,  13293861117,  17063864937,10
241855000,  16702915526,  13293861117,  17063864937,10
241945000,  16773563413,  13315676075,  17072495852,10
241955000,  16773563413,  13315676075,  17072495852,10
241965000,  16773563413,  13315676075,  17072495852,10
242055000,  16848931935,  13376303229,  17154572235,10
242065000,  16848931935,  13376303229,  17154572235,10
242075000,  16848931935,  13376303229,  17154572235,10
242165000,  16926578122,  13455128001,  17228146360,10
242175000,  16926578122,  13455128001,  17228146360,10
242185000,  16926578122,  13455128001,  17228146360,10
242275000,  16994976177,  13501926486,  17309070193,10
242285000,  16994976177,  13501926486,  17309070193,10
242295000,  16994976177,  13501926486,  17309070193,10
242385000,  17045789404,  13585690450,  17385303730,10
242395000,  17045789404,  13585690450,  17385303730,10
242405000,  17045789404,  13585690450,  17385303730,10
242495000,  17102480417,  13665880262,  17464429285,10
242505000,  17102480417,  13665880262,  17464429285,10
242515000,  17102480417,  13665880262,  17464429285,10
242605000,  17142954311,  13716860280,  17535178069,10
242615000,  17142954311,  13716860280,  17535178069,10
242625000,  17142954311,  13716860280,  17535178069,10
242715000,  17201719805,  13745503335,  17590313369,10
242725000,  17201719805,  13745503335,  17590313369,10
242735000,  17201719805,  13745503335,  17590313369,10
242825000,  17269492380,  13792050249,  17671018007,10
242835000,  17269492380,  13792050249,  17671018007,10
242845000,  17269492380,  13792050249,  17671018007,10
242935000,  17298151040,  13820570319,  17743304402,10
242945000,  17298151040,  13820570319,  17743304402,10
242955000,  17298151040,  13820570319,  17743304402,10
243045000,  17368204155,  13885691678,  17823717632,10
243055000,  17368204155,  13885691678,  17823717632,10
243065000,  17368204155,  13885691678,  17823717632,10
243155000,  17441593875,  13909407506,  17897207145,10
243165000,  17441593875,  13909407506,  17897207145,10
243175000,  17441593875,  13909407506,  17897207145,10
243265000,  17479084232,  13981796930,  17978754033,10
243275000,  17479084232,  13981796930,  17978754033,10
243285000,  17479084232,  13981796930,  17978754033,10
243375000,  17557159802,  14031687179,  18023447988,10
243385000,  17557159802,  14031687179,  18023447988,10
243395000,  17557159802,  14031687179,  18023447988,10
243485000,  17610527816,  14103327882,  18102631214,10
243495000,  17610527816,  14103327882,  18102631214,10
243505000,  17610527816,  14103327882,  18102631214,10
243595000,  17680603815,  14187372113,  18182995055,10
243605000,  17680603815,  14187372113,  18182995055,10
243615000,  17680603815,  14187372113,  18182995055,10
243705000,  17704369111,  14269699427,  18255175413,10
243715000,  17704369111,  14269699427,  18255175413,10
243725000,  17704369111,  14269699427,  18255175413,10
243815000,  17782389567,  14349777143,  18335917524,10
243825000,  17782389567,  14349777143,  18335917524,10
243835000,  17782389567,  14349777143,  18335917524,10
243925000,  17855458101,  14433064479,  18400166748,10
243935000,  17855458101,  14433064479,  18400166748,10
243945000,  17855458101,  14433064479,  18400166748,10
244035000,  17932881563,  14516053576,  18480096757,10
244045000,  17932881563,  14516053576,  18480096757,10
244055000,  17932881563,  14516053576,  18480096757,10
244145000,  17996037870,  14572528675,  18548976042,10
244155000,  17996037870,  14572528675,  18548976042,10
244165000,  17996037870,  14572528675,  18548976042,10
244255000,  18046428732,  14653189858,  18612087215,10
244265000,  18046428732,  14653189858,  18612087215,10
244275000,  18046428732,  14653189858,  18612087215,10
244365000,  18120893707,  14728228268,  18657861147,10
244375000,  18120893707,  14728228268,  18657861147,10
244385000,  18120893707,  14728228268,  18657861147,10
244475000,  18198248606,  14789791461,  18716590192,10
244485000,  18198248606,  14789791461,  18716590192,10
244495000,  18198248606,  14789791461,  18716590192,10
244585000,  18272587033,  14826707404,  18774516565,10
244595000,  18272587033,  14826707404,  18774516565,10
244605000,  18272587033,  14826707404,  18774516565,10
244695000,  18334767821,  14891039744,  18843728186,10
244705000,  18334767821,  14891039744,  18843728186,10
244715000,  18334767821,  14891039744,  18843728186,10
244805000,  18404592872,  14946708381,  18912654598,10
244815000,  18404592872,  14946708381,  18912654598,10
244825000,  18404592872,  14946708381,  18912654598,10
244915000,  18444687622,  14981226460,  18966837827,10
244925000,  18444687622,  14981226460,  18966837827,10
244935000,  18444687622,  14981226460,  18966837827,10
245025000,  18508906332,  15055984935,  19006215831,10
245035000,  18508906332,  15055984935,  19006215831,10
245045000,  18508906332,  15055984935,  19006215831,10
245135000,  18584357608,  15138993146,  19055449412,10
245145000,  18584357608,  15138993146,  19055449412,10
245155000,  18584357608,  15138993146,  19055449412,10
245245000,  18640710812,  15218240193,  19105378963,10
245255000,  18640710812,  15218240193,  19105378963,10
245265000,  18640710812,  15218240193,  19105378963,10
245355000,  18718203816,  15293968041,  19180623830,10
245365000,  18718203816,  15293968041,  19180623830,10
245375000,  18718203816,  15293968041,  19180623830,10
245465000,  18780931699,  15377460083,  19257750260,10
245475000,  18780931699,  15377460083,  19257750260,10
245485000,  18780931699,  15377460083,  19257750260,10
245575000,  18824157011,  15448994356,  19338038607,10
245585000,  18824157011,  15448994356,  19338038607,10
245595000,  18824157011,  15448994356,  19338038607,10
245685000,  18896073512,  15530538612,  19395190415,10
245695000,  18896073512,  15530538612,  19395190415,10
245705000,  18896073512,  15530538612,  19395190415,10
245795000,  18966568268,  15605203075,  19448552527,10
245805000,  18966568268,  15605203075,  19448552527,10
245815000,  18966568268,  15605203075,  19448552527,10
245905000,  19030445683,  15687049258,  19516128656,10
245915000,  19030445683,  15687049258,  19516128656,10
245925000,  19030445683,  15687049258,  19516128656,10
246015000,  19100505086,  15764946845,  19591526593,10
246025000,  19100505086,  15764946845,  19591526593,10
246035000,  19100505086,  15764946845,  19591526593,10
246125000,  19133525014,  15848601884,  19659683958,10
246135000,  19133525014,  15848601884,  19659683958,10
246145000,  19133525014,  15848601884,  19659683958,10
246235000,  19212896831,  15922130013,  19737223997,10
246245000,  19212896831,  15922130013,  19737223997,10
246255000,  19212896831,  15922130013,  19737223997,10
246345000,  19291307237,  15990933548,  19801376286,10
246355000,  19291307237,  15990933548,  19801376286,10
246365000,  19291307237,  15990933548,  19801376286,10
246455000,  19353723931,  16067373126,  19876220629,10
246465000,  19353723931,  16067373126,  19876220629,10
246475000,  19353723931,  16067373126,  19876220629,10
246565000,  19425754835,  16123796529,  19956895546,10
246575000,  19425754835,  16123796529,  19956895546,10
246585000,  19425754835,  16123796529,  19956895546,10
246675000,  19485164743,  16184524164,  20027553326,10
246685000,  19485164743,  16184524164,  20027553326,10
246695000,  19485164743,  16184524164,  20027553326,10
246785000,  19563212085,  16256119079,  20105571832,10
246795000,  19563212085,  16256119079,  20105571832,10
246805000,  19563212085,  16256119079,  20105571832,10
246895000,  19601399273,  16327550822,  20166501204,10
246905000,  19601399273,  16327550822,  20166501204,10
246915000,  19601399273,  16327550822,  20166501204,10
247005000,  19674534591,  16398882082,  20236816382,10
247015000,  19674534591,  16398882082,  20236816382,10
247025000,  19674534591,  16398882082,  20236816382,10
247115000,  19743247000,  16456303528,  20287056172,10
247125000,  19743247000,  16456303528,  20287056172,10
247135000,  19743247000,  16456303528,  20287056172,10
247225000,  19813293919,  16512678059,  20356175444,10
247235000,  19813293919,  16512678059,  20356175444,10
247245000,  19813293919,  16512678059,  20356175444,10
247335000,  19885324337,  16584852929,  20435072608,10
247345000,  19885324337,  16584852929,  20435072608,10
247355000,  19885324337,  16584852929,  20435072608,10
247445000,  19912253480,  16652595250,  20502579317,10
247455000,  19912253480,  16652595250,  20502579317,10
247465000,  19912253480,  16652595250,  20502579317,10
247555000,  19971100620,  20932490516,  20566711311,10
247565000,  19971100620,  20932490516,  20566711311,10
247575000,  19971100620,  20932490516,  20566711311,10
247665000,  20030961322,  20997547677,  20628804662,10
247675000,  20030961322,  20997547677,  20628804662,10
247685000,  20030961322,  20997547677,  20628804662,10
247775000,  20102515676,  21042680542,  20709976544,10
247785000,  20102515676,  21042680542,  20709976544,10
247795000,  20102515676,  21042680542,  20709976544,10
247885000,  20144733178,  21103789407,  20775018657,10
247895000,  20144733178,  21103789407,  20775018657,10
247905000,  20144733178,  21103789407,  20775018657,10
247995000,  20200048694,  21186163868,  20854420837,10
248005000,  20200048694,  21186163868,  20854420837,10
248015000,  20200048694,  21186163868,  20854420837,10
248105000,  20272048530,  21232556177,  20928040929,10
248115000,  20272048530,  21232556177,  20928040929,10
248125000,  20272048530,  21232556177,  20928040929,10
248215000,  20335582545,  21315826105,  21008137029,10
248225000,  20335582545,  21315826105,  21008137029,10
248235000,  20335582545,  21315826105,  21008137029,10
248325000,  20398123308,  21333609723,  21090131801,10
248335000,  20398123308,  21333609723,  21090131801,10
248345000,  20398123308,  21333609723,  21090131801,10
248435000,  20465942716,  21406351314,  21143629058,10
248445000,  20465942716,  21406351314,  21143629058,10
248455000,  20465942716,  21406351314,  21143629058,10
248545000,  20498446474,  21484851518,  21194521528,10
248555000,  20498446474,  21484851518,  21194521528,10
248565000,  20498446474,  21484851518,  21194521528,10
248655000,  20575810739,  21565879457,  21246952227,10
248665000,  20575810739,  21565879457,  21246952227,10
248675000,  20575810739,  21565879457,  21246952227,10
248765000,  20649598737,  21622901356,  21327431750,10
248775000,  20649598737,  21622901356,  21327431750,10
248785000,  20649598737,  21622901356,  21327431750,10
248875000,  20718640266,  21697690120,  21388249754,10
248885000,  20718640266,  21697690120,  21388249754,10
248895000,  20718640266,  21697690120,  21388249754,10
248985000,  20780632568,  21774303870,  21469245280,10
248995000,  20780632568,  21774303870,  21469245280,10
249005000,  20780632568,  21774303870,  21469245280,10
249095000,  20821875655,  21832913522,  21546633074,10
249105000,  20821875655,  21832913522,  21546633074,10
249115000,  20821875655,  21832913522,  21546633074,10
249205000,  20900905871,  21899479551,  21628316161,10
249215000,  20900905871,  21899479551,  21628316161,10
249225000,  20900905871,  21899479551,  21628316161,10
249315000,  20963636324,  21958135096,  21662419500,10
249325000,  20963636324,  21958135096,  21662419500,10
249335000,  20963636324,  21958135096,  21662419500,10
249425000,  21021408891,  22040265455,  21730075288,10
249435000,  21021408891,  22040265455,  21730075288,10
249445000,  21021408891,  22040265455,  21730075288,10
249535000,  21087847568,  22120168167,  21807333760,10
249545000,  21087847568,  22120168167,  21807333760,10
249555000,  21087847568,  22120168167,  21807333760,10
249645000,  21163579397,  22191506345,  21886903553,10
249655000,  21163579397,  22191506345,  21886903553,10
249665000,  21163579397,  22191506345,  21886903553,10
249755000,  21240667236,  22269207739,  21960283353,10
249765000,  21240667236,  22269207739,  21960283353,10
249775000,  21240667236,  22269207739,  21960283353,10
249865000,  21314636232,  22351207618,  22025694822,10
249875000,  21314636232,  22351207618,  22025694822,10
249885000,  21314636232,  22351207618,  22025694822,10
249975000,  21389442292,  22401734999,  22094681552,10
249985000,  21389442292,  22401734999,  22094681552,10
249995000,  21389442292,  22401734999,  22094681552,10
250085000,  21444454782,  22484696797,  22152684130,10
250095000,  21444454782,  22484696797,  22152684130,10
250105000,  21444454782,  22484696797,  22152684130,10
250195000,  21489151661,  22552997187,  22231744834,10
250205000,  21489151661,  22552997187,  22231744834,10
250215000,  21489151661,  22552997187,  22231744834,10
250305000,  21510442808,  22634502395,  22312050363,10
250315000,  21510442808,  22634502395,  22312050363,10
250325000,  21510442808,  22634502395,  22312050363,10
250415000,  21537853296,  22710702248,  22372554501,10
250425000,  21537853296,  22710702248,  22372554501,10
250435000,  21537853296,  22710702248,  22372554501,10
250525000,  21602362066,  22777468922,  22453633279,10
250535000,  21602362066,  22777468922,  22453633279,10
250545000,  21602362066,  22777468922,  22453633279,10
250635000,  21661370651,  22853009783,  22498791978,10
250645000,  21661370651,  22853009783,  22498791978,10
250655000,  21661370651,  22853009783,  22498791978,10
250745000,  21740642624,  22917143808,  22581115412,10
250755000,  21740642624,  22917143808,  22581115412,10
250765000,  21740642624,  22917143808,  22581115412,10
250855000,  21803205596,  22975674956,  22655318640,10
250865000,  21803205596,  22975674956,  22655318640,10
250875000,  21803205596,  22975674956,  22655318640,10
250965000,  21860039129,  23049463401,  22718486084,10
250975000,  21860039129,  23049463401,  22718486084,10
250985000,  21860039129,  23049463401,  22718486084,10
251075000,  21892014764,  23127592118,  22764274093,10
251085000,  21892014764,  23127592118,  22764274093,10
251095000,  21892014764,  23127592118,  22764274093,10
251185000,  21957383538,  23191413557,  22820222258,10
251195000,  21957383538,  23191413557,  22820222258,10
251205000,  21957383538,  23191413557,  22820222258,10
251295000,  22021110212,  23269183662,  22875512916,10
251305000,  22021110212,  23269183662,  22875512916,10
251315000,  22021110212,  23269183662,  22875512916,10
251405000,  22085562706,  23339694031,  22950825925,10
251415000,  22085562706,  23339694031,  22950825925,10
251425000,  22085562706,  23339694031,  22950825925,10
251515000,  22163731470,  23422160367,  22996193727,10
251525000,  22163731470,  23422160367,  22996193727,10
251535000,  22163731470,  23422160367,  22996193727,10
251625000,  22236696829,  23490476567,  23074467566,10
251635000,  22236696829,  23490476567,  23074467566,10
251645000,  22236696829,  23490476567,  23074467566,10
251735000,  22308680233,  23490473311,  23122029884,10
251745000,  22308680233,  23490473311,  23122029884,10
251755000,  22308680233,  23490473311,  23122029884,10
251845000,  22373697171,  23572521226,  23187672862,10
251855000,  22373697171,  23572521226,  23187672862,10
251865000,  22373697171,  23572521226,  23187672862,10
251955000,  22433913310,  23572524940,  23244172014,10
251965000,  22433913310,  23572524940,  23244172014,10
251975000,  22433913310,  23572524940,  23244172014,10
252065000,  22508375431,  23642339123,  23322719731,10
252075000,  22508375431,  23642339123,  23322719731,10
252085000,  22508375431,  23642339123,  23322719731,10
252175000,  22576329702,  23720582905,  23378488502,10
252185000,  22576329702,  23720582905,  23378488502,10
252195000,  22576329702,  23720582905,  23378488502,10
252285000,  22652323818,  23788845676,  23410467212,10
252295000,  22652323818,  23788845676,  23410467212,10
252305000,  22652323818,  23788845676,  23410467212,10
252395000,  22699847625,  23830768331,  23487371024,10
252405000,  22699847625,  23830768331,  23487371024,10
252415000,  22699847625,  23830768331,  23487371024,10
252505000,  22751744325,  23909382437,  23555937723,10
252515000,  22751744325,  23909382437,  23555937723,10
252525000,  22751744325,  23909382437,  23555937723,10
252615000,  22813027373,  23986840089,  23629550085,10
252625000,  22813027373,  23986840089,  23629550085,10
252635000,  22813027373,  23986840089,  23629550085,10
252725000,  22890285358,  24060073658,  23702673995,10
252735000,  22890285358,  24060073658,  23702673995,10
252745000,  22890285358,  24060073658,  23702673995,10
252835000,  22965732698,  24118335565,  23759721873,10
252845000,  22965732698,  24118335565,  23759721873,10
252855000,  22965732698,  24118335565,  23759721873,10
252945000,  23045061495,  24196028615,  23840934718,10
252955000,  23045061495,  24196028615,  23840934718,10
252965000,  23045061495,  24196028615,  23840934718,10
253055000,  23103644372,  24274744500,  23876453563,10
253065000,  23103644372,  24274744500,  23876453563,10
253075000,  23103644372,  24274744500,  23876453563,10
253165000,  23183129990,  24352964394,  23944193853,10
253175000,  23183129990,  24352964394,  23944193853,10
253185000,  23183129990,  24352964394,  23944193853,10
253275000,  23261732671,  24375763160,  23969493362,10
253285000,  23261732671,  24375763160,  23969493362,10
253295000,  23261732671,  24375763160,  23969493362,10
253385000,  23324120167,  24433541354,  24039802279,10
253395000,  23324120167,  24433541354,  24039802279,10
253405000,  23324120167,  24433541354,  24039802279,10
253495000,  23331040587,  24516276631,  24084294550,10
253505000,  23331040587,  24516276631,  24084294550,10
253515000,  23331040587,  24516276631,  24084294550,10
253605000,  23395602246,  24596018255,  24129707837,10
253615000,  23395602246,  24596018255,  24129707837,10
253625000,  23395602246,  24596018255,  24129707837,10
253715000,  23443965989,  24679205403,  24211247647,10
253725000,  23443965989,  24679205403,  24211247647,10
253735000,  23443965989,  24679205403,  24211247647,10
253825000,  23522024511,  24746756638,  24291337962,10
253835000,  23522024511,  24746756638,  24291337962,10
253845000,  23522024511,  24746756638,  24291337962,10
253935000,  23559417109,  24817080815,  24336085127,10
253945000,  23559417109,  24817080815,  24336085127,10
253955000,  23559417109,  24817080815,  24336085127,10
254045000,  23634217233,  24871005200,  24417178785,10
254055000,  23634217233,  24871005200,  24417178785,10
254065000,  23634217233,  24871005200,  24417178785,10
254155000,  23707984518,  24942247006,  24462433116,10
254165000,  23707984518,  24942247006,  24462433116,10
254175000,  23707984518,  24942247006,  24462433116,10
254265000,  23770516307,  24991763839,  24540727779,10
254275000,  23770516307,  24991763839,  24540727779,10
254285000,  23770516307,  24991763839,  24540727779,10
254375000,  23847500035,  25051457100,  24614990156,10
254385000,  23847500035,  25051457100,  24614990156,10
254395000,  23847500035,  25051457100,  24614990156,10
254485000,  23905530378,  25117303282,  24689107175,10
254495000,  23905530378,  25117303282,  24689107175,10
254505000,  23905530378,  25117303282,  24689107175,10
254595000,  23977524493,  25163382354,  24741659453,10
254605000,  23977524493,  25163382354,  24741659453,10
254615000,  23977524493,  25163382354,  24741659453,10
254705000,  24011534079,  25247290013,  24788934247,10
254715000,  24011534079,  25247290013,  24788934247,10
254725000,  24011534079,  25247290013,  24788934247,10
254815000,  24084009348,  25325079207,  24863450986,10
254825000,  24084009348,  25325079207,  24863450986,10
254835000,  24084009348,  25325079207,  24863450986,10
254925000,  24119366799,  25366348206,  24897549255,10
254935000,  24119366799,  25366348206,  24897549255,10
254945000,  24119366799,  25366348206,  24897549255,10
255035000,  24167730787,  25444348356,  24959118169,10
255045000,  24167730787,  25444348356,  24959118169,10
255055000,  24167730787,  25444348356,  24959118169,10
255145000,  24237790238,  25527203587,  25003155332,10
255155000,  24237790238,  25527203587,  25003155332,10
255165000,  24237790238,  25527203587,  25003155332,10
255255000,  24317266601,  25524520899,  25072008984,10
255265000,  24317266601,  25524520899,  25072008984,10
255275000,  24317266601,  25524520899,  25072008984,10
255365000,  24392146543,  25606130455,  25150803428,10
255375000,  24392146543,  25606130455,  25150803428,10
255385000,  24392146543,  25606130455,  25150803428,10
255475000,  24464045478,  25680315175,  25230584453,10
255485000,  24464045478,  25680315175,  25230584453,10
255495000,  24464045478,  25680315175,  25230584453,10
255585000,  24532402103,  25759848389,  25301272516,10
255595000,  24532402103,  25759848389,  25301272516,10
255605000,  24532402103,  25759848389,  25301272516,10
255695000,  24556846244,  25828960576,  25379201162,10
255705000,  24556846244,  25828960576,  25379201162,10
255715000,  24556846244,  25828960576,  25379201162,10
255805000,  24635008689,  25889290744,  25454775372,10
255815000,  24635008689,  25889290744,  25454775372,10
255825000,  24635008689,  25889290744,  25454775372,10
255915000,  24692734008,  25940135628,  25521912946,10
255925000,  24692734008,  25940135628,  25521912946,10
255935000,  24692734008,  25940135628,  25521912946,10
256025000,  24748208381,  26021130079,  25602046575,10
256035000,  24748208381,  26021130079,  25602046575,10
256045000,  24748208381,  26021130079,  25602046575,10
256135000,  24822027829,  26097416791,  25656733394,10
256145000,  24822027829,  26097416791,  25656733394,10
256155000,  24822027829,  26097416791,  25656733394,10
256245000,  24882973235,  26163049876,  25737468657,10
256255000,  24882973235,  26163049876,  25737468657,10
256265000,  24882973235,  26163049876,  25737468657,10
256355000,  24962462523,  26239949784,  25783129234,10
256365000,  24962462523,  26239949784,  25783129234,10
256375000,  24962462523,  26239949784,  25783129234,10
256465000,  25038814609,  26314948126,  25862349346,10
256475000,  25038814609,  26314948126,  25862349346,10
256485000,  25038814609,  26314948126,  25862349346,10
256575000,  25105122779,  26392404314,  25944551616,10
256585000,  25105122779,  26392404314,  25944551616,10
256595000,  25105122779,  26392404314,  25944551616,10
256685000,  25176298858,  26468685766,  26022327798,10
256695000,  25176298858,  26468685766,  26022327798,10
256705000,  25176298858,  26468685766,  26022327798,10
256795000,  25244961280,  26533867428,  26103378054,10
256805000,  25244961280,  26533867428,  26103378054,10
256815000,  25244961280,  26533867428,  26103378054,10
256905000,  25310244442,  26595747683,  26166987251,10
256915000,  25310244442,  26595747683,  26166987251,10
256925000,  25310244442,  26595747683,  26166987251,10
257015000,  25366142240,  26667547844,  26229514383,10
257025000,  25366142240,  26667547844,  26229514383,10
257035000,  25366142240,  26667547844,  26229514383,10
257125000,  25426163405,  26670898926,  26290060414,10
257135000,  25426163405,  26670898926,  26290060414,10
257145000,  25426163405,  26670898926,  26290060414,10
257235000,  25500403136,  26742740905,  26356946946,10
257245000,  25500403136,  26742740905,  26356946946,10
257255000,  25500403136,  26742740905,  26356946946,10
257345000,  25574120154,  26782696330,  26429758179,10
257355000,  25574120154,  26782696330,  26429758179,10
257365000,  25574120154,  26782696330,  26429758179,10
257455000,  25653265599,  26852833651,  26481734688,10
257465000,  25653265599,  26852833651,  26481734688,10
257475000,  25653265599,  26852833651,  26481734688,10
257565000,  25724165544,  26934223438,  26562951468,10
257575000,  25724165544,  26934223438,  26562951468,10
257585000,  25724165544,  26934223438,  26562951468,10
257675000,  25775393956,  27000960981,  26617868052,10
257685000,  25775393956,  27000960981,  26617868052,10
257695000,  25775393956,  27000960981,  26617868052,10
257785000,  25812628542,  27077075461,  26658490515,10
257795000,  25812628542,  27077075461,  26658490515,10
257805000,  25812628542,  27077075461,  26658490515,10
257895000,  25822435806,  27156070798,  26718617526,10
257905000,  25822435806,  27156070798,  26718617526,10
257915000,  25822435806,  27156070798,  26718617526,10
258005000,  25899342916,  27224422808,  26769247067,10
258015000,  25899342916,  27224422808,  26769247067,10
258025000,  25899342916,  27224422808,  26769247067,10
258115000,  25975814923,  27299077558,  26843385151,10
258125000,  25975814923,  27299077558,  26843385151,10
258135000,  25975814923,  27299077558,  26843385151,10
258225000,  25985084104,  27350367268,  26913180878,10
258235000,  25985084104,  27350367268,  26913180878,10
258245000,  25985084104,  27350367268,  26913180878,10
258335000,  26056882695,  27431257266,  26991447163,10
258345000,  26056882695,  27431257266,  26991447163,10
258355000,  26056882695,  27431257266,  26991447163,10
258445000,  26108293374,  27479967021,  27043738199,10
258455000,  26108293374,  27479967021,  27043738199,10
258465000,  26108293374,  27479967021,  27043738199,10
258555000,  26179787046,  27562909267,  27109107766,10
258565000,  26179787046,  27562909267,  27109107766,10
258575000,  26179787046,  27562909267,  27109107766,10
258665000,  26223311987,  27640182974,  27171459160,10
258675000,  26223311987,  27640182974,  27171459160,10
258685000,  26223311987,  27640182974,  27171459160,10
258775000,  26301269658,  27708947685,  27230389805,10
258785000,  26301269658,  27708947685,  27230389805,10
258795000,  26301269658,  27708947685,  27230389805,10
258885000,  26368138742,  27784883900,  27290212227,10
258895000,  26368138742,  27784883900,  27290212227,10
258905000,  26368138742,  27784883900,  27290212227,10
258995000,  26433648982,  27856937056,  27330290799,10
259005000,  26433648982,  27856937056,  27330290799,10
259015000,  26433648982,  27856937056,  27330290799,10
259105000,  26510362454,  27892278971,  27411376430,10
259115000,  26510362454,  27892278971,  27411376430,10
259125000,  26510362454,  27892278971,  27411376430,10
259215000,  26504661599,  27975182840,  27493869945,10
259225000,  26504661599,  27975182840,  27493869945,10
259235000,  26504661599,  27975182840,  27493869945,10
259325000,  26566218821,  28057602088,  27564463588,10
259335000,  26566218821,  28057602088,  27564463588,10
259345000,  26566218821,  28057602088,  27564463588,10
259435000,  26641070634,  28136322146,  27630397372,10
259445000,  26641070634,  28136322146,  27630397372,10
259455000,  26641070634,  28136322146,  27630397372,10
259545000,  26703854620,  28209782925,  27671451777,10
259555000,  26703854620,  28209782925,  27671451777,10
259565000,  26703854620,  28209782925,  27671451777,10
259655000,  26776336107,  28274921002,  27736141361,10
259665000,  26776336107,  28274921002,  27736141361,10
259675000,  26776336107,  28274921002,  27736141361,10
259765000,  26841109227,  28333205483,  27818233232,10
259775000,  26841109227,  28333205483,  27818233232,10
259785000,  26841109227,  28333205483,  27818233232,10
259875000,  26902178579,  28401491675,  27899857544,10
259885000,  26902178579,  28401491675,  27899857544,10
259895000,  26902178579,  28401491675,  27899857544,10
259985000,  26928229118,  28479403333,  27973948025,10
259995000,  26928229118,  28479403333,  27973948025,10
260005000,  26928229118,  28479403333,  27973948025,10
260095000,  27004764225,  28559652002,  28045432264,10
260105000,  27004764225,  28559652002,  28045432264,10
260115000,  27004764225,  28559652002,  28045432264,10
260205000,  27071161385,  28632614784,  28096800990,10
260215000,  27071161385,  28632614784,  28096800990,10
260225000,  27071161385,  28632614784,  28096800990,10
260315000,  27142153886,  28707464726,  28167682044,10
260325000,  27142153886,  28707464726,  28167682044,10
260335000,  27142153886,  28707464726,  28167682044,10
260425000,  27219905174,  28785222477,  28248647421,10
260435000,  27219905174,  28785222477,  28248647421,10
260445000,  27219905174,  28785222477,  28248647421,10
260535000,  27281280803,  28861145186,  28300972939,10
260545000,  27281280803,  28861145186,  28300972939,10
260555000,  27281280803,  28861145186,  28300972939,10
260645000,  27333867341,  28912398433,  28366085605,10
260655000,  27333867341,  28912398433,  28366085605,10
260665000,  27333867341,  28912398433,  28366085605,10
260755000,  27397020786,  28975270841,  28429924518,10
260765000,  27397020786,  28975270841,  28429924518,10
260775000,  27397020786,  28975270841,  28429924518,10
260865000,  27450909075,  29059320764,  28510246346,10
260875000,  27450909075,  29059320764,  28510246346,10
260885000,  27450909075,  29059320764,  28510246346,10
260975000,  27525196720,  29140142038,  28588510473,10
260985000,  27525196720,  29140142038,  28588510473,10
260995000,  27525196720,  29140142038,  28588510473,10
261085000,  27600811798,  29212717448,  28667560459,10
261095000,  27600811798,  29212717448,  28667560459,10
261105000,  27600811798,  29212717448,  28667560459,10
261195000,  27659594171,  29285296129,  28741963281,10
261205000,  27659594171,  29285296129,  28741963281,10
261215000,  27659594171,  29285296129,  28741963281,10
261305000,  27721865803,  29369403780,  28820161206,10
261315000,  27721865803,  29369403780,  28820161206,10
261325000,  27721865803,  29369403780,  28820161206,10
261415000,  27797219466,  29442791620,  28869128782,10
261425000,  27797219466,  29442791620,  28869128782,10
261435000,  27797219466,  29442791620,  28869128782,10
261525000,  27864769653,  29493385189,  28946602994,10
261535000,  27864769653,  29493385189,  28946602994,10
261545000,  27864769653,  29493385189,  28946602994,10
261635000,  27944053305,  29576197782,  29028029947,10
261645000,  27944053305,  29576197782,  29028029947,10
261655000,  27944053305,  29576197782,  29028029947,10
261745000,  28020221795,  29612641098,  29035605861,10
261755000,  28020221795,  29612641098,  29035605861,10
261765000,  28020221795,  29612641098,  29035605861,10
261855000,  28099269495,  29665953180,  29107682648,10
261865000,  28099269495,  29665953180,  29107682648,10
261875000,  28099269495,  29665953180,  29107682648,10
261965000,  28169408756,  29740798982,  29187073609,10
261975000,  28169408756,  29740798982,  29187073609,10
261985000,  28169408756,  29740798982,  29187073609,10
262075000,  28247281520,  29808642483,  29215551962,10
262085000,  28247281520,  29808642483,  29215551962,10
262095000,  28247281520,  29808642483,  29215551962,10
262185000,  28320115705,  29882024112,  29272107445,10
262195000,  28320115705,  29882024112,  29272107445,10
262205000,  28320115705,  29882024112,  29272107445,10
262295000,  28388044821,  29894278031,  29341271699,10
262305000,  28388044821,  29894278031,  29341271699,10
262315000,  28388044821,  29894278031,  29341271699,10
262405000,  28460069115,  29966042905,  29390934818,10
262415000,  28460069115,  29966042905,  29390934818,10
262425000,  28460069115,  29966042905,  29390934818,10
262515000,  28537805922,  30047364281,  29471591914,10
262525000,  28537805922,  30047364281,  29471591914,10
262535000,  28537805922,  30047364281,  29471591914,10
262625000,  28615060456,  30122729215,  29530745694,10
262635000,  28615060456,  30122729215,  29530745694,10
262645000,  28615060456,  30122729215,  29530745694,10
262735000,  28689358480,  30150000244,  29569625853,10
262745000,  28689358480,  30150000244,  29569625853,10
262755000,  28689358480,  30150000244,  29569625853,10
262845000,  28757268036,  30231279062,  29629696987,10
262855000,  28757268036,  30231279062,  29629696987,10
262865000,  28757268036,  30231279062,  29629696987,10
262955000,  28822675983,  30288178440,  29704218892,10
262965000,  28822675983,  30288178440,  29704218892,10
262975000,  28822675983,  30288178440,  29704218892,10
263065000,  28893916240,  30366375259,  29776985975,10
263075000,  28893916240,  30366375259,  29776985975,10
263085000,  28893916240,  30366375259,  29776985975,10
263175000,  28966361303,  30431408974,  29783482260,10
263185000,  28966361303,  30431408974,  29783482260,10
263195000,  28966361303,  30431408974,  29783482260,10
263285000,  29043555467,  30477818270,  29814840350,10
263295000,  29043555467,  30477818270,  29814840350,10
263305000,  29043555467,  30477818270,  29814840350,10
263395000,  29111195490,  30558293192,  29885214201,10
263405000,  29111195490,  30558293192,  29885214201,10
263415000,  29111195490,  30558293192,  29885214201,10
263505000,  29187345757,  30626911056,  29951646206,10
263515000,  29187345757,  30626911056,  29951646206,10
263525000,  29187345757,  30626911056,  29951646206,10
263615000,  29250656796,  30703126541,  30028722747,10
263625000,  29250656796,  30703126541,  30028722747,10
263635000,  29250656796,  30703126541,  30028722747,10
263725000,  29329255044,  30778351279,  30094726124,10
263735000,  29329255044,  30778351279,  30094726124,10
263745000,  29329255044,  30778351279,  30094726124,10
263835000,  29382276862,  30837382957,  30160202417,10
263845000,  29382276862,  30837382957,  30160202417,10
263855000,  29382276862,  30837382957,  30160202417,10
263945000,  29399848315,  30902054648,  30232284330,10
263955000,  29399848315,  30902054648,  30232284330,10
263965000,  29399848315,  30902054648,  30232284330,10
264055000,  29477539529,  30981996715,  30259440041,10
264065000,  29477539529,  30981996715,  30259440041,10
264075000,  29477539529,  30981996715,  30259440041,10
264165000,  29544816664,  31045995667,  30298611370,10
264175000,  29544816664,  31045995667,  30298611370,10
264185000,  29544816664,  31045995667,  30298611370,10
264275000,  29623525477,  31090065716,  30361046895,10
264285000,  29623525477,  31090065716,  30361046895,10
264295000,  29623525477,  31090065716,  30361046895,10
264385000,  29678575169,  31173159282,  30435537540,10
264395000,  29678575169,  31173159282,  30435537540,10
264405000,  29678575169,  31173159282,  30435537540,10
264495000,  29734613158,  31256703683,  30505204934,10
264505000,  29734613158,  31256703683,  30505204934,10
264515000,  29734613158,  31256703683,  30505204934,10
264605000,  29807496540,  31327883377,  30541539845,10
264615000,  29807496540,  31327883377,  30541539845,10
264625000,  29807496540,  31327883377,  30541539845,10
264715000,  29887214483,  31398086117,  30622465427,10
264725000,  29887214483,  31398086117,  30622465427,10
264735000,  29887214483,  31398086117,  30622465427,10
264825000,  29931966924,  31456956518,  30694849050,10
264835000,  29931966924,  31456956518,  30694849050,10
264845000,  29931966924,  31456956518,  30694849050,10
264935000,  29976159600,  31535796679,  30774268313,10
264945000,  29976159600,  31535796679,  30774268313,10
264955000,  29976159600,  31535796679,  30774268313,10
265045000,  30051683562,  31575722580,  30830984217,10
265055000,  30051683562,  31575722580,  30830984217,10
265065000,  30051683562,  31575722580,  30830984217,10
265155000,  30113871501,  31659032584,  30909613671,10
265165000,  30113871501,  31659032584,  30909613671,10
265175000,  30113871501,  31659032584,  30909613671,10
265265000,  30172170112,  31740560342,  30986287442,10
265275000,  30172170112,  31740560342,  30986287442,10
265285000,  30172170112,  31740560342,  30986287442,10
265375000,  30237423082,  31817398111,  31063048401,10
265385000,  30237423082,  31817398111,  31063048401,10
265395000,  30237423082,  31817398111,  31063048401,10
265485000,  30313582142,  31890948164,  31120920372,10
265495000,  30313582142,  31890948164,  31120920372,10
265505000,  30313582142,  31890948164,  31120920372,10
265595000,  30384385242,  31971512108,  31194165398,10
265605000,  30384385242,  31971512108,  31194165398,10
265615000,  30384385242,  31971512108,  31194165398,10
265705000,  30407183534,  32050898542,  31275524713,10
265715000,  30407183534,  32050898542,  31275524713,10
265725000,  30407183534,  32050898542,  31275524713,10
265815000,  30479056562,  32131693062,  31357468575,10
265825000,  30479056562,  32131693062,  31357468575,10
265835000,  30479056562,  32131693062,  31357468575,10
265925000,  30510651487,  32190524096,  31423225993,10
265935000,  30510651487,  32190524096,  31423225993,10
265945000,  30510651487,  32190524096,  31423225993,10
266035000,  30569963038,  32237026007,  31500970651,10
266045000,  30569963038,  32237026007,  31500970651,10
266055000,  30569963038,  32237026007,  31500970651,10
266145000,  30591271807,  32297994994,  31557186574,10
266155000,  30591271807,  32297994994,  31557186574,10
266165000,  30591271807,  32297994994,  31557186574,10
266255000,  30646122996,  32374169028,  31637472920,10
266265000,  30646122996,  32374169028,  31637472920,10
266275000,  30646122996,  32374169028,  31637472920,10
266365000,  30710335387,  32455089447,  31718471355,10
266375000,  30710335387,  32455089447,  31718471355,10
266385000,  30710335387,  32455089447,  31718471355,10
266475000,  30754110877,  32482478985,  31786136333,10
266485000,  30754110877,  32482478985,  31786136333,10
266495000,  30754110877,  32482478985,  31786136333,10
266585000,  30833457727,  32542048152,  31854824425,10
266595000,  30833457727,  32542048152,  31854824425,10
266605000,  30833457727,  32542048152,  31854824425,10
266695000,  30911607104,  32623823146,  31934615627,10
266705000,  30911607104,  32623823146,  31934615627,10
266715000,  30911607104,  32623823146,  31934615627,10
266805000,  30983983590,  32703273664,  32016014826,10
266815000,  30983983590,  32703273664,  32016014826,10
266825000,  30983983590,  32703273664,  32016014826,10
266915000,  31053565584,  32730179822,  32097304880,10
266925000,  31053565584,  32730179822,  32097304880,10
266935000,  31053565584,  32730179822,  32097304880,10
267025000,  31133200961,  32809885433,  32179378069,10
267035000,  31133200961,  32809885433,  32179378069,10
267045000,  31133200961,  32809885433,  32179378069,10
267135000,  31209447871,  32848521342,  32255951835,10
267145000,  31209447871,  32848521342,  32255951835,10
267155000,  31209447871,  32848521342,  32255951835,10
267245000,  31271681487,  32928851461,  32337020398,10
267255000,  31271681487,  32928851461,  32337020398,10
267265000,  31271681487,  32928851461,  32337020398,10
267355000,  31300670115,  33010133023,  32413623909,10
267365000,  31300670115,  33010133023,  32413623909,10
267375000,  31300670115,  33010133023,  32413623909,10
267465000,  31368210108,  33088813962,  32483902637,10
267475000,  31368210108,  33088813962,  32483902637,10
267485000,  31368210108,  33088813962,  32483902637,10
267575000,  31436441350,  33164089533,  32530240487,10
267585000,  31436441350,  33164089533,  32530240487,10
267595000,  31436441350,  33164089533,  32530240487,10
267685000,  31508257820,  33238909053,  32611664814,10
267695000,  31508257820,  33238909053,  32611664814,10
267705000,  31508257820,  33238909053,  32611664814,10
267795000,  31579926555,  33317138110,  32686667082,10
267805000,  31579926555,  33317138110,  32686667082,10
267815000,  31579926555,  33317138110,  32686667082,10
267905000,  31658146317,  33388571103,  32765417560,10
267915000,  31658146317,  33388571103,  32765417560,10
267925000,  31658146317,  33388571103,  32765417560,10
268015000,  31678492039,  33466009715,  32817022827,10
268025000,  31678492039,  33466009715,  32817022827,10
268035000,  31678492039,  33466009715,  32817022827,10
268125000,  31731571348,  33546935397,  32893839049,10
268135000,  31731571348,  33546935397,  32893839049,10
268145000,  31731571348,  33546935397,  32893839049,10
268235000,  31777464770,  33611323425,  32971815105,10
268245000,  31777464770,  33611323425,  32971815105,10
268255000,  31777464770,  33611323425,  32971815105,10
268345000,  31851877921,  33681910996,  33033118903,10
268355000,  31851877921,  33681910996,  33033118903,10
268365000,  31851877921,  33681910996,  33033118903,10
268455000,  31918446163,  33751863648,  33094180574,10
268465000,  31918446163,  33751863648,  33094180574,10
268475000,  31918446163,  33751863648,  33094180574,10
268565000,  31976348099,  33824375556,  33167943055,10
268575000,  31976348099,  33824375556,  33167943055,10
268585000,  31976348099,  33824375556,  33167943055,10
268675000,  32055904231,  33897429917,  33222815456,10
268685000,  32055904231,  33897429917,  33222815456,10
268695000,  32055904231,  33897429917,  33222815456,10
268785000,  32111267995,  33902229083,  33304807880,10
268795000,  32111267995,  33902229083,  33304807880,10
268805000,  32111267995,  33902229083,  33304807880,10
268895000,  32136806216,  33968951378,  33344004697,10
268905000,  32136806216,  33968951378,  33344004697,10
268915000,  32136806216,  33968951378,  33344004697,10
269005000,  32207177118,  34040678440,  33417072200,10
269015000,  32207177118,  34040678440,  33417072200,10
269025000,  32207177118,  34040678440,  33417072200,10
269115000,  32275474591,  34123988783,  33440674640,10
269125000,  32275474591,  34123988783,  33440674640,10
269135000,  32275474591,  34123988783,  33440674640,10
269225000,  32348130910,  34207120589,  33501407043,10
269235000,  32348130910,  34207120589,  33501407043,10
269245000,  32348130910,  34207120589,  33501407043,10
269335000,  32404826651,  34288111245,  33572059522,10
269345000,  32404826651,  34288111245,  33572059522,10
269355000,  32404826651,  34288111245,  33572059522,10
269445000,  32468989170,  34354716683,  33633366317,10
269455000,  32468989170,  34354716683,  33633366317,10
269465000,  32468989170,  34354716683,  33633366317,10
269555000,  32512118058,  34429239056,  33674276734,10
269565000,  32512118058,  34429239056,  33674276734,10
269575000,  32512118058,  34429239056,  33674276734,10
269665000,  32588351126,  34489845268,  33733815595,10
269675000,  32588351126,  34489845268,  33733815595,10
269685000,  32588351126,  34489845268,  33733815595,10
269775000,  32650961512,  34571039737,  33803760017,10
269785000,  32650961512,  34571039737,  33803760017,10
269795000,  32650961512,  34571039737,  33803760017,10
269885000,  32717701752,  34600392566,  33874631741,10
269895000,  32717701752,  34600392566,  33874631741,10
269905000,  32717701752,  34600392566,  33874631741,10
269995000,  32794691791,  34683276982,  33956715613,10
270005000,  32794691791,  34683276982,  33956715613,10
270015000,  32794691791,  34683276982,  33956715613,10
270105000,  32869506503,  34764599562,  34039089080,10
270115000,  32869506503,  34764599562,  34039089080,10
270125000,  32869506503,  34764599562,  34039089080,10
270215000,  32927718904,  34840501436,  34103685934,10
270225000,  32927718904,  34840501436,  34103685934,10
270235000,  32927718904,  34840501436,  34103685934,10
270325000,  33007268810,  34921943017,  34183833510,10
270335000,  33007268810,  34921943017,  34183833510,10
270345000,  33007268810,  34921943017,  34183833510,10
270435000,  33052888301,  34995298251,  34250631284,10
270445000,  33052888301,  34995298251,  34250631284,10
270455000,  33052888301,  34995298251,  34250631284,10
270545000,  33075829377,  35064887183,  34314944495,10
270555000,  33075829377,  35064887183,  34314944495,10
270565000,  33075829377,  35064887183,  34314944495,10
270655000,  33140174672,  35143714866,  34375140989,10
270665000,  33140174672,  35143714866,  34375140989,10
270675000,  33140174672,  35143714866,  34375140989,10
270765000,  33205225414,  35225530241,  34455106550,10
270775000,  33205225414,  35225530241,  34455106550,10
270785000,  33205225414,  35225530241,  34455106550,10
270875000,  33261474466,  35279198082,  34526667843,10
270885000,  33261474466,  35279198082,  34526667843,10
270895000,  33261474466,  35279198082,  34526667843,10
270985000,  33337449588,  35328495330,  34595981458,10
270995000,  33337449588,  35328495330,  34595981458,10
271005000,  33337449588,  35328495330,  34595981458,10
271095000,  33391887761,  35406981314,  38874164282,10
271105000,  33391887761,  35406981314,  38874164282,10
271115000,  33391887761,  35406981314,  38874164282,10
271205000,  33465769746,  35480997232,  38938866623,10
271215000,  33465769746,  35480997232,  38938866623,10
271225000,  33465769746,  35480997232,  38938866623,10
271315000,  33544993756,  35559321402,  39000576198,10
271325000,  33544993756,  35559321402,  39000576198,10
271335000,  33544993756,  35559321402,  39000576198,10
271425000,  33624169061,  35634892151,  39065473641,10
271435000,  33624169061,  35634892151,  39065473641,10
271445000,  33624169061,  35634892151,  39065473641,10
271535000,  33672548332,  35704341319,  39115182137,10
271545000,  33672548332,  35704341319,  39115182137,10
271555000,  33672548332,  35704341319,  39115182137,10
271645000,  33745638897,  35754087578,  39186284537,10
271655000,  33745638897,  35754087578,  39186284537,10
271665000,  33745638897,  35754087578,  39186284537,10
271755000,  33809749602,  35817429810,  39256076169,10
271765000,  33809749602,  35817429810,  39256076169,10
271775000,  33809749602,  35817429810,  39256076169,10
271865000,  33884659300,  35876627471,  39329186175,10
271875000,  33884659300,  35876627471,  39329186175,10
271885000,  33884659300,  35876627471,  39329186175,10
271975000,  33953951154,  35944888557,  39410554686,10
271985000,  33953951154,  35944888557,  39410554686,10
271995000,  33953951154,  35944888557,  39410554686,10
272085000,  34013497318,  36010650421,  39486099867,10
272095000,  34013497318,  36010650421,  39486099867,10
272105000,  34013497318,  36010650421,  39486099867,10
272195000,  34088460003,  36087632896,  39561653907,10
272205000,  34088460003,  36087632896,  39561653907,10
272215000,  34088460003,  36087632896,  39561653907,10
272305000,  34131293509,  36166206276,  39640567791,10
272315000,  34131293509,  36166206276,  39640567791,10
272325000,  34131293509,  36166206276,  39640567791,10
272415000,  34178650089,  36250038933,  39718068229,10
272425000,  34178650089,  36250038933,  39718068229,10
272435000,  34178650089,  36250038933,  39718068229,10
272525000,  34251041363,  36333301726,  39798778046,10
272535000,  34251041363,  36333301726,  39798778046,10
272545000,  34251041363,  36333301726,  39798778046,10
272635000,  34328001022,  36413573975,  39859414137,10
272645000,  34328001022,  36413573975,  39859414137,10
272655000,  34328001022,  36413573975,  39859414137,10
272745000,  34400849685,  36486143801,  39900329081,10
272755000,  34400849685,  36486143801,  39900329081,10
272765000,  34400849685,  36486143801,  39900329081,10
272855000,  34467268496,  36538831596,  39979750740,10
272865000,  34467268496,  36538831596,  39979750740,10
272875000,  34467268496,  36538831596,  39979750740,10
272965000,  34539008289,  36614013710,  40061981291,10
272975000,  34539008289,  36614013710,  40061981291,10
272985000,  34539008289,  36614013710,  40061981291,10
273075000,  34601509015,  36690202573,  40116576272,10
273085000,  34601509015,  36690202573,  40116576272,10
273095000,  34601509015,  36690202573,  40116576272,10
273185000,  34675441080,  36758798719,  40176314257,10
273195000,  34675441080,  36758798719,  40176314257,10
273205000,  34675441080,  36758798719,  40176314257,10
273295000,  34713851069,  36803600524,  40251475760,10
273305000,  34713851069,  36803600524,  40251475760,10
273315000,  34713851069,  36803600524,  40251475760,10
273405000,  34789844446,  36868777767,  40330986951,10
273415000,  34789844446,  36868777767,  40330986951,10
273425000,  34789844446,  36868777767,  40330986951,10
273515000,  34859955416,  36942405567,  40381051344,10
273525000,  34859955416,  36942405567,  40381051344,10
273535000,  34859955416,  36942405567,  40381051344,10
273625000,  34885176175,  37016999891,  40458410042,10
273635000,  34885176175,  37016999891,  40458410042,10
273645000,  34885176175,  37016999891,  40458410042,10
273735000,  34962438336,  37097502212,  40531376146,10
273745000,  34962438336,  37097502212,  40531376146,10
273755000,  34962438336,  37097502212,  40531376146,10
273845000,  35040562510,  37179918668,  40607261740,10
273855000,  35040562510,  37179918668,  40607261740,10
273865000,  35040562510,  37179918668,  40607261740,10
273955000,  35107446465,  37244538328,  40680739695,10
273965000,  35107446465,  37244538328,  40680739695,10
273975000,  35107446465,  37244538328,  40680739695,10
274065000,  35167607011,  37317373093,  40744929377,10
274075000,  35167607011,  37317373093,  40744929377,10
274085000,  35167607011,  37317373093,  40744929377,10
274175000,  35242049730,  37390896949,  40820987113,10
274185000,  35242049730,  37390896949,  40820987113,10
274195000,  35242049730,  37390896949,  40820987113,10
274285000,  35313344159,  37439484049,  40872820831,10
274295000,  35313344159,  37439484049,  40872820831,10
274305000,  35313344159,  37439484049,  40872820831,10
274395000,  35391366509,  37517544822,  40926138481,10
274405000,  35391366509,  37517544822,  40926138481,10
274415000,  35391366509,  37517544822,  40926138481,10
274505000,  35448280194,  37579009031,  40995949504,10
274515000,  35448280194,  37579009031,  40995949504,10
274525000,  35448280194,  37579009031,  40995949504,10
274615000,  35506224007,  37647825850,  41054751736,10
274625000,  35506224007,  37647825850,  41054751736,10
274635000,  35506224007,  37647825850,  41054751736,10
274725000,  35578627704,  37717391781,  41123318204,10
274735000,  35578627704,  37717391781,  41123318204,10
274745000,  35578627704,  37717391781,  41123318204,10
274835000,  35652353354,  37769483482,  41189888311,10
274845000,  35652353354,  37769483482,  41189888311,10
274855000,  35652353354,  37769483482,  41189888311,10
274945000,  35701008683,  37834452283,  41265696394,10
274955000,  35701008683,  37834452283,  41265696394,10
274965000,  35701008683,  37834452283,  41265696394,10
275055000,  35780477649,  37918340371,  41347236178,10
275065000,  35780477649,  37918340371,  41347236178,10
275075000,  35780477649,  37918340371,  41347236178,10
275165000,  35845151464,  37963366994,  41425871096,10
275175000,  35845151464,  37963366994,  41425871096,10
275185000,  35845151464,  37963366994,  41425871096,10
275315000,     79400646,     77220775,     78882998,11
275325000,     79400646,     77220775,     78882998,11
275335000,     79400646,     77220775,     78882998,11
275425000,    150696630,    157906972,    160603427,11
275435000,    150696630,    157906972,    160603427,11
275445000,    150696630,    157906972,    160603427,11
275535000,    218618982,    182821732,    219209872,11
275545000,    218618982,    182821732,    219209872,11
275555000,    218618982,    182821732,    219209872,11
275645000,    291010124,    257984371,    298634946,11
275655000,    291010124,    257984371,    298634946,11
275665000,    291010124,    257984371,    298634946,11
275755000,    320199666,    339430025,    378739290,11
275765000,    320199666,    339430025,    378739290,11
275775000,    320199666,    339430025,    378739290,11
275865000,    396906062,    416088014,    456463625,11
275875000,    396906062,    416088014,    456463625,11
275885000,    396906062,    416088014,    456463625,11
275975000,    476013211,    471143880,    531843537,11
275985000,    476013211,    471143880,    531843537,11
275995000,    476013211,    471143880,    531843537,11
276085000,    533885172,    554387839,    602440159,11
276095000,    533885172,    554387839,    602440159,11
276105000,    533885172,    554387839,    602440159,11
276195000,    557340562,    629022534,    668246609,11
276205000,    557340562,    629022534,    668246609,11
276215000,    557340562,    629022534,    668246609,11
276305000,    626426271,    713282908,    745917915,11
276315000,    626426271,    713282908,    745917915,11
276325000,    626426271,    713282908,    745917915,11
276415000,    700507922,    786691964,    743575598,11
276425000,    700507922,    786691964,    743575598,11
276435000,    700507922,    786691964,    743575598,11
276525000,    708932014,    860567090,    800543006,11
276535000,    708932014,    860567090,    800543006,11
276545000,    708932014,    860567090,    800543006,11
276635000,    782561289,    916914306,    871582269,11
276645000,    782561289,    916914306,    871582269,11
276655000,    782561289,    916914306,    871582269,11
276745000,    861928222,    998593615,    938987626,11
276755000,    861928222,    998593615,    938987626,11
276765000,    861928222,    998593615,    938987626,11
276855000,    928978630,   1081864126,   1015108372,11
276865000,    928978630,   1081864126,   1015108372,11
276875000,    928978630,   1081864126,   1015108372,11
276965000,    999527529,   1136592556,   1089483124,11
276975000,    999527529,   1136592556,   1089483124,11
276985000,    999527529,   1136592556,   1089483124,11
277075000,   1061675465,   1190273232,   1163907839,11
277085000,   1061675465,   1190273232,   1163907839,11
277095000,   1061675465,   1190273232,   1163907839,11
277185000,   1132639237,   1269333540,   1181264392,11
277195000,   1132639237,   1269333540,   1181264392,11
277205000,   1132639237,   1269333540,   1181264392,11
277295000,   1172059697,   1352335535,   1257238803,11
277305000,   1172059697,   1352335535,   1257238803,11
277315000,   1172059697,   1352335535,   1257238803,11
277405000,   1250114569,   1394895394,   1326811879,11
277415000,   1250114569,   1394895394,   1326811879,11
277425000,   1250114569,   1394895394,   1326811879,11
277515000,   1310965122,   1467913085,   1364505350,11
277525000,   1310965122,   1467913085,   1364505350,11
277535000,   1310965122,   1467913085,   1364505350,11
277625000,   1341529585,   1551374446,   1409599413,11
277635000,   1341529585,   1551374446,   1409599413,11
277645000,   1341529585,   1551374446,   1409599413,11
277735000,   1399019839,   1633247560,   1464903134,11
277745000,   1399019839,   1633247560,   1464903134,11
277755000,   1399019839,   1633247560,   1464903134,11
277845000,   1475582278,   1711004448,   1546112434,11
277855000,   1475582278,   1711004448,   1546112434,11
277865000,   1475582278,   1711004448,   1546112434,11
277955000,   1553394891,   1795114133,   1587808445,11
277965000,   1553394891,   1795114133,   1587808445,11
277975000,   1553394891,   1795114133,   1587808445,11
278065000,   1596676685,   1866141894,   1668995824,11
278075000,   1596676685,   1866141894,   1668995824,11
278085000,   1596676685,   1866141894,   1668995824,11
278175000,   5850383426,   1930613804,   1726864026,11
278185000,   5850383426,   1930613804,   1726864026,11
278195000,   5850383426,   1930613804,   1726864026,11
278285000,   5891951811,   1998982498,   1804231265,11
278295000,   5891951811,   1998982498,   1804231265,11
278305000,   5891951811,   1998982498,   1804231265,11
278395000,   5939073788,   2077695508,   1882986809,11
278405000,   5939073788,   2077695508,   1882986809,11
278415000,   5939073788,   2077695508,   1882986809,11
278505000,   6011031803,   2139079101,   1963641614,11
278515000,   6011031803,   2139079101,   1963641614,11
278525000,   6011031803,   2139079101,   1963641614,11
278615000,   6089242187,   2193991341,   2033370919,11
278625000,   6089242187,   2193991341,   2033370919,11
278635000,   6089242187,   2193991341,   2033370919,11
278725000,   6161703476,   2250270791,   2104084789,11
278735000,   6161703476,   2250270791,   2104084789,11
278745000,   6161703476,   2250270791,   2104084789,11
278835000,   6237756502,   2309612034,   2181825576,11
278845000,   6237756502,   2309612034,   2181825576,11
278855000,   6237756502,   2309612034,   2181825576,11
278945000,   6312201273,   2386818482,   2260334279,11
278955000,   6312201273,   2386818482,   2260334279,11
278965000,   6312201273,   2386818482,   2260334279,11
279055000,   6385410915,   2415502699,   2307749232,11
279065000,   6385410915,   2415502699,   2307749232,11
279075000,   6385410915,   2415502699,   2307749232,11
279165000,   6454237852,   2492507584,   2388918694,11
279175000,   6454237852,   2492507584,   2388918694,11
279185000,   6454237852,   2492507584,   2388918694,11
279275000,   6519769965,   2572860308,   2465133945,11
279285000,   6519769965,   2572860308,   2465133945,11
279295000,   6519769965,   2572860308,   2465133945,11
279385000,   6597255930,   2653623917,   2542092927,11
279395000,   6597255930,   2653623917,   2542092927,11
279405000,   6597255930,   2653623917,   2542092927,11
279495000,   6671821722,   2730974343,   2615883773,11
279505000,   6671821722,   2730974343,   2615883773,11
279515000,   6671821722,   2730974343,   2615883773,11
279605000,   6750872345,   2779729742,   2686950856,11
279615000,   6750872345,   2779729742,   2686950856,11
279625000,   6750872345,   2779729742,   2686950856,11
279715000,   6828496206,   2854287512,   2769209205,11
279725000,   6828496206,   2854287512,   2769209205,11
279735000,   6828496206,   2854287512,   2769209205,11
279825000,  11098615198,   2933861231,   2845477299,11
279835000,  11098615198,   2933861231,   2845477299,11
279845000,  11098615198,   2933861231,   2845477299,11
279935000,  11174649308,   3002233163,   2864510877,11
279945000,  11174649308,   3002233163,   2864510877,11
279955000,  11174649308,   3002233163,   2864510877,11
280045000,  11206661375,   3057377732,   2916112598,11
280055000,  11206661375,   3057377732,   2916112598,11
280065000,  11206661375,   3057377732,   2916112598,11
280155000,  11281066185,   3137366818,   2973126694,11
280165000,  11281066185,   3137366818,   2973126694,11
280175000,  11281066185,   3137366818,   2973126694,11
280265000,  11290338544,   3206875515,   3046916306,11
280275000,  11290338544,   3206875515,   3046916306,11
280285000,  11290338544,   3206875515,   3046916306,11
280375000,  11362687892,   3282524523,   3129444341,11
280385000,  11362687892,   3282524523,   3129444341,11
280395000,  11362687892,   3282524523,   3129444341,11
280485000,  11432888601,   3357298693,   3192663837,11
280495000,  11432888601,   3357298693,   3192663837,11
280505000,  11432888601,   3357298693,   3192663837,11
280595000,  11486356931,   3439324329,   3266592963,11
280605000,  11486356931,   3439324329,   3266592963,11
280615000,  11486356931,   3439324329,   3266592963,11
280705000,  11562124223,   3469623109,   3332006311,11
280715000,  11562124223,   3469623109,   3332006311,11
280725000,  11562124223,   3469623109,   3332006311,11
280815000,  11626872371,   3545250960,   3398714439,11
280825000,  11626872371,   3545250960,   3398714439,11
280835000,  11626872371,   3545250960,   3398714439,11
280925000,  11689622092,   3626254474,   3467052353,11
280935000,  11689622092,   3626254474,   3467052353,11
280945000,  11689622092,   3626254474,   3467052353,11
281035000,  11764501925,   3705186694,   3536246610,11
281045000,  11764501925,   3705186694,   3536246610,11
281055000,  11764501925,   3705186694,   3536246610,11
281145000,  11843716994,   3734807036,   3617718727,11
281155000,  11843716994,   3734807036,   3617718727,11
281165000,  11843716994,   3734807036,   3617718727,11
281255000,  11917195454,   3799077680,   3681761174,11
281265000,  11917195454,   3799077680,   3681761174,11
281275000,  11917195454,   3799077680,   3681761174,11
281365000,  11983119065,   3870129711,   3734000686,11
281375000,  11983119065,   3870129711,   3734000686,11
281385000,  11983119065,   3870129711,   3734000686,11
281475000,  12051434094,   3936294786,   3775178038,11
281485000,  12051434094,   3936294786,   3775178038,11
281495000,  12051434094,   3936294786,   3775178038,11
281585000,  12122371980,   4012383047,   3857235212,11
281595000,  12122371980,   4012383047,   3857235212,11
281605000,  12122371980,   4012383047,   3857235212,11
281695000,  12180090460,   4074147441,   3909541015,11
281705000,  12180090460,   4074147441,   3909541015,11
281715000,  12180090460,   4074147441,   3909541015,11
281805000,  12224888541,   4152693437,   3987050428,11
281815000,  12224888541,   4152693437,   3987050428,11
281825000,  12224888541,   4152693437,   3987050428,11
281915000,  12302433549,   4233461890,   4067129394,11
281925000,  12302433549,   4233461890,   4067129394,11
281935000,  12302433549,   4233461890,   4067129394,11
282025000,  12371313471,   4261762577,   4147240985,11
282035000,  12371313471,   4261762577,   4147240985,11
282045000,  12371313471,   4261762577,   4147240985,11
282135000,  12448728902,   4343855183,   4206536773,11
282145000,  12448728902,   4343855183,   4206536773,11
282155000,  12448728902,   4343855183,   4206536773,11
282245000,  12523528149,   4413481880,   4288614664,11
282255000,  12523528149,   4413481880,   4288614664,11
282265000,  12523528149,   4413481880,   4288614664,11
282355000,  12598366016,   4468085994,   4368756757,11
282365000,  12598366016,   4468085994,   4368756757,11
282375000,  12598366016,   4468085994,   4368756757,11
282465000,  12652542363,   4538743937,   4435457678,11
282475000,  12652542363,   4538743937,   4435457678,11
282485000,  12652542363,   4538743937,   4435457678,11
282575000,  12712693592,   4598059787,   4515040347,11
282585000,  12712693592,   4598059787,   4515040347,11
282595000,  12712693592,   4598059787,   4515040347,11
282685000,  12785938801,   4676421709,   4582155695,11
282695000,  12785938801,   4676421709,   4582155695,11
282705000,  12785938801,   4676421709,   4582155695,11
282795000,  12856290585,   4738219657,   4662507232,11
282805000,  12856290585,   4738219657,   4662507232,11
282815000,  12856290585,   4738219657,   4662507232,11
282905000,  12917807216,   4775629960,   4740613702,11
282915000,  12917807216,   4775629960,   4740613702,11
282925000,  12917807216,   4775629960,   4740613702,11
283015000,  12979725784,   4856139659,   4814029643,11
283025000,  12979725784,   4856139659,   4814029643,11
283035000,  12979725784,   4856139659,   4814029643,11
283125000,  13057669367,   4924693228,   4894868705,11
283135000,  13057669367,   4924693228,   4894868705,11
283145000,  13057669367,   4924693228,   4894868705,11
283235000,  13134312329,   4971526154,   4974244990,11
283245000,  13134312329,   4971526154,   4974244990,11
283255000,  13134312329,   4971526154,   4974244990,11
283345000,  13202913550,   5031899219,   5036355713,11
283355000,  13202913550,   5031899219,   5036355713,11
283365000,  13202913550,   5031899219,   5036355713,11
283455000,  13275387904,   5097043581,   5113084240,11
283465000,  13275387904,   5097043581,   5113084240,11
283475000,  13275387904,   5097043581,   5113084240,11
283565000,  13333564618,   5172808022,   5188468140,11
283575000,  13333564618,   5172808022,   5188468140,11
283585000,  13333564618,   5172808022,   5188468140,11
283675000,  13330366046,   5256278463,   5229194345,11
283685000,  13330366046,   5256278463,   5229194345,11
283695000,  13330366046,   5256278463,   5229194345,11
283785000,  13410128888,   5323224222,   5302970709,11
283795000,  13410128888,   5323224222,   5302970709,11
283805000,  13410128888,   5323224222,   5302970709,11
283895000,  13460338313,   9607189066,   5383427405,11
283905000,  13460338313,   9607189066,   5383427405,11
283915000,  13460338313,   9607189066,   5383427405,11
284005000,  13535533823,   9686524825,   5449448189,11
284015000,  13535533823,   9686524825,   5449448189,11
284025000,  13535533823,   9686524825,   5449448189,11
284115000,  13606492107,   9754755508,   5480914802,11
284125000,  13606492107,   9754755508,   5480914802,11
284135000,  13606492107,   9754755508,   5480914802,11
284225000,  13686244294,   9811167498,   5541968032,11
284235000,  13686244294,   9811167498,   5541968032,11
284245000,  13686244294,   9811167498,   5541968032,11
284335000,  13762615554,   9869930919,   5559100755,11
284345000,  13762615554,   9869930919,   5559100755,11
284355000,  13762615554,   9869930919,   5559100755,11
284445000,  13836121233,   9889390522,   5605049986,11
284455000,  13836121233,   9889390522,   5605049986,11
284465000,  13836121233,   9889390522,   5605049986,11
284555000,  13900220809,   9966787288,   5684160931,11
284565000,  13900220809,   9966787288,   5684160931,11
284575000,  13900220809,   9966787288,   5684160931,11
284665000,  13940938939,   9999363602,   5755263249,11
284675000,  13940938939,   9999363602,   5755263249,11
284685000,  13940938939,   9999363602,   5755263249,11
284775000,  14019190522,  10079790007,   5836771207,11
284785000,  14019190522,  10079790007,   5836771207,11
284795000,  14019190522,  10079790007,   5836771207,11
284885000,  14097697633,  10162433575,   5904325364,11
284895000,  14097697633,  10162433575,   5904325364,11
284905000,  14097697633,  10162433575,   5904325364,11
284995000,  14172199708,  10232498820,   5983570267,11
285005000,  14172199708,  10232498820,   5983570267,11
285015000,  14172199708,  10232498820,   5983570267,11
285105000,  14239106999,  10298261263,   6044632422,11
285115000,  14239106999,  10298261263,   6044632422,11
285125000,  14239106999,  10298261263,   6044632422,11
285215000,  14289903510,  10369200619,   6120760987,11
285225000,  14289903510,  10369200619,   6120760987,11
285235000,  14289903510,  10369200619,   6120760987,11
285325000,  14336243571,  10412093558,   6193328050,11
285335000,  14336243571,  10412093558,   6193328050,11
285345000,  14336243571,  10412093558,   6193328050,11
285435000,  14395760506,  10480950082,   6275108068,11
285445000,  14395760506,  10480950082,   6275108068,11
285455000,  14395760506,  10480950082,   6275108068,11
285545000,  14473833046,  10554063269,   6357217814,11
285555000,  14473833046,  10554063269,   6357217814,11
285565000,  14473833046,  10554063269,   6357217814,11
285655000,  14544513308,  10614923087,   6439045841,11
285665000,  14544513308,  10614923087,   6439045841,11
285675000,  14544513308,  10614923087,   6439045841,11
285765000,  14622045516,  10693018380,   6516381311,11
285775000,  14622045516,  10693018380,   6516381311,11
285785000,  14622045516,  10693018380,   6516381311,11
285875000,  14693383299,  10751341463,   6586897194,11
285885000,  14693383299,  10751341463,   6586897194,11
285895000,  14693383299,  10751341463,   6586897194,11
285985000,  14768655917,  10832871072,   6664536012,11
285995000,  14768655917,  10832871072,   6664536012,11
286005000,  14768655917,  10832871072,   6664536012,11
286095000,  14828677501,  10902172446,   6717666041,11
286105000,  14828677501,  10902172446,   6717666041,11
286115000,  14828677501,  10902172446,   6717666041,11
286205000,  14852936038,  10951217699,   6794698121,11
286215000,  14852936038,  10951217699,   6794698121,11
286225000,  14852936038,  10951217699,   6794698121,11
286315000,  14924825617,  11023222729,   6858516682,11
286325000,  14924825617,  11023222729,   6858516682,11
286335000,  14924825617,  11023222729,   6858516682,11
286425000,  14968038129,  11089519486,   6903123044,11
286435000,  14968038129,  11089519486,   6903123044,11
286445000,  14968038129,  11089519486,   6903123044,11
286535000,  14984001119,  11162661966,   6960570368,11
286545000,  14984001119,  11162661966,   6960570368,11
286555000,  14984001119,  11162661966,   6960570368,11
286645000,  15037096484,  11231039155,   7039180311,11
286655000,  15037096484,  11231039155,   7039180311,11
286665000,  15037096484,  11231039155,   7039180311,11
286755000,  15094020082,  11313270594,   7114397364,11
286765000,  15094020082,  11313270594,   7114397364,11
286775000,  15094020082,  11313270594,   7114397364,11
286865000,  15151434372,  11386851756,   7194138783,11
286875000,  15151434372,  11386851756,   7194138783,11
286885000,  15151434372,  11386851756,   7194138783,11
286975000,  15218679052,  11439277959,   7273619777,11
286985000,  15218679052,  11439277959,   7273619777,11
286995000,  15218679052,  11439277959,   7273619777,11
287085000,  15292840704,  11510992236,   7354593739,11
287095000,  15292840704,  11510992236,   7354593739,11
287105000,  15292840704,  11510992236,   7354593739,11
287195000,  15366515825,  11539081146,   7411149437,11
287205000,  15366515825,  11539081146,   7411149437,11
287215000,  15366515825,  11539081146,   7411149437,11
287305000,  15437682209,  11623034601,   7466914503,11
287315000,  15437682209,  11623034601,   7466914503,11
287325000,  15437682209,  11623034601,   7466914503,11
287415000,  15506370876,  11690730729,   7532244655,11
287425000,  15506370876,  11690730729,   7532244655,11
287435000,  15506370876,  11690730729,   7532244655,11
287525000,  15568541707,  11769096939,   7614445824,11
287535000,  15568541707,  11769096939,   7614445824,11
287545000,  15568541707,  11769096939,   7614445824,11
287635000,  15628470679,  11775298965,   7653494942,11
287645000,  15628470679,  11775298965,   7653494942,11
287655000,  15628470679,  11775298965,   7653494942,11
287745000,  15661826413,  11856109767,   7730564863,11
287755000,  15661826413,  11856109767,   7730564863,11
287765000,  15661826413,  11856109767,   7730564863,11
287855000,  15741337474,  11939941743,   7762408146,11
287865000,  15741337474,  11939941743,   7762408146,11
287875000,  15741337474,  11939941743,   7762408146,11
287965000,  15819272642,  12012091331,   7843597280,11
287975000,  15819272642,  12012091331,   7843597280,11
287985000,  15819272642,  12012091331,   7843597280,11
288075000,  15879704326,  12095495671,   7921583699,11
288085000,  15879704326,  12095495671,   7921583699,11
288095000,  15879704326,  12095495671,   7921583699,11
288185000,  15940129473,  12171667607,   7983942218,11
288195000,  15940129473,  12171667607,   7983942218,11
288205000,  15940129473,  12171667607,   7983942218,11
288295000,  16007299587,  12210533406,   8046969645,11
288305000,  16007299587,  12210533406,   8046969645,11
288315000,  16007299587,  12210533406,   8046969645,11
288405000,  16056512892,  12293123605,   8124095834,11
288415000,  16056512892,  12293123605,   8124095834,11
288425000,  16056512892,  12293123605,   8124095834,11
288515000,  16116814172,  12372305192,   8203387372,11
288525000,  16116814172,  12372305192,   8203387372,11
288535000,  16116814172,  12372305192,   8203387372,11
288625000,  16196251989,  16650621740,   8285744974,11
288635000,  16196251989,  16650621740,   8285744974,11
288645000,  16196251989,  16650621740,   8285744974,11
288735000,  16274628522,  16717568103,   8355539164,11
288745000,  16274628522,  16717568103,   8355539164,11
288755000,  16274628522,  16717568103,   8355539164,11
288845000,  16347502520,  16746315797,   8423902496,11
288855000,  16347502520,  16746315797,   8423902496,11
288865000,  16347502520,  16746315797,   8423902496,11
288955000,  16407976985,  16784550723,   8473304681,11
288965000,  16407976985,  16784550723,   8473304681,11
288975000,  16407976985,  16784550723,   8473304681,11
289065000,  16483357715,  16868482902,   8527410225,11
289075000,  16483357715,  16868482902,   8527410225,11
289085000,  16483357715,  16868482902,   8527410225,11
289175000,  16555886685,  16926934490,   8606214360,11
289185000,  16555886685,  16926934490,   8606214360,11
289195000,  16555886685,  16926934490,   8606214360,11
289285000,  16595493992,  17000360797,   8686483706,11
289295000,  16595493992,  17000360797,   8686483706,11
289305000,  16595493992,  17000360797,   8686483706,11
289395000,  16661765259,  17080372773,   8715877331,11
289405000,  16661765259,  17080372773,   8715877331,11
289415000,  16661765259,  17080372773,   8715877331,11
289505000,  16718272177,  17163343853,   8760242494,11
289515000,  16718272177,  17163343853,   8760242494,11
289525000,  16718272177,  17163343853,   8760242494,11
289615000,  16764901573,  17242193205,   8794209056,11
289625000,  16764901573,  17242193205,   8794209056,11
289635000,  16764901573,  17242193205,   8794209056,11
289725000,  16837383185,  17322632440,   8842055843,11
289735000,  16837383185,  17322632440,   8842055843,11
289745000,  16837383185,  17322632440,   8842055843,11
289835000,  16916643051,  17384583752,   8882735032,11
289845000,  16916643051,  17384583752,   8882735032,11
289855000,  16916643051,  17384583752,   8882735032,11
289945000,  16989331068,  17459431201,   8923179187,11
289955000,  16989331068,  17459431201,   8923179187,11
289965000,  16989331068,  17459431201,   8923179187,11
290055000,  17062777487,  17525113373,   9004182836,11
290065000,  17062777487,  17525113373,   9004182836,11
290075000,  17062777487,  17525113373,   9004182836,11
290165000,  17142016061,  17580472290,   9084594471,11
290175000,  17142016061,  17580472290,   9084594471,11
290185000,  17142016061,  17580472290,   9084594471,11
290275000,  17209785109,  17659751708,   9133675824,11
290285000,  17209785109,  17659751708,   9133675824,11
290295000,  17209785109,  17659751708,   9133675824,11
290385000,  17283580729,  17742437160,   9208875794,11
290395000,  17283580729,  17742437160,   9208875794,11
290405000,  17283580729,  17742437160,   9208875794,11
290495000,  17348851983,  17823758112,   9274690362,11
290505000,  17348851983,  17823758112,   9274690362,11
290515000,  17348851983,  17823758112,   9274690362,11
290605000,  17413681202,  17878870206,   9283969383,11
290615000,  17413681202,  17878870206,   9283969383,11
290625000,  17413681202,  17878870206,   9283969383,11
290715000,  17468031661,  17890483944,   9355501487,11
290725000,  17468031661,  17890483944,   9355501487,11
290735000,  17468031661,  17890483944,   9355501487,11
290825000,  17500500692,  17939434641,   9419080172,11
290835000,  17500500692,  17939434641,   9419080172,11
290845000,  17500500692,  17939434641,   9419080172,11
290935000,  17565975797,  18011165514,   9461427479,11
290945000,  17565975797,  18011165514,   9461427479,11
290955000,  17565975797,  18011165514,   9461427479,11
291045000,  17578666715,  18094268912,   9534233715,11
291055000,  17578666715,  18094268912,   9534233715,11
291065000,  17578666715,  18094268912,   9534233715,11
291155000,  17631137324,  18173986376,   9615816266,11
291165000,  17631137324,  18173986376,   9615816266,11
291175000,  17631137324,  18173986376,   9615816266,11
291265000,  17702561810,  18229350558,   9642746404,11
291275000,  17702561810,  18229350558,   9642746404,11
291285000,  17702561810,  18229350558,   9642746404,11
291375000,  17759689928,  18311820612,   9701345070,11
291385000,  17759689928,  18311820612,   9701345070,11
291395000,  17759689928,  18311820612,   9701345070,11
291485000,  17838556449,  18376671203,   9781731571,11
291495000,  17838556449,  18376671203,   9781731571,11
291505000,  17838556449,  18376671203,   9781731571,11
291595000,  17916319768,  18454356951,   9862709709,11
291605000,  17916319768,  18454356951,   9862709709,11
291615000,  17916319768,  18454356951,   9862709709,11
291705000,  17986744768,  18521543841,   9913352485,11
291715000,  17986744768,  18521543841,   9913352485,11
291725000,  17986744768,  18521543841,   9913352485,11
291815000,  18057697079,  18563534402,   9989580075,11
291825000,  18057697079,  18563534402,   9989580075,11
291835000,  18057697079,  18563534402,   9989580075,11
291925000,  18135753270,  18647328195,  10066058041,11
291935000,  18135753270,  18647328195,  10066058041,11
291945000,  18135753270,  18647328195,  10066058041,11
292035000,  18210479833,  18729400242,  10147774059,11
292045000,  18210479833,  18729400242,  10147774059,11
292055000,  18210479833,  18729400242,  10147774059,11
292145000,  18276325273,  18774083697,  10229976756,11
292155000,  18276325273,  18774083697,  10229976756,11
292165000,  18276325273,  18774083697,  10229976756,11
292255000,  18330724908,  18853449988,  10290552180,11
292265000,  18330724908,  18853449988,  10290552180,11
292275000,  18330724908,  18853449988,  10290552180,11
292365000,  18409151019,  18915310860,  10361546519,11
292375000,  18409151019,  18915310860,  10361546519,11
292385000,  18409151019,  18915310860,  10361546519,11
292475000,  18486291773,  18985023664,  10417031661,11
292485000,  18486291773,  18985023664,  10417031661,11
292495000,  18486291773,  18985023664,  10417031661,11
292585000,  18524879274,  19053813538,  10492964019,11
292595000,  18524879274,  19053813538,  10492964019,11
292605000,  18524879274,  19053813538,  10492964019,11
292695000,  18604124215,  19135507229,  10570991044,11
292705000,  18604124215,  19135507229,  10570991044,11
292715000,  18604124215,  19135507229,  10570991044,11
292805000,  18670379447,  19201384594,  10600930028,11
292815000,  18670379447,  19201384594,  10600930028,11
292825000,  18670379447,  19201384594,  10600930028,11
292915000,  18748433841,  19279466295,  10662731521,11
292925000,  18748433841,  19279466295,  10662731521,11
292935000,  18748433841,  19279466295,  10662731521,11
293025000,  18813104700,  19349250803,  10722499605,11
293035000,  18813104700,  19349250803,  10722499605,11
293045000,  18813104700,  19349250803,  10722499605,11
293135000,  18885720294,  19417581405,  10783186837,11
293145000,  18885720294,  19417581405,  10783186837,11
293155000,  18885720294,  19417581405,  10783186837,11
293245000,  18963207958,  19495639043,  10865136980,11
293255000,  18963207958,  19495639043,  10865136980,11
293265000,  18963207958,  19495639043,  10865136980,11
293355000,  19035822236,  19578437762,  10937429472,11
293365000,  19035822236,  19578437762,  10937429472,11
293375000,  19035822236,  19578437762,  10937429472,11
293465000,  19111802730,  19651155680,  11018147350,11
293475000,  19111802730,  19651155680,  11018147350,11
293485000,  19111802730,  19651155680,  11018147350,11
293575000,  19159937929,  19727331684,  11099860515,11
293585000,  19159937929,  19727331684,  11099860515,11
293595000,  19159937929,  19727331684,  11099860515,11
293685000,  19238466919,  19807508916,  11177347949,11
293695000,  19238466919,  19807508916,  11177347949,11
293705000,  19238466919,  19807508916,  11177347949,11
293795000,  19316528370,  19890088554,  11252723859,11
293805000,  19316528370,  19890088554,  11252723859,11
293815000,  19316528370,  19890088554,  11252723859,11
293905000,  19368307217,  19969471579,  11332635880,11
293915000,  19368307217,  19969471579,  11332635880,11
293925000,  19368307217,  19969471579,  11332635880,11
294015000,  19426781183,  20042381027,  11401660329,11
294025000,  19426781183,  20042381027,  11401660329,11
294035000,  19426781183,  20042381027,  11401660329,11
294125000,  19498361506,  20123430443,  11477089150,11
294135000,  19498361506,  20123430443,  11477089150,11
294145000,  19498361506,  20123430443,  11477089150,11
294235000,  19571262597,  20189319712,  11534772679,11
294245000,  19571262597,  20189319712,  11534772679,11
294255000,  19571262597,  20189319712,  11534772679,11
294345000,  19624357616,  20259812676,  11612271951,11
294355000,  19624357616,  20259812676,  11612271951,11
294365000,  19624357616,  20259812676,  11612271951,11
294455000,  19676565845,  20344037686,  11687160668,11
294465000,  19676565845,  20344037686,  11687160668,11
294475000,  19676565845,  20344037686,  11687160668,11
294565000,  19752598048,  20395921747,  11757387442,11
294575000,  19752598048,  20395921747,  11757387442,11
294585000,  19752598048,  20395921747,  11757387442,11
294675000,  19823804548,  20470687579,  11831595167,11
294685000,  19823804548,  20470687579,  11831595167,11
294695000,  19823804548,  20470687579,  11831595167,11
294785000,  19852019459,  20549788833,  11900700518,11
294795000,  19852019459,  20549788833,  11900700518,11
294805000,  19852019459,  20549788833,  11900700518,11
294895000,  19921254447,  20590228266,  11937731207,11
294905000,  19921254447,  20590228266,  11937731207,11
294915000,  19921254447,  20590228266,  11937731207,11
295005000,  19997893651,  20655657903,  12002741587,11
295015000,  19997893651,  20655657903,  12002741587,11
295025000,  19997893651,  20655657903,  12002741587,11
295115000,  20055943549,  20739841526,  12085249583,11
295125000,  20055943549,  20739841526,  12085249583,11
295135000,  20055943549,  20739841526,  12085249583,11
295225000,  20121775556,  20823962525,  12163893505,11
295235000,  20121775556,  20823962525,  12163893505,11
295245000,  20121775556,  20823962525,  12163893505,11
295335000,  20177327950,  20904925014,  12241446688,11
295345000,  20177327950,  20904925014,  12241446688,11
295355000,  20177327950,  20904925014,  12241446688,11
295445000,  20230257244,  20984175792,  12318403635,11
295455000,  20230257244,  20984175792,  12318403635,11
295465000,  20230257244,  20984175792,  12318403635,11
295555000,  20293243632,  21032020515,  12337794217,11
295565000,  20293243632,  21032020515,  12337794217,11
295575000,  20293243632,  21032020515,  12337794217,11
295665000,  20370257253,  21107067495,  12419689367,11
295675000,  20370257253,  21107067495,  12419689367,11
295685000,  20370257253,  21107067495,  12419689367,11
295775000,  20435528576,  21184174496,  12501091587,11
295785000,  20435528576,  21184174496,  12501091587,11
295795000,  20435528576,  21184174496,  12501091587,11
295885000,  20498893731,  21267586079,  12582862970,11
295895000,  20498893731,  21267586079,  12582862970,11
295905000,  20498893731,  21267586079,  12582862970,11
295995000,  20578222015,  21347422035,  12652545762,11
296005000,  20578222015,  21347422035,  12652545762,11
296015000,  20578222015,  21347422035,  12652545762,11
296105000,  20621427433,  21427812589,  12734798167,11
296115000,  20621427433,  21427812589,  12734798167,11
296125000,  20621427433,  21427812589,  12734798167,11
296215000,  20680872744,  21508697499,  12810154822,11
296225000,  20680872744,  21508697499,  12810154822,11
296235000,  20680872744,  21508697499,  12810154822,11
296325000,  20757023330,  21589790822,  12882897742,11
296335000,  20757023330,  21589790822,  12882897742,11
296345000,  20757023330,  21589790822,  12882897742,11
296435000,  20826779369,  21661622576,  12957351423,11
296445000,  20826779369,  21661622576,  12957351423,11
296455000,  20826779369,  21661622576,  12957351423,11
296545000,  20901584137,  21720096901,  13035005770,11
296555000,  20901584137,  21720096901,  13035005770,11
296565000,  20901584137,  21720096901,  13035005770,11
296655000,  20976486984,  21779962845,  13093651367,11
296665000,  20976486984,  21779962845,  13093651367,11
296675000,  20976486984,  21779962845,  13093651367,11
296765000,  21044076883,  21862653404,  13170578783,11
296775000,  21044076883,  21862653404,  13170578783,11
296785000,  21044076883,  21862653404,  13170578783,11
296875000,  21118993067,  21920321713,  13245764848,11
296885000,  21118993067,  21920321713,  13245764848,11
296895000,  21118993067,  21920321713,  13245764848,11
296985000,  21184543755,  21980420752,  13314970024,11
296995000,  21184543755,  21980420752,  13314970024,11
297005000,  21184543755,  21980420752,  13314970024,11
297095000,  21257125805,  22003817754,  13383983202,11
297105000,  21257125805,  22003817754,  13383983202,11
297115000,  21257125805,  22003817754,  13383983202,11
297205000,  21318061899,  22087172388,  13465087037,11
297215000,  21318061899,  22087172388,  13465087037,11
297225000,  21318061899,  22087172388,  13465087037,11
297315000,  21396948004,  22158399632,  13537538439,11
297325000,  21396948004,  22158399632,  13537538439,11
297335000,  21396948004,  22158399632,  13537538439,11
297425000,  21459152231,  22241126303,  13603817969,11
297435000,  21459152231,  22241126303,  13603817969,11
297445000,  21459152231,  22241126303,  13603817969,11
297535000,  21520190972,  22291847580,  13665009819,11
297545000,  21520190972,  22291847580,  13665009819,11
297555000,  21520190972,  22291847580,  13665009819,11
297645000,  21590540678,  22359082366,  13721296657,11
297655000,  21590540678,  22359082366,  13721296657,11
297665000,  21590540678,  22359082366,  13721296657,11
297755000,  21659133562,  22434558978,  13800598051,11
297765000,  21659133562,  22434558978,  13800598051,11
297775000,  21659133562,  22434558978,  13800598051,11
297865000,  21724929925,  22505283059,  13859079079,11
297875000,  21724929925,  22505283059,  13859079079,11
297885000,  21724929925,  22505283059,  13859079079,11
297975000,  21804398412,  22568637254,  13940763753,11
297985000,  21804398412,  22568637254,  13940763753,11
297995000,  21804398412,  22568637254,  13940763753,11
298085000,  21883747773,  22633889519,  14013485791,11
298095000,  21883747773,  22633889519,  14013485791,11
298105000,  21883747773,  22633889519,  14013485791,11
298195000,  21948941557,  22712076444,  14094681958,11
298205000,  21948941557,  22712076444,  14094681958,11
298215000,  21948941557,  22712076444,  14094681958,11
298305000,  21943251765,  22772690987,  14159922030,11
298315000,  21943251765,  22772690987,  14159922030,11
298325000,  21943251765,  22772690987,  14159922030,11
298415000,  22009507055,  22852625140,  14237074748,11
298425000,  22009507055,  22852625140,  14237074748,11
298435000,  22009507055,  22852625140,  14237074748,11
298525000,  22081913555,  22917857505,  14252531459,11
298535000,  22081913555,  22917857505,  14252531459,11
298545000,  22081913555,  22917857505,  14252531459,11
298635000,  22153598540,  22994330137,  14332181410,11
298645000,  22153598540,  22994330137,  14332181410,11
298655000,  22153598540,  22994330137,  14332181410,11
298745000,  22193592469,  23078518337,  14405087965,11
298755000,  22193592469,  23078518337,  14405087965,11
298765000,  22193592469,  23078518337,  14405087965,11
298855000,  22247740600,  23162207072,  14484902620,11
298865000,  22247740600,  23162207072,  14484902620,11
298875000,  22247740600,  23162207072,  14484902620,11
298965000,  22313637873,  23232546220,  14563711896,11
298975000,  22313637873,  23232546220,  14563711896,11
298985000,  22313637873,  23232546220,  14563711896,11
299075000,  22389067899,  23291858148,  14620350639,11
299085000,  22389067899,  23291858148,  14620350639,11
299095000,  22389067899,  23291858148,  14620350639,11
299185000,  22456957506,  23361487951,  14678434701,11
299195000,  22456957506,  23361487951,  14678434701,11
299205000,  22456957506,  23361487951,  14678434701,11
299295000,  22527212032,  23425818757,  14751617465,11
299305000,  22527212032,  23425818757,  14751617465,11
299315000,  22527212032,  23425818757,  14751617465,11
299405000,  22604662688,  23501332771,  14826079246,11
299415000,  22604662688,  23501332771,  14826079246,11
299425000,  22604662688,  23501332771,  14826079246,11
299515000,  22655807828,  23581205524,  14894169598,11
299525000,  22655807828,  23581205524,  14894169598,11
299535000,  22655807828,  23581205524,  14894169598,11
299625000,  22706600315,  23637329593,  14950236687,11
299635000,  22706600315,  23637329593,  14950236687,11
299645000,  22706600315,  23637329593,  14950236687,11
299735000,  22774658240,  23717338731,  15006083741,11
299745000,  22774658240,  23717338731,  15006083741,11
299755000,  22774658240,  23717338731,  15006083741,11
299845000,  22853359233,  23785417364,  15057807491,11
299855000,  22853359233,  23785417364,  15057807491,11
299865000,  22853359233,  23785417364,  15057807491,11
299955000,  22900330157,  23855035855,  15132927913,11
299965000,  22900330157,  23855035855,  15132927913,11
299975000,  22900330157,  23855035855,  15132927913,11
